date,CH4_preprocessed,value_unc,qcflag
1991-01-06,1724.0900000000001,2.71,...
1991-01-13,1727.43,2.71,...
1991-01-20,1724.9975,2.71,...
1991-01-27,1727.43,2.71,...
1991-02-03,1728.335,2.71,...
1991-02-10,1727.43,2.71,...
1991-02-17,1727.43,2.71,...
1991-02-24,1739.58,2.71,...
1991-03-03,1739.58,2.71,...
1991-03-10,1748.25,2.71,...
1991-03-17,1745.325,2.71,...
1991-03-24,1745.325,2.71,...
1991-03-31,1758.555,2.71,...
1991-04-07,1745.325,2.71,...
1991-04-14,1745.325,2.71,...
1991-04-21,1745.325,2.71,...
1991-04-28,1745.325,2.71,...
1991-05-05,1752.04,2.71,...
1991-05-12,1752.585,2.71,...
1991-05-19,1752.04,2.71,...
1991-05-26,1752.04,2.71,...
1991-06-02,1744.185,2.71,...
1991-06-09,1750.515,2.71,...
1991-06-16,1736.065,2.71,...
1991-06-23,1732.59,2.71,...
1991-06-30,1732.59,2.71,...
1991-07-07,1729.005,2.71,...
1991-07-14,1731.2800000000002,2.71,...
1991-07-21,1733.6725000000001,2.7099999999999995,...
1991-07-28,1729.89,2.71,...
1991-08-04,1727.0125,2.71,...
1991-08-11,1725.3275,,
1991-08-18,1720.6125000000002,2.71,...
1991-08-25,1720.6125000000002,2.71,...
1991-09-01,1720.6125000000002,2.71,...
1991-09-08,1725.13,2.71,...
1991-09-15,1736.88,2.71,...
1991-09-22,1741.71,2.71,...
1991-09-29,1745.78,2.71,...
1991-10-06,1747.655,2.71,...
1991-10-13,1749.47,2.71,...
1991-10-20,1749.47,2.71,...
1991-10-27,1755.915,2.71,...
1991-11-03,1749.47,2.71,...
1991-11-10,1749.47,2.71,...
1991-11-17,1758.02,2.71,...
1991-11-24,1758.02,2.71,...
1991-12-01,1747.455,2.71,...
1991-12-08,1747.455,2.71,...
1991-12-15,1747.455,2.71,...
1991-12-22,1747.455,2.71,...
1991-12-29,1757.735,2.71,...
1992-01-05,1757.735,2.71,...
1992-01-12,1757.735,2.71,...
1992-01-19,1757.735,2.71,...
1992-01-26,1757.735,2.71,...
1992-02-02,1752.945,2.71,...
1992-02-09,1752.945,2.71,...
1992-02-16,1752.945,2.71,...
1992-02-23,1752.945,2.71,...
1992-03-01,1750.845,2.71,...
1992-03-08,1752.1799999999998,2.71,...
1992-03-15,1746.5974999999999,2.71,...
1992-03-22,1749.9250000000002,,
1992-03-29,1754.285,2.71,...
1992-04-05,1751.9,2.71,...
1992-04-12,1751.9,2.71,...
1992-04-19,1752.0300000000002,2.71,...
1992-04-26,1752.0300000000002,2.71,...
1992-05-03,1752.0300000000002,2.71,...
1992-05-10,1751.77,2.71,...
1992-05-17,1746.34,2.71,...
1992-05-24,1746.34,2.71,...
1992-05-31,1746.34,2.71,...
1992-06-07,1744.785,2.71,...
1992-06-14,1744.785,2.71,...
1992-06-21,1746.34,2.71,...
1992-06-28,1744.785,2.71,...
1992-07-05,1739.345,2.71,...
1992-07-12,1739.345,2.71,...
1992-07-19,1734.625,2.71,...
1992-07-26,1729.52,2.71,...
1992-08-02,1727.735,2.71,...
1992-08-09,1724.7024999999999,2.71,...
1992-08-16,1723.73,2.71,...
1992-08-23,1723.73,2.71,...
1992-08-30,1723.73,,
1992-09-06,1725.55,2.71,...
1992-09-13,1726.7624999999998,2.71,...
1992-09-20,1730.8274999999999,2.71,...
1992-09-27,1725.79,2.71,...
1992-10-04,1735.865,2.71,...
1992-10-11,1736.0500000000002,2.71,...
1992-10-18,1735.865,2.71,...
1992-10-25,1736.0500000000002,2.71,...
1992-11-01,1739.2225,2.71,...
1992-11-08,1749.4575,2.71,...
1992-11-15,1753.9725,2.71,...
1992-11-22,1763.57,,
1992-11-29,1753.9725,2.71,...
1992-12-06,1756.52,2.71,...
1992-12-13,1751.4250000000002,2.71,...
1992-12-20,1751.2250000000001,2.71,...
1992-12-27,1751.2250000000001,,
1993-01-03,1750.9225000000001,2.71,...
1993-01-10,1746.5475000000001,2.71,...
1993-01-17,1742.2525,2.71,...
1993-01-24,1742.275,2.71,...
1993-01-31,1742.23,2.71,...
1993-02-07,1740.84,2.71,...
1993-02-14,1740.84,2.71,...
1993-02-21,1742.23,2.71,...
1993-02-28,1743.81,2.71,...
1993-03-07,1743.81,2.71,...
1993-03-14,1740.44,2.71,...
1993-03-21,1740.44,2.71,...
1993-03-28,1750.5500000000002,2.71,...
1993-04-04,1750.5500000000002,2.71,...
1993-04-11,1749.585,2.71,...
1993-04-18,1748.395,2.71,...
1993-04-25,1749.585,2.71,...
1993-05-02,1750.5500000000002,2.71,...
1993-05-09,1753.53,2.71,...
1993-05-16,1753.53,2.71,...
1993-05-23,1749.585,2.71,...
1993-05-30,1748.395,2.71,...
1993-06-06,1747.165,2.71,...
1993-06-13,1747.165,2.71,...
1993-06-20,1745.86,2.71,...
1993-06-27,1742.2399999999998,2.71,...
1993-07-04,1742.2399999999998,2.71,...
1993-07-11,1731.14,2.71,...
1993-07-18,1727.315,2.71,...
1993-07-25,1726.995,2.71,...
1993-08-01,1726.995,2.71,...
1993-08-08,1727.315,2.71,...
1993-08-15,1727.99,2.71,...
1993-08-22,1731.14,2.71,...
1993-08-29,1732.9225000000001,2.71,...
1993-09-05,1733.5225,2.71,...
1993-09-12,1737.855,2.71,...
1993-09-19,1751.755,,
1993-09-26,1756.485,2.71,...
1993-10-03,1760.265,,
1993-10-10,1762.0749999999998,2.71,...
1993-10-17,1758.2624999999998,2.71,...
1993-10-24,1768.77,2.71,...
1993-10-31,1775.465,2.71,...
1993-11-07,1775.465,2.71,...
1993-11-14,1767.5500000000002,2.71,...
1993-11-21,1767.5500000000002,2.71,...
1993-11-28,1762.5300000000002,2.71,...
1993-12-05,1767.5500000000002,2.71,...
1993-12-12,1762.5300000000002,2.71,...
1993-12-19,1759.205,2.71,...
1993-12-26,1759.045,2.71,...
1994-01-02,1759.045,2.71,...
1994-01-09,1759.045,2.71,...
1994-01-16,1759.045,2.71,...
1994-01-23,1756.735,2.71,...
1994-01-30,1754.8000000000002,2.71,...
1994-02-06,1754.8000000000002,2.71,...
1994-02-13,1754.8000000000002,2.71,...
1994-02-20,1754.65,2.71,...
1994-02-27,1754.65,2.71,...
1994-03-06,1754.8000000000002,2.71,...
1994-03-13,1754.09,2.71,...
1994-03-20,1763.255,2.71,...
1994-03-27,1754.09,2.71,...
1994-04-03,1763.255,2.71,...
1994-04-10,1763.255,2.71,...
1994-04-17,1759.585,2.71,...
1994-04-24,1754.45,2.71,...
1994-05-01,1754.45,2.71,...
1994-05-08,1753.635,2.71,...
1994-05-15,1753.635,2.71,...
1994-05-22,1753.1,2.71,...
1994-05-29,1752.22,2.71,...
1994-06-05,1752.16,2.71,...
1994-06-12,1750.12,2.71,...
1994-06-19,1749.11,2.71,...
1994-06-26,1743.1325,2.71,...
1994-07-03,1740.41,2.71,...
1994-07-10,1738.43,2.71,...
1994-07-17,1738.13,2.71,...
1994-07-24,1733.76,2.71,...
1994-07-31,1733.76,2.71,...
1994-08-07,1733.76,2.71,...
1994-08-14,1733.76,2.71,...
1994-08-21,1734.92,2.71,...
1994-08-28,1735.73,2.71,...
1994-09-04,1741.9250000000002,2.71,...
1994-09-11,1753.0500000000002,2.71,...
1994-09-18,1755.55,2.71,...
1994-09-25,1766.73,2.71,...
1994-10-02,1767.655,2.71,...
1994-10-09,1769.91,2.71,...
1994-10-16,1769.91,2.71,...
1994-10-23,1769.91,2.71,...
1994-10-30,1769.91,2.71,...
1994-11-06,1786.2600000000002,2.71,...
1994-11-13,1786.2600000000002,2.71,...
1994-11-20,1786.2600000000002,2.71,...
1994-11-27,1780.69,2.71,...
1994-12-04,1783.4750000000001,2.71,...
1994-12-11,1778.6775,2.71,...
1994-12-18,1783.74,2.71,...
1994-12-25,1778.6775,,
1995-01-01,1778.6775,2.71,...
1995-01-08,1769.095,2.71,...
1995-01-15,1756.0525,2.71,...
1995-01-22,1761.525,2.71,...
1995-01-29,1750.58,2.71,...
1995-02-05,1750.58,2.71,...
1995-02-12,1750.58,2.71,...
1995-02-19,1764.06,2.71,...
1995-02-26,1764.06,2.71,...
1995-03-05,1764.06,2.71,...
1995-03-12,1764.06,2.71,...
1995-03-19,1766.64,2.71,...
1995-03-26,1764.11,2.71,...
1995-04-02,1764.06,2.71,...
1995-04-09,1764.11,2.71,...
1995-04-16,1764.11,2.71,...
1995-04-23,1764.11,2.71,...
1995-04-30,1759.975,2.71,...
1995-05-07,1759.975,2.71,...
1995-05-14,1759.975,2.71,...
1995-05-21,1762.185,2.71,...
1995-05-28,1759.975,2.71,...
1995-06-04,1762.185,2.71,...
1995-06-11,1762.185,2.71,...
1995-06-18,1762.185,2.71,...
1995-06-25,1748.84,2.71,...
1995-07-02,1748.84,2.71,...
1995-07-09,1748.255,2.71,...
1995-07-16,1746.79,2.71,...
1995-07-23,1746.79,2.71,...
1995-07-30,1746.79,2.71,...
1995-08-06,1753.565,2.71,...
1995-08-13,1755.2199999999998,2.71,...
1995-08-20,1755.2199999999998,2.71,...
1995-08-27,1755.2199999999998,2.71,...
1995-09-03,1755.2199999999998,2.71,...
1995-09-10,1759.915,2.71,...
1995-09-17,1759.915,2.71,...
1995-09-24,1772.215,2.71,...
1995-10-01,1772.34,2.71,...
1995-10-08,1772.34,2.71,...
1995-10-15,1772.34,2.71,...
1995-10-22,1776.185,2.71,...
1995-10-29,1776.185,2.71,...
1995-11-05,1776.185,2.71,...
1995-11-12,1769.4250000000002,2.71,...
1995-11-19,1765.8000000000002,2.71,...
1995-11-26,1769.4250000000002,2.71,...
1995-12-03,1769.8000000000002,2.71,...
1995-12-10,1769.4250000000002,2.71,...
1995-12-17,1769.8000000000002,2.71,...
1995-12-24,1769.8000000000002,,
1995-12-31,1767.9875000000002,,
1996-01-07,1770.1750000000002,,
1996-01-14,1759.265,2.71,...
1996-01-21,1766.2200000000003,2.71,...
1996-01-28,1759.265,,
1996-02-04,1766.2200000000003,2.71,...
1996-02-11,1766.2200000000003,2.71,...
1996-02-18,1774.515,2.71,...
1996-02-25,1773.1750000000002,2.71,...
1996-03-03,1775.855,2.71,...
1996-03-10,1775.855,2.71,...
1996-03-17,1775.855,2.71,...
1996-03-24,1761.48,2.71,...
1996-03-31,1760.8049999999998,2.71,...
1996-04-07,1760.085,2.71,...
1996-04-14,1760.085,2.71,...
1996-04-21,1760.085,2.71,...
1996-04-28,1760.8049999999998,2.71,...
1996-05-05,1760.8049999999998,2.71,...
1996-05-12,1760.085,2.71,...
1996-05-19,1755.06,2.71,...
1996-05-26,1753.64,2.71,...
1996-06-02,1755.06,2.71,...
1996-06-09,1753.64,2.71,...
1996-06-16,1751.995,2.71,...
1996-06-23,1751.995,2.71,...
1996-06-30,1753.21,2.71,...
1996-07-07,1751.995,2.71,...
1996-07-14,1753.21,2.71,...
1996-07-21,1750.78,2.71,...
1996-07-28,1750.78,2.71,...
1996-08-04,1741.59,2.71,...
1996-08-11,1738.35,2.71,...
1996-08-18,1738.35,2.71,...
1996-08-25,1741.59,2.71,...
1996-09-01,1741.59,2.71,...
1996-09-08,1759.4499999999998,2.71,...
1996-09-15,1759.4499999999998,2.71,...
1996-09-22,1772.47,2.71,...
1996-09-29,1772.47,2.71,...
1996-10-06,1778.56,2.71,...
1996-10-13,1778.56,2.71,...
1996-10-20,1773.995,2.71,...
1996-10-27,1766.905,2.71,...
1996-11-03,1773.995,2.71,...
1996-11-10,1773.995,2.71,...
1996-11-17,1776.0700000000002,2.71,...
1996-11-24,1776.0700000000002,2.71,...
1996-12-01,1777.3,2.71,...
1996-12-08,1777.3899999999999,2.71,...
1996-12-15,1777.3899999999999,2.71,...
1996-12-22,1777.3899999999999,2.71,...
1996-12-29,1775.8025,,
1997-01-05,1775.8025,2.71,...
1997-01-12,1768.1375,2.71,...
1997-01-19,1764.275,2.71,...
1997-01-26,1766.4,2.71,...
1997-02-02,1772.965,2.71,...
1997-02-09,1772.965,2.71,...
1997-02-16,1772.965,2.71,...
1997-02-23,1766.4,2.71,...
1997-03-02,1772.965,2.71,...
1997-03-09,1774.995,2.71,...
1997-03-16,1777.42,2.71,...
1997-03-23,1778.09,2.71,...
1997-03-30,1780.485,2.71,...
1997-04-06,1780.485,2.71,...
1997-04-13,1780.485,2.71,...
1997-04-20,1782.665,2.71,...
1997-04-27,1784.875,2.71,...
1997-05-04,1782.665,2.71,...
1997-05-11,1777.83,2.055,...
1997-05-18,1777.83,2.055,...
1997-05-25,1782.665,2.055,...
1997-06-01,1782.665,1.7275,...
1997-06-08,1764.862,1.924,...
1997-06-15,1764.862,2.055,...
1997-06-22,1764.862,2.055,...
1997-06-29,1764.862,1.924,...
1997-07-06,1760.3325,1.924,...
1997-07-13,1756.0175,2.055,...
1997-07-20,1751.3275,2.055,...
1997-07-27,1741.385,2.055,...
1997-08-03,1741.385,1.4,...
1997-08-10,1751.3275,1.4,...
1997-08-17,1760.235,1.4,...
1997-08-24,1760.235,1.4,...
1997-08-31,1761.53375,1.4,...
1997-09-07,1766.5245833333333,1.4,...
1997-09-14,1770.2745833333333,1.3999999999999997,...
1997-09-21,1770.2745833333333,,
1997-09-28,1773.7570833333332,1.4,...
1997-10-05,1784.86875,1.4,...
1997-10-12,1787.4925,1.4,...
1997-10-19,1784.125,1.4,...
1997-10-26,1782.545,1.4,...
1997-11-02,1784.125,1.4,...
1997-11-09,1784.125,1.4,...
1997-11-16,1784.125,1.4,...
1997-11-23,1784.125,1.4,...
1997-11-30,1785.125,1.4,...
1997-12-07,1785.80125,1.4,...
1997-12-14,1785.80125,1.4,...
1997-12-21,1782.9175,1.4,...
1997-12-28,1779.7875,,
1998-01-04,1771.6925,1.4,...
1998-01-11,1771.6925,1.3999999999999997,...
1998-01-18,1771.6925,1.4,...
1998-01-25,1768.935,1.4,...
1998-02-01,1767.7033333333336,1.4,...
1998-02-08,1763.67,1.4,...
1998-02-15,1763.67,1.4,...
1998-02-22,1761.6825,1.4,...
1998-03-01,1761.6825,1.4,...
1998-03-08,1761.6825,1.4,...
1998-03-15,1779.6775,1.4,...
1998-03-22,1780.29,1.4,...
1998-03-29,1780.29,1.4,...
1998-04-05,1779.6775,1.4,...
1998-04-12,1780.29,1.4,...
1998-04-19,1779.6775,1.4,...
1998-04-26,1779.3025,1.4,...
1998-05-03,1779.3025,1.4,...
1998-05-10,1779.3025,1.4,...
1998-05-17,1780.2075,1.4,...
1998-05-24,1781.0625,1.4,...
1998-05-31,1780.2075,1.4,...
1998-06-07,1780.2075,1.4,...
1998-06-14,1780.2075,1.4,...
1998-06-21,1778.4975,1.4,...
1998-06-28,1775.375,1.4,...
1998-07-05,1767.5025,1.4,...
1998-07-12,1766.655,1.4,...
1998-07-19,1760.215,1.3999999999999997,...
1998-07-26,1755.8733333333332,1.4,...
1998-08-02,1755.8733333333332,1.4,...
1998-08-09,1760.215,1.4,...
1998-08-16,1760.215,1.4,...
1998-08-23,1760.215,1.4,...
1998-08-30,1763.16,1.4,...
1998-09-06,1763.485,1.4,...
1998-09-13,1766.14,1.4,...
1998-09-20,1767.205,1.4,...
1998-09-27,1781.22,1.4,...
1998-10-04,1783.5625,1.4,...
1998-10-11,1785.3525,1.4,...
1998-10-18,1787.44,1.4,...
1998-10-25,1787.44,1.4,...
1998-11-01,1791.9725,1.3999999999999997,...
1998-11-08,1795.41,1.4,...
1998-11-15,1797.2925,1.4,...
1998-11-22,1797.2925,1.4,...
1998-11-29,1799.115,1.4,...
1998-12-06,1803.1075,1.4,...
1998-12-13,1803.1075,1.4,...
1998-12-20,1803.1075,1.4,...
1998-12-27,1803.1075,1.4,...
1999-01-03,1793.0225,1.4,...
1999-01-10,1793.0225,1.4,...
1999-01-17,1793.0225,1.4,...
1999-01-24,1793.0225,1.4,...
1999-01-31,1793.0225,1.4,...
1999-02-07,1793.0225,1.4,...
1999-02-14,1789.735,1.4,...
1999-02-21,1796.8025,1.4,...
1999-02-28,1787.615,1.4,...
1999-03-07,1787.615,1.4,...
1999-03-14,1787.615,1.4,...
1999-03-21,1788.475,1.4,...
1999-03-28,1799.7175,1.4,...
1999-04-04,1799.7175,1.4,...
1999-04-11,1788.475,1.4,...
1999-04-18,1788.475,1.4,...
1999-04-25,1788.37,1.4,...
1999-05-02,1773.365,1.4,...
1999-05-09,1770.9475,1.4,...
1999-05-16,1770.9475,1.4,...
1999-05-23,1770.9475,1.4,...
1999-05-30,1770.9475,1.4,...
1999-06-06,1770.9475,1.4,...
1999-06-13,1770.9475,1.4,...
1999-06-20,1770.9475,1.4,...
1999-06-27,1765.91,1.4,...
1999-07-04,1765.91,1.4,...
1999-07-11,1767.52625,1.4,...
1999-07-18,1767.52625,1.4,...
1999-07-25,1765.12,1.4,...
1999-08-01,1763.8075,,
1999-08-08,1763.8075,1.4,...
1999-08-15,1765.7475,1.3999999999999997,...
1999-08-22,1765.7475,1.4,...
1999-08-29,1767.165,1.4,...
1999-09-05,1776.4675,1.4,...
1999-09-12,1788.8075,1.4,...
1999-09-19,1788.8075,1.4,...
1999-09-26,1796.95,1.4,...
1999-10-03,1788.8075,1.4,...
1999-10-10,1799.9275,1.4,...
1999-10-17,1799.9275,1.4,...
1999-10-24,1799.9275,1.4,...
1999-10-31,1790.54,1.4,...
1999-11-07,1796.9825,1.4,...
1999-11-14,1796.9825,1.4,...
1999-11-21,1796.9825,1.4,...
1999-11-28,1796.86,1.4,...
1999-12-05,1796.86,1.4,...
1999-12-12,1796.86,1.4,...
1999-12-19,1796.9825,1.4,...
1999-12-26,1796.86,1.4,...
2000-01-02,1796.86,1.4,...
2000-01-09,1800.4775,1.4,...
2000-01-16,1800.4775,1.4,...
2000-01-23,1800.4775,1.4,...
2000-01-30,1796.6525,1.4,...
2000-02-06,1793.1225,1.4,...
2000-02-13,1796.6525,1.4,...
2000-02-20,1793.1225,1.4,...
2000-02-27,1793.1225,1.4,...
2000-03-05,1793.1225,1.4,...
2000-03-12,1793.1225,1.4,...
2000-03-19,1793.1225,1.4,...
2000-03-26,1793.2375,1.4,...
2000-04-02,1790.79,1.4,...
2000-04-09,1790.79,1.3999999999999997,...
2000-04-16,1788.2875,1.4,...
2000-04-23,1788.205,1.4,...
2000-04-30,1784.915,1.4,...
2000-05-07,1774.41,1.4,...
2000-05-14,1773.7425,1.4,...
2000-05-21,1773.7425,1.4,...
2000-05-28,1766.4875,1.4,...
2000-06-04,1773.7425,1.4,...
2000-06-11,1773.0825,1.4,...
2000-06-18,1773.0825,1.4,...
2000-06-25,1773.0825,1.4,...
2000-07-02,1769.3575,1.4,...
2000-07-09,1766.27,1.4,...
2000-07-16,1767.435,1.4,...
2000-07-23,1767.435,1.4,...
2000-07-30,1766.27,1.4,...
2000-08-06,1765.3225,1.4,...
2000-08-13,1764.885,1.4,...
2000-08-20,1764.885,1.4,...
2000-08-27,1764.885,1.4,...
2000-09-03,1764.885,1.4,...
2000-09-10,1764.885,1.4,...
2000-09-17,1770.2675,1.4,...
2000-09-24,1777.15,1.4,...
2000-10-01,1781.3425000000002,1.4,...
2000-10-08,1789.845,1.3999999999999997,...
2000-10-15,1794.155,1.4,...
2000-10-22,1796.8908333333334,,
2000-10-29,1800.5708333333334,1.4,...
2000-11-05,1797.835,,
2000-11-12,1796.4925,,
2000-11-19,1796.4925,1.4,...
2000-11-26,1793.01125,1.4,...
2000-12-03,1791.47,1.4,...
2000-12-10,1789.6425,,
2000-12-17,1788.91125,1.4,...
2000-12-24,1788.49,1.4,...
2000-12-31,1788.49,1.4,...
2001-01-07,1790.0075,1.4,...
2001-01-14,1786.9725,1.4,...
2001-01-21,1786.8575,1.3999999999999997,...
2001-01-28,1790.0075,1.4,...
2001-02-04,1791.005,1.4,...
2001-02-11,1792.8966666666668,1.4,...
2001-02-18,1795.05,1.4,...
2001-02-25,1795.05,1.4,...
2001-03-04,1803.7775,1.4,...
2001-03-11,1803.7775,1.4,...
2001-03-18,1795.05,1.4,...
2001-03-25,1803.7775,1.4,...
2001-04-01,1803.7775,1.3999999999999997,...
2001-04-08,1800.2675,1.4,...
2001-04-15,1800.2675,1.4,...
2001-04-22,1789.4025,1.4,...
2001-04-29,1789.4025,1.3999999999999997,...
2001-05-06,1789.4025,1.4,...
2001-05-13,1784.66,1.4,...
2001-05-20,1782.6233333333332,1.4,...
2001-05-27,1781.015,1.4,...
2001-06-03,1780.97,1.4,...
2001-06-10,1779.7475,1.4,...
2001-06-17,1779.7475,1.4,...
2001-06-24,1776.1075,1.4,...
2001-07-01,1776.1075,1.4,...
2001-07-08,1769.565,1.4,...
2001-07-15,1769.565,1.4,...
2001-07-22,1767.0925,1.4,...
2001-07-29,1767.0925,1.4,...
2001-08-05,1767.0925,1.4,...
2001-08-12,1763.07,1.4,...
2001-08-19,1762.435,1.4,...
2001-08-26,1761.8675,1.4,...
2001-09-02,1761.8675,1.4,...
2001-09-09,1762.435,1.4,...
2001-09-16,1763.07,1.4,...
2001-09-23,1777.94,1.4,...
2001-09-30,1782.955,1.4,...
2001-10-07,1782.955,1.4,...
2001-10-14,1789.7225,1.3999999999999997,...
2001-10-21,1785.1775,1.4,...
2001-10-28,1785.1775,1.4,...
2001-11-04,1794.8604166666667,1.4,...
2001-11-11,1784.0662499999999,1.4,...
2001-11-18,1793.495,1.4,...
2001-11-25,1803.2737499999998,,
2001-12-02,1793.76375,1.4,...
2001-12-09,1796.69875,1.4,...
2001-12-16,1788.65,1.4,...
2001-12-23,1786.915,1.4,...
2001-12-30,1791.585,1.4,...
2002-01-06,1786.915,1.4,...
2002-01-13,1785.715,1.4,...
2002-01-20,1784.7275,1.4,...
2002-01-27,1784.7275,1.4,...
2002-02-03,1781.8075,1.4,...
2002-02-10,1781.8075,1.4,...
2002-02-17,1781.035,1.4,...
2002-02-24,1781.035,1.4,...
2002-03-03,1786.6,1.4,...
2002-03-10,1787.9775,1.4,...
2002-03-17,1786.6,1.4,...
2002-03-24,1786.6,1.4,...
2002-03-31,1782.1875,1.4,...
2002-04-07,1790.1475,1.4,...
2002-04-14,1790.1475,1.4,...
2002-04-21,1782.1875,1.4,...
2002-04-28,1765.9825,1.4,...
2002-05-05,1782.1875,1.4,...
2002-05-12,1782.51,1.4,...
2002-05-19,1782.5375,1.4,...
2002-05-26,1782.51,1.4,...
2002-06-02,1782.26,1.4,...
2002-06-09,1782.26,1.4,...
2002-06-16,1782.26,1.4,...
2002-06-23,1772.8025,1.4,...
2002-06-30,1771.0175,1.4,...
2002-07-07,1771.0175,1.4,...
2002-07-14,1765.6225,1.4,...
2002-07-21,1771.0175,1.4,...
2002-07-28,1765.6225,1.4,...
2002-08-04,1762.6025,1.4,...
2002-08-11,1762.6025,1.4,...
2002-08-18,1768.945,1.4,...
2002-08-25,1764.9099999999999,1.4,...
2002-09-01,1773.4812499999998,1.4,...
2002-09-08,1774.26375,1.4,...
2002-09-15,1780.56375,,
2002-09-22,1783.8425000000002,1.4,...
2002-09-29,1783.8425000000002,1.4,...
2002-10-06,1789.065,1.4,...
2002-10-13,1791.99,1.4,...
2002-10-20,1801.5575,1.4,...
2002-10-27,1801.5575,1.4,...
2002-11-03,1802.875,1.4,...
2002-11-10,1801.5575,1.4,...
2002-11-17,1801.5575,1.4,...
2002-11-24,1801.5575,1.4,...
2002-12-01,1799.355,1.4,...
2002-12-08,1796.9075,1.4,...
2002-12-15,1798.13125,1.4,...
2002-12-22,1793.0387500000002,1.4,...
2002-12-29,1787.15125,1.4,...
2003-01-05,1787.15125,,
2003-01-12,1786.295,1.4,...
2003-01-19,1783.18375,1.4,...
2003-01-26,1780.19,1.4,...
2003-02-02,1781.235,1.4,...
2003-02-09,1787.4575,1.4,...
2003-02-16,1793.785,1.4,...
2003-02-23,1793.785,1.4,...
2003-03-02,1794.73,1.4,...
2003-03-09,1794.73,1.4,...
2003-03-16,1794.73,1.4,...
2003-03-23,1793.785,1.4,...
2003-03-30,1793.785,1.4,...
2003-04-06,1796.81,1.4,...
2003-04-13,1793.14,1.4,...
2003-04-20,1793.14,1.4,...
2003-04-27,1792.2075,1.87,...
2003-05-04,1794.1675,1.87,...
2003-05-11,1794.1675,1.87,...
2003-05-18,1791.205,1.87,...
2003-05-25,1791.205,1.87,...
2003-06-01,1789.815,1.87,...
2003-06-08,1789.815,1.87,...
2003-06-15,1791.79,1.87,...
2003-06-22,1791.79,1.87,...
2003-06-29,1791.79,1.87,...
2003-07-06,1793.31125,1.87,...
2003-07-13,1783.8433333333332,1.87,...
2003-07-20,1783.8433333333332,1.87,...
2003-07-27,1773.8358333333335,,
2003-08-03,1768.2725,1.87,...
2003-08-10,1768.1212500000001,1.87,...
2003-08-17,1768.1212500000001,1.87,...
2003-08-24,1771.4725,1.87,...
2003-08-31,1771.4725,1.87,...
2003-09-07,1778.9975,1.87,...
2003-09-14,1778.9975,1.87,...
2003-09-21,1795.8725,1.87,...
2003-09-28,1801.125,1.87,...
2003-10-05,1795.8725,1.87,...
2003-10-12,1791.6075,1.87,...
2003-10-19,1791.6075,1.87,...
2003-10-26,1810.825,1.87,...
2003-11-02,1820.995,1.87,...
2003-11-09,1820.995,1.87,...
2003-11-16,1793.05,1.87,...
2003-11-23,1806.57,1.87,...
2003-11-30,1806.57,1.87,...
2003-12-07,1798.485,1.87,...
2003-12-14,1798.0,1.87,...
2003-12-21,1793.05,1.87,...
2003-12-28,1786.135,1.87,...
2004-01-04,1788.0925,1.87,...
2004-01-11,1788.0925,1.87,...
2004-01-18,1788.0925,1.87,...
2004-01-25,1788.0925,1.87,...
2004-02-01,1789.2175,1.87,...
2004-02-08,1789.2175,1.87,...
2004-02-15,1789.2175,1.87,...
2004-02-22,1794.1175,1.87,...
2004-02-29,1795.3975,1.87,...
2004-03-07,1789.2175,1.87,...
2004-03-14,1789.2175,1.87,...
2004-03-21,1804.2575,1.87,...
2004-03-28,1805.3625,1.87,...
2004-04-04,1820.665,1.87,...
2004-04-11,1805.3625,1.87,...
2004-04-18,1804.2575,1.87,...
2004-04-25,1804.2575,1.87,...
2004-05-02,1797.905,1.87,...
2004-05-09,1797.905,1.87,...
2004-05-16,1794.915,1.87,...
2004-05-23,1780.5575,1.87,...
2004-05-30,1780.5575,1.87,...
2004-06-06,1778.0725,1.87,...
2004-06-13,1776.1325,1.87,...
2004-06-20,1779.4025,1.87,...
2004-06-27,1779.4025,1.87,...
2004-07-04,1776.1325,1.87,...
2004-07-11,1775.8125,1.87,...
2004-07-18,1767.745,1.87,...
2004-07-25,1770.6075,1.87,...
2004-08-01,1770.6075,1.87,...
2004-08-08,1770.6075,1.87,...
2004-08-15,1770.6075,1.87,...
2004-08-22,1770.6075,1.87,...
2004-08-29,1770.6075,1.87,...
2004-09-05,1777.1425,1.87,...
2004-09-12,1777.1425,1.87,...
2004-09-19,1778.0125,1.87,...
2004-09-26,1777.1425,1.87,...
2004-10-03,1777.1425,1.87,...
2004-10-10,1784.035,1.87,...
2004-10-17,1784.035,1.87,...
2004-10-24,1784.035,1.87,...
2004-10-31,1793.3875,1.87,...
2004-11-07,1793.3875,1.87,...
2004-11-14,1798.17,1.87,...
2004-11-21,1798.17,1.87,...
2004-11-28,1798.17,1.87,...
2004-12-05,1798.17,1.87,...
2004-12-12,1797.635,1.87,...
2004-12-19,1795.515,1.87,...
2004-12-26,1795.515,1.87,...
2005-01-02,1791.1725,1.87,...
2005-01-09,1790.8425,1.87,...
2005-01-16,1790.8425,1.87,...
2005-01-23,1786.3025,1.87,...
2005-01-30,1790.8425,1.87,...
2005-02-06,1792.02,1.87,...
2005-02-13,1792.02,1.87,...
2005-02-20,1792.02,1.87,...
2005-02-27,1805.84,1.87,...
2005-03-06,1805.84,1.87,...
2005-03-13,1808.19,1.87,...
2005-03-20,1805.84,1.87,...
2005-03-27,1799.4975,1.87,...
2005-04-03,1796.73,1.87,...
2005-04-10,1796.73,1.87,...
2005-04-17,1787.475,1.87,...
2005-04-24,1787.475,1.87,...
2005-05-01,1785.68,1.87,...
2005-05-08,1785.68,1.87,...
2005-05-15,1787.475,1.87,...
2005-05-22,1777.1125000000002,1.87,...
2005-05-29,1771.6075,1.87,...
2005-06-05,1777.1125000000002,1.87,...
2005-06-12,1771.6075,1.87,...
2005-06-19,1771.6075,1.87,...
2005-06-26,1771.2725,1.87,...
2005-07-03,1771.2725,1.87,...
2005-07-10,1771.2725,1.87,...
2005-07-17,1771.2725,1.87,...
2005-07-24,1771.0075,1.87,...
2005-07-31,1765.0625,1.87,...
2005-08-07,1765.0625,1.87,...
2005-08-14,1771.8075,2.05,...
2005-08-21,1767.52,2.05,...
2005-08-28,1767.52,2.05,...
2005-09-04,1771.8075,2.05,...
2005-09-11,1778.57,2.05,...
2005-09-18,1780.93,2.05,...
2005-09-25,1796.4075,2.05,...
2005-10-02,1803.1175,2.05,...
2005-10-09,1803.6875,2.05,...
2005-10-16,1803.6875,2.05,...
2005-10-23,1804.5475,2.05,...
2005-10-30,1804.5475,2.05,...
2005-11-06,1804.5475,2.05,...
2005-11-13,1803.6875,2.05,...
2005-11-20,1804.5475,2.05,...
2005-11-27,1802.0775,2.05,...
2005-12-04,1802.0775,2.05,...
2005-12-11,1799.0125,2.05,...
2005-12-18,1799.0125,2.05,...
2005-12-25,1799.0125,2.05,...
2006-01-01,1799.4975,2.05,...
2006-01-08,1799.0125,2.05,...
2006-01-15,1795.3225,2.05,...
2006-01-22,1795.3225,2.05,...
2006-01-29,1795.3225,2.05,...
2006-02-05,1793.41,2.05,...
2006-02-12,1784.8575,2.05,...
2006-02-19,1784.8575,2.05,...
2006-02-26,1788.0375,2.05,...
2006-03-05,1788.0375,2.05,...
2006-03-12,1778.8925,2.05,...
2006-03-19,1778.8925,2.05,...
2006-03-26,1788.0375,2.05,...
2006-04-02,1793.4275,2.05,...
2006-04-09,1797.5125,2.05,...
2006-04-16,1799.145,2.05,...
2006-04-23,1803.875,2.05,...
2006-04-30,1803.875,2.05,...
2006-05-07,1803.875,2.05,...
2006-05-14,1798.575,2.05,...
2006-05-21,1797.5125,2.05,...
2006-05-28,1790.91,2.05,...
2006-06-04,1787.1275,2.05,...
2006-06-11,1784.8175,2.05,...
2006-06-18,1775.3425,2.05,...
2006-06-25,1775.3425,2.05,...
2006-07-02,1774.06,2.05,...
2006-07-09,1765.4125,2.05,...
2006-07-16,1764.1275,2.05,...
2006-07-23,1763.5775,2.05,...
2006-07-30,1763.5775,2.05,...
2006-08-06,1764.1275,2.05,...
2006-08-13,1763.1925,2.05,...
2006-08-20,1763.1925,2.05,...
2006-08-27,1763.1925,2.05,...
2006-09-03,1767.2775,2.05,...
2006-09-10,1769.4975,2.05,...
2006-09-17,1775.7175,2.05,...
2006-09-24,1776.1075,2.05,...
2006-10-01,1776.2525,2.05,...
2006-10-08,1785.3225,2.05,...
2006-10-15,1787.625,2.05,...
2006-10-22,1787.625,2.05,...
2006-10-29,1787.625,2.05,...
2006-11-05,1792.485,2.05,...
2006-11-12,1792.485,2.05,...
2006-11-19,1792.485,2.05,...
2006-11-26,1790.76,2.05,...
2006-12-03,1792.485,2.05,...
2006-12-10,1792.485,2.05,...
2006-12-17,1794.025,2.05,...
2006-12-24,1799.255,2.05,...
2006-12-31,1794.025,2.05,...
2007-01-07,1794.025,2.05,...
2007-01-14,1794.025,2.05,...
2007-01-21,1794.025,2.05,...
2007-01-28,1796.2475,2.05,...
2007-02-04,1800.1275,2.05,...
2007-02-11,1805.01,2.05,...
2007-02-18,1805.01,2.05,...
2007-02-25,1796.2475,2.05,...
2007-03-04,1805.01,2.05,...
2007-03-11,1805.01,2.05,...
2007-03-18,1805.01,2.05,...
2007-03-25,1802.1025,2.05,...
2007-04-01,1802.1025,2.05,...
2007-04-08,1803.28,2.05,...
2007-04-15,1803.28,2.05,...
2007-04-22,1802.1025,2.05,...
2007-04-29,1796.675,2.05,...
2007-05-06,1796.675,2.05,...
2007-05-13,1795.8975,2.05,...
2007-05-20,1793.46,2.05,...
2007-05-27,1792.3625,2.05,...
2007-06-03,1789.8525,2.05,...
2007-06-10,1789.8525,2.05,...
2007-06-17,1789.8525,2.05,...
2007-06-24,1774.335,2.05,...
2007-07-01,1772.96,2.05,...
2007-07-08,1772.96,2.05,...
2007-07-15,1770.475,2.05,...
2007-07-22,1768.9725,2.05,...
2007-07-29,1770.475,2.05,...
2007-08-05,1771.0825,2.05,...
2007-08-12,1771.0825,2.05,...
2007-08-19,1774.1725,2.05,...
2007-08-26,1774.1725,2.05,...
2007-09-02,1777.2,2.05,...
2007-09-09,1779.24,2.05,...
2007-09-16,1795.0425,2.05,...
2007-09-23,1795.0425,2.05,...
2007-09-30,1795.0425,2.05,...
2007-10-07,1795.0425,2.05,...
2007-10-14,1795.0425,2.05,...
2007-10-21,1800.7075,2.05,...
2007-10-28,1802.5375,2.05,...
2007-11-04,1802.5375,2.05,...
2007-11-11,1802.5375,2.05,...
2007-11-18,1802.665,2.05,...
2007-11-25,1802.7475,2.05,...
2007-12-02,1802.7475,2.05,...
2007-12-09,1802.7475,2.05,...
2007-12-16,1810.52,2.05,...
2007-12-23,1802.7475,2.05,...
2007-12-30,1810.52,2.05,...
2008-01-06,1811.4425,2.05,...
2008-01-13,1813.395,1.31,...
2008-01-20,1811.4425,1.31,...
2008-01-27,1811.4425,1.31,...
2008-02-03,1811.1,1.31,...
2008-02-10,1811.1,2.05,...
2008-02-17,1811.1,1.31,...
2008-02-24,1796.4725,2.05,...
2008-03-02,1790.0225,1.31,...
2008-03-09,1785.705,1.31,...
2008-03-16,1785.705,2.05,...
2008-03-23,1785.185,2.05,...
2008-03-30,1785.185,2.05,...
2008-04-06,1785.185,1.31,...
2008-04-13,1785.705,2.05,...
2008-04-20,1786.0025,1.31,...
2008-04-27,1787.8425,1.31,...
2008-05-04,1787.8425,1.31,...
2008-05-11,1787.8425,1.31,...
2008-05-18,1787.93,1.31,...
2008-05-25,1798.17,1.31,...
2008-06-01,1799.06,1.31,...
2008-06-08,1798.17,1.31,...
2008-06-15,1787.93,1.31,...
2008-06-22,1783.175,1.31,...
2008-06-29,1787.93,2.05,...
2008-07-06,1783.175,1.31,...
2008-07-13,1779.6125000000002,1.31,...
2008-07-20,1779.6125000000002,2.05,...
2008-07-27,1776.6275,1.31,...
2008-08-03,1776.6275,1.31,...
2008-08-10,1784.8475,1.31,...
2008-08-17,1777.43,1.31,...
2008-08-24,1784.8475,2.05,...
2008-08-31,1784.8475,2.05,...
2008-09-07,1781.9125,2.05,...
2008-09-14,1787.2275,1.31,...
2008-09-21,1790.81,2.05,...
2008-09-28,1802.3275,2.05,...
2008-10-05,1817.83,1.31,...
2008-10-12,1817.83,2.05,...
2008-10-19,1817.83,1.31,...
2008-10-26,1819.6625,1.31,...
2008-11-02,1820.0125,1.31,...
2008-11-09,1819.6625,1.68,...
2008-11-16,1815.4325,1.31,...
2008-11-23,1808.4075,1.31,...
2008-11-30,1815.4325,1.31,...
2008-12-07,1819.7775,2.05,...
2008-12-14,1815.4325,1.31,...
2008-12-21,1814.2375,2.05,...
2008-12-28,1815.4325,1.31,...
2009-01-04,1817.91,2.05,...
2009-01-11,1819.7775,2.05,...
2009-01-18,1817.91,2.05,...
2009-01-25,1814.2375,2.05,...
2009-02-01,1814.2375,2.05,...
2009-02-08,1817.91,1.68,...
2009-02-15,1815.35,2.05,...
2009-02-22,1815.35,1.31,...
2009-03-01,1806.4375,1.31,...
2009-03-08,1815.35,1.31,...
2009-03-15,1818.4275,2.05,...
2009-03-22,1818.4275,1.31,...
2009-03-29,1815.35,2.05,...
2009-04-05,1812.025,1.31,...
2009-04-12,1810.625,2.05,...
2009-04-19,1810.625,1.31,...
2009-04-26,1809.2125,1.31,...
2009-05-03,1809.2125,2.05,...
2009-05-10,1796.965,1.31,...
2009-05-17,1808.655,1.68,...
2009-05-24,1808.655,1.31,...
2009-05-31,1807.3225,1.68,...
2009-06-07,1808.655,1.31,...
2009-06-14,1808.655,1.31,...
2009-06-21,1807.3225,1.31,...
2009-06-28,1807.3225,1.31,...
2009-07-05,1793.4825,2.05,...
2009-07-12,1790.67,2.05,...
2009-07-19,1790.67,2.05,...
2009-07-26,1789.5975,2.05,...
2009-08-02,1788.395,1.31,...
2009-08-09,1787.6975,1.31,...
2009-08-16,1787.6975,2.05,...
2009-08-23,1790.4275,2.05,...
2009-08-30,1790.4275,1.31,...
2009-09-06,1790.4275,1.31,...
2009-09-13,1796.89,1.31,...
2009-09-20,1797.38,1.31,...
2009-09-27,1804.5525,1.31,...
2009-10-04,1804.5525,1.31,...
2009-10-11,1804.5525,1.31,...
2009-10-18,1804.965,2.05,...
2009-10-25,1813.99,1.31,...
2009-11-01,1813.99,1.31,...
2009-11-08,1813.99,1.31,...
2009-11-15,1813.99,1.31,...
2009-11-22,1813.99,1.31,...
2009-11-29,1813.99,1.31,...
2009-12-06,1820.99,1.31,...
2009-12-13,1820.99,1.31,...
2009-12-20,1810.9575,1.31,...
2009-12-27,1810.545,1.31,...
2010-01-03,1810.545,1.31,...
2010-01-10,1808.9475,1.31,...
2010-01-17,1810.545,1.31,...
2010-01-24,1810.545,1.31,...
2010-01-31,1810.545,1.31,...
2010-02-07,1800.5675,1.31,...
2010-02-14,1811.21,1.31,...
2010-02-21,1829.115,1.31,...
2010-02-28,1829.115,1.31,...
2010-03-07,1822.025,1.31,...
2010-03-14,1807.025,1.11,...
2010-03-21,1822.025,1.31,...
2010-03-28,1822.025,0.91,...
2010-04-04,1821.995,1.31,...
2010-04-11,1821.065,1.31,...
2010-04-18,1816.5775,0.91,...
2010-04-25,1816.5775,0.91,...
2010-05-02,1821.065,0.91,...
2010-05-09,1821.065,0.91,...
2010-05-16,1819.25,1.31,...
2010-05-23,1816.5775,1.31,...
2010-05-30,1810.965,1.31,...
2010-06-06,1810.965,0.91,...
2010-06-13,1803.7275,1.31,...
2010-06-20,1796.7575,0.91,...
2010-06-27,1796.7575,0.91,...
2010-07-04,1792.06,1.11,...
2010-07-11,1791.835,1.31,...
2010-07-18,1792.06,1.31,...
2010-07-25,1795.12,1.31,...
2010-08-01,1795.6975,0.91,...
2010-08-08,1795.6975,0.91,...
2010-08-15,1795.12,0.91,...
2010-08-22,1795.6975,0.91,...
2010-08-29,1804.9825,1.31,...
2010-09-05,1804.9825,1.31,...
2010-09-12,1811.2775,1.31,...
2010-09-19,1811.2775,1.11,...
2010-09-26,1816.2975,1.31,...
2010-10-03,1816.2975,1.31,...
2010-10-10,1816.2975,1.31,...
2010-10-17,1824.3225,1.31,...
2010-10-24,1830.545,1.31,...
2010-10-31,1830.545,1.31,...
2010-11-07,1830.545,0.91,...
2010-11-14,1832.1875,0.91,...
2010-11-21,1833.79,0.91,...
2010-11-28,1833.79,0.91,...
2010-12-05,1828.98,0.91,...
2010-12-12,1825.72,1.31,...
2010-12-19,1825.72,0.91,...
2010-12-26,1823.73,1.31,...
2011-01-02,1823.73,0.91,...
2011-01-09,1814.4925,0.91,...
2011-01-16,1823.73,1.31,...
2011-01-23,1823.73,1.31,...
2011-01-30,1823.73,1.31,...
2011-02-06,1819.4225,1.31,...
2011-02-13,1819.4225,1.31,...
2011-02-20,1814.3125,0.91,...
2011-02-27,1813.8775,1.31,...
2011-03-06,1811.0575,1.11,...
2011-03-13,1811.0575,1.31,...
2011-03-20,1811.64875,1.31,...
2011-03-27,1813.4850000000001,1.31,...
2011-04-03,1807.0812500000002,0.91,...
2011-04-10,1813.4850000000001,,
2011-04-17,1811.14625,1.31,...
2011-04-24,1809.97875,1.31,...
2011-05-01,1809.97875,0.91,...
2011-05-08,1817.55,1.31,...
2011-05-15,1802.4075,1.31,...
2011-05-22,1802.4075,1.31,...
2011-05-29,1802.4075,1.31,...
2011-06-05,1803.9025,0.91,...
2011-06-12,1811.2925,0.91,...
2011-06-19,1803.9025,1.31,...
2011-06-26,1802.95,1.31,...
2011-07-03,1803.9025,0.91,...
2011-07-10,1803.9025,0.91,...
2011-07-17,1802.95,0.91,...
2011-07-24,1801.5725,0.91,...
2011-07-31,1801.2933333333333,1.31,...
2011-08-07,1800.9725,1.31,...
2011-08-14,1800.9725,1.31,...
2011-08-21,1800.9725,1.31,...
2011-08-28,1800.6875,1.31,...
2011-09-04,1799.375,1.31,...
2011-09-11,1800.6875,0.91,...
2011-09-18,1801.185,0.91,...
2011-09-25,1817.8925,0.91,...
2011-10-02,1826.8625,0.91,...
2011-10-09,1810.0025,1.31,...
2011-10-16,1831.24,1.31,...
2011-10-23,1831.24,0.91,...
2011-10-30,1831.24,0.91,...
2011-11-06,1831.24,0.91,...
2011-11-13,1835.905,0.91,...
2011-11-20,1831.1975,0.91,...
2011-11-27,1831.1975,0.91,...
2011-12-04,1831.1975,0.91,...
2011-12-11,1832.7,1.31,...
2011-12-18,1831.1975,1.31,...
2011-12-25,1832.7,0.91,...
2012-01-01,1831.1975,1.31,...
2012-01-08,1828.1625,0.91,...
2012-01-15,1828.1625,0.91,...
2012-01-22,1826.0125,1.31,...
2012-01-29,1826.0125,1.31,...
2012-02-05,1828.1625,1.11,...
2012-02-12,1820.4325,0.91,...
2012-02-19,1820.4325,0.91,...
2012-02-26,1814.9625,0.91,...
2012-03-04,1820.4325,0.91,...
2012-03-11,1825.4025,0.91,...
2012-03-18,1824.985,0.91,...
2012-03-25,1824.985,0.91,...
2012-04-01,1825.4025,0.91,...
2012-04-08,1831.37,0.91,...
2012-04-15,1835.395,0.91,...
2012-04-22,1835.395,1.11,...
2012-04-29,1835.395,1.11,...
2012-05-06,1835.395,0.91,...
2012-05-13,1835.395,0.91,...
2012-05-20,1835.395,1.31,...
2012-05-27,1827.005,1.31,...
2012-06-03,1813.2225,0.91,...
2012-06-10,1810.875,0.91,...
2012-06-17,1810.875,0.91,...
2012-06-24,1810.875,0.91,...
2012-07-01,1804.9,0.91,...
2012-07-08,1804.75,0.91,...
2012-07-15,1803.8225,0.91,...
2012-07-22,1802.55,0.91,...
2012-07-29,1802.55,0.91,...
2012-08-05,1802.55,0.91,...
2012-08-12,1800.6525,0.91,...
2012-08-19,1803.8225,0.91,...
2012-08-26,1808.165,0.91,...
2012-09-02,1810.0266666666664,0.91,...
2012-09-09,1813.11,0.91,...
2012-09-16,1813.4166666666667,0.91,...
2012-09-23,1813.7325,0.91,...
2012-09-30,1813.95,0.91,...
2012-10-07,1817.0775,0.91,...
2012-10-14,1824.8125,0.91,...
2012-10-21,1824.8125,0.91,...
2012-10-28,1836.795,0.91,...
2012-11-04,1836.6075,0.91,...
2012-11-11,1836.795,0.91,...
2012-11-18,1836.6075,0.91,...
2012-11-25,1836.6075,0.91,...
2012-12-02,1836.6075,0.91,...
2012-12-09,1838.5575,0.91,...
2012-12-16,1836.6075,1.31,...
2012-12-23,1836.135,0.91,...
2012-12-30,1832.3725,0.91,...
2013-01-06,1832.3725,0.91,...
2013-01-13,1832.3725,0.91,...
2013-01-20,1832.3725,1.11,...
2013-01-27,1831.7,1.11,...
2013-02-03,1832.3725,1.31,...
2013-02-10,1829.735,0.91,...
2013-02-17,1840.6425,1.31,...
2013-02-24,1840.6425,1.31,...
2013-03-03,1848.105,1.31,...
2013-03-10,1832.39,0.91,...
2013-03-17,1848.105,1.31,...
2013-03-24,1832.39,1.31,...
2013-03-31,1832.39,0.91,...
2013-04-07,1831.3475,0.91,...
2013-04-14,1832.39,0.91,...
2013-04-21,1831.3475,0.91,...
2013-04-28,1827.9,0.91,...
2013-05-05,1827.9,1.31,...
2013-05-12,1827.9,1.31,...
2013-05-19,1827.9,0.91,...
2013-05-26,1827.9,1.31,...
2013-06-02,1820.305,1.31,...
2013-06-09,1810.4575,1.31,...
2013-06-16,1810.4575,0.91,...
2013-06-23,1809.7925,1.31,...
2013-06-30,1809.7825,0.91,...
2013-07-07,1808.2475,0.91,...
2013-07-14,1808.2475,0.91,...
2013-07-21,1808.2475,0.91,...
2013-07-28,1808.2475,0.91,...
2013-08-04,1808.2475,0.91,...
2013-08-11,1808.5225,0.91,...
2013-08-18,1810.71,0.91,...
2013-08-25,1813.9825,1.11,...
2013-09-01,1818.84,1.31,...
2013-09-08,1823.1175,1.11,...
2013-09-15,1832.83,1.31,...
2013-09-22,1840.8475,0.91,...
2013-09-29,1840.8475,1.31,...
2013-10-06,1840.8475,0.91,...
2013-10-13,1842.6325,1.11,...
2013-10-20,1840.8475,1.31,...
2013-10-27,1840.8475,1.31,...
2013-11-03,1839.3975,1.31,...
2013-11-10,1839.3975,1.11,...
2013-11-17,1851.305,0.91,...
2013-11-24,1851.305,0.91,...
2013-12-01,1851.305,0.91,...
2013-12-08,1851.305,0.91,...
2013-12-15,1845.9875,1.31,...
2013-12-22,1850.8925,0.91,...
2013-12-29,1845.9875,0.91,...
2014-01-05,1843.965,0.91,...
2014-01-12,1845.9875,0.91,...
2014-01-19,1843.965,1.31,...
2014-01-26,1842.33,1.31,...
2014-02-02,1830.23,0.91,...
2014-02-09,1829.8025,1.31,...
2014-02-16,1829.8025,1.31,...
2014-02-23,1829.8025,1.11,...
2014-03-02,1829.8025,1.31,...
2014-03-09,1837.6175,0.91,...
2014-03-16,1840.795,1.31,...
2014-03-23,1847.4675,0.91,...
2014-03-30,1848.9425,0.91,...
2014-04-06,1848.9425,0.91,...
2014-04-13,1854.4225,0.91,...
2014-04-20,1850.2075,0.91,...
2014-04-27,1850.2075,0.91,...
2014-05-04,1850.2075,0.91,...
2014-05-11,1840.935,0.91,...
2014-05-18,1840.935,0.91,...
2014-05-25,1840.325,0.91,...
2014-06-01,1840.325,0.91,...
2014-06-08,1839.825,0.91,...
2014-06-15,1839.825,0.91,...
2014-06-22,1834.5675,0.91,...
2014-06-29,1829.28,0.91,...
2014-07-06,1827.15,0.91,...
2014-07-13,1816.1025,0.91,...
2014-07-20,1816.1025,0.91,...
2014-07-27,1816.1025,0.91,...
2014-08-03,1817.91,0.91,...
2014-08-10,1817.91,0.91,...
2014-08-17,1820.625,0.91,...
2014-08-24,1824.01,0.91,...
2014-08-31,1831.46,0.91,...
2014-09-07,1832.9725,0.91,...
2014-09-14,1835.7075,0.91,...
2014-09-21,1832.9725,0.91,...
2014-09-28,1843.5525,0.91,...
2014-10-05,1843.5525,0.91,...
2014-10-12,1845.89,0.91,...
2014-10-19,1843.8375,0.91,...
2014-10-26,1843.8375,0.91,...
2014-11-02,1843.8375,0.91,.S.
2014-11-09,1847.4375,0.91,...
2014-11-16,1864.7775,0.91,...
2014-11-23,1864.7775,0.91,...
2014-11-30,1858.915,0.91,...
2014-12-07,1866.28375,0.91,...
2014-12-14,1867.86375,0.91,...
2014-12-21,1860.4212499999999,,
2014-12-28,1867.86375,0.91,...
2015-01-04,1860.4212499999999,0.91,...
2015-01-11,1860.3674999999998,0.91,...
2015-01-18,1852.945,0.91,...
2015-01-25,1847.9525,0.91,...
2015-02-01,1847.765,0.91,...
2015-02-08,1847.765,0.91,...
2015-02-15,1847.765,0.91,...
2015-02-22,1847.9525,0.91,...
2015-03-01,1847.9525,0.91,...
2015-03-08,1844.6625,0.91,...
2015-03-15,1854.675,0.91,...
2015-03-22,1858.4375,0.91,...
2015-03-29,1858.4375,0.91,...
2015-04-05,1858.4375,0.91,...
2015-04-12,1858.4375,0.91,...
2015-04-19,1869.5325,0.91,...
2015-04-26,1869.5325,0.91,...
2015-05-03,1869.5325,0.91,...
2015-05-10,1864.925,0.91,...
2015-05-17,1862.805,0.91,...
2015-05-24,1864.925,0.91,...
2015-05-31,1862.805,0.91,...
2015-06-07,1856.7525,0.91,...
2015-06-14,1847.835,0.91,...
2015-06-21,1834.5175,0.91,...
2015-06-28,1832.73,0.91,...
2015-07-05,1832.73,0.91,...
2015-07-12,1830.465,0.91,...
2015-07-19,1830.465,0.91,...
2015-07-26,1830.465,0.91,...
2015-08-02,1828.5925,0.91,...
2015-08-09,1828.08,0.91,...
2015-08-16,1828.08,0.91,...
2015-08-23,1828.08,0.91,...
2015-08-30,1828.08,0.91,...
2015-09-06,1828.08,0.91,...
2015-09-13,1842.455,0.91,...
2015-09-20,1844.0475,0.91,...
2015-09-27,1844.0475,0.91,...
2015-10-04,1849.2925,0.91,...
2015-10-11,1865.3825,0.91,...
2015-10-18,1865.3825,0.91,...
2015-10-25,1866.4575,0.91,...
2015-11-01,1868.7425,0.91,...
2015-11-08,1868.7425,0.91,...
2015-11-15,1868.7425,0.91,...
2015-11-22,1863.1466666666663,0.91,...
2015-11-29,1863.1466666666663,0.91,...
2015-12-06,1868.7425,0.91,...
2015-12-13,1863.1466666666663,0.91,...
2015-12-20,1858.2875,0.91,...
2015-12-27,1858.2875,0.91,...
2016-01-03,1856.5525,0.91,...
2016-01-10,1856.5525,0.91,...
2016-01-17,1853.53,0.91,...
2016-01-24,1853.53,0.91,...
2016-01-31,1853.53,0.91,...
2016-02-07,1853.53,0.91,...
2016-02-14,1860.6525,0.91,...
2016-02-21,1860.6525,0.91,...
2016-02-28,1860.6525,0.91,...
2016-03-06,1865.69,0.91,...
2016-03-13,1865.69,0.91,...
2016-03-20,1869.275,0.91,...
2016-03-27,1869.275,0.91,...
2016-04-03,1871.955,0.91,...
2016-04-10,1871.955,0.91,...
2016-04-17,1871.955,0.91,...
2016-04-24,1872.7375,0.91,...
2016-05-01,1871.955,0.91,...
2016-05-08,1877.505,0.91,...
2016-05-15,1871.86,0.91,...
2016-05-22,1868.845,0.91,...
2016-05-29,1868.845,0.91,...
2016-06-05,1861.3875,0.91,...
2016-06-12,1855.4775,0.91,...
2016-06-19,1855.4775,0.91,...
2016-06-26,1853.36,0.91,...
2016-07-03,1843.7575,0.91,...
2016-07-10,1836.605,0.91,...
2016-07-17,1833.495,0.91,...
2016-07-24,1832.875,0.91,...
2016-07-31,1832.875,0.91,...
2016-08-07,1832.7725,0.91,...
2016-08-14,1832.7725,0.91,...
2016-08-21,1833.495,0.91,...
2016-08-28,1845.09,0.91,...
2016-09-04,1846.375,0.91,...
2016-09-11,1854.23,0.91,...
2016-09-18,1867.25,0.91,...
2016-09-25,1867.265,0.91,...
2016-10-02,1869.765,0.91,...
2016-10-09,1869.765,0.91,...
2016-10-16,1872.3925,0.91,...
2016-10-23,1872.3925,0.91,...
2016-10-30,1872.515,0.91,...
2016-11-06,1874.28,0.91,...
2016-11-13,1872.515,0.91,...
2016-11-20,1872.515,0.91,...
2016-11-27,1879.7225,0.91,...
2016-12-04,1879.7225,0.91,...
2016-12-11,1871.7325,0.91,...
2016-12-18,1871.65,0.91,...
2016-12-25,1861.52,0.91,...
2017-01-01,1861.52,0.91,...
2017-01-08,1871.385,0.91,...
2017-01-15,1871.385,0.91,...
2017-01-22,1871.385,0.91,...
2017-01-29,1871.385,0.91,...
2017-02-05,1871.385,0.91,...
2017-02-12,1871.9875,0.91,...
2017-02-19,1871.9875,0.91,...
2017-02-26,1861.6675,0.91,...
2017-03-05,1856.695,0.91,...
2017-03-12,1861.6675,0.91,...
2017-03-19,1868.455,0.91,...
2017-03-26,1863.6,0.91,...
2017-04-02,1863.6,0.91,...
2017-04-09,1863.6,0.91,...
2017-04-16,1863.6,0.91,...
2017-04-23,1868.455,0.91,...
2017-04-30,1868.455,0.91,...
2017-05-07,1869.1525,0.91,...
2017-05-14,1870.45,0.91,...
2017-05-21,1870.45,0.91,...
2017-05-28,1870.45,0.91,...
2017-06-04,1870.45,0.91,...
2017-06-11,1870.45,0.91,...
2017-06-18,1859.05,0.91,...
2017-06-25,1845.5375,0.91,...
2017-07-02,1845.5375,0.91,...
2017-07-09,1840.9975,0.91,...
2017-07-16,1840.9975,0.91,...
2017-07-23,1840.6625,0.91,...
2017-07-30,1839.105,0.91,...
2017-08-06,1839.855,0.91,...
2017-08-13,1838.98,0.91,...
2017-08-20,1838.98,0.91,...
2017-08-27,1839.855,0.91,...
2017-09-03,1839.855,0.91,...
2017-09-10,1846.4025,0.91,...
2017-09-17,1872.445,0.91,...
2017-09-24,1872.615,0.91,...
2017-10-01,1872.9725,0.91,...
2017-10-08,1876.63,0.91,...
2017-10-15,1876.63,0.91,...
2017-10-22,1882.265,0.91,...
2017-10-29,1882.265,0.91,...
2017-11-05,1884.71,0.91,...
2017-11-12,1889.355,0.91,...
2017-11-19,1891.19,0.91,...
2017-11-26,1891.19,0.91,...
2017-12-03,1891.19,0.91,...
2017-12-10,1878.6475,0.91,...
2017-12-17,1876.9025,0.91,...
2017-12-24,1876.9025,0.91,...
2017-12-31,1876.9025,0.91,...
2018-01-07,1876.9025,0.91,...
2018-01-14,1877.6325,0.91,...
2018-01-21,1877.6325,0.91,...
2018-01-28,1877.6325,0.91,...
2018-02-04,1879.135,0.91,...
2018-02-11,1879.135,0.91,...
2018-02-18,1879.135,0.91,...
2018-02-25,1871.9025,0.91,...
2018-03-04,1867.78,0.91,...
2018-03-11,1871.9025,0.91,...
2018-03-18,1871.9025,0.91,...
2018-03-25,1865.875,0.91,...
2018-04-01,1865.52,0.91,...
2018-04-08,1865.52,0.91,...
2018-04-15,1865.52,0.91,...
2018-04-22,1865.52,0.91,...
2018-04-29,1865.52,0.91,...
2018-05-06,1865.52,0.91,...
2018-05-13,1872.48,0.91,...
2018-05-20,1872.48,0.91,...
2018-05-27,1866.43,0.91,...
2018-06-03,1866.43,0.91,...
2018-06-10,1857.2825,0.91,...
2018-06-17,1857.2825,,
2018-06-24,1857.2825,0.91,...
2018-07-01,1857.2825,0.91,...
2018-07-08,1851.385,0.91,...
2018-07-15,1850.5325,0.91,...
2018-07-22,1854.185,0.91,...
2018-07-29,1861.39,0.907,...
2018-08-05,1850.5325,0.907,...
2018-08-12,1850.5325,0.907,...
2018-08-19,1850.5325,0.907,...
2018-08-26,1855.045,0.907,...
2018-09-02,1861.075,0.907,...
2018-09-09,1857.92,0.907,...
2018-09-16,1855.045,0.907,...
2018-09-23,1857.92,0.907,...
2018-09-30,1861.075,0.907,...
2018-10-07,1884.43,0.907,...
2018-10-14,1884.43,0.907,...
2018-10-21,1892.6275,0.907,...
2018-10-28,1895.0375,0.907,...
2018-11-04,1895.0375,0.907,...
2018-11-11,1895.0375,0.907,...
2018-11-18,1893.58,0.907,...
2018-11-25,1893.58,0.907,...
2018-12-02,1893.58,0.907,...
2018-12-09,1893.58,0.907,...
2018-12-16,1890.67,0.907,...
2018-12-23,1890.67,0.907,...
2018-12-30,1886.715,0.907,...
2019-01-06,1886.715,0.907,...
2019-01-13,1886.715,0.907,...
2019-01-20,1903.665,0.907,...
2019-01-27,1904.13,0.907,...
2019-02-03,1904.13,0.907,...
2019-02-10,1903.9625,0.907,...
2019-02-17,1903.9625,0.907,...
2019-02-24,1903.665,0.907,...
2019-03-03,1900.1225,0.907,...
2019-03-10,1896.775,0.907,...
2019-03-17,1886.06,0.907,...
2019-03-24,1886.06,0.907,...
2019-03-31,1886.06,0.907,...
2019-04-07,1890.34,0.907,...
2019-04-14,1890.34,0.907,...
2019-04-21,1889.43,0.907,...
2019-04-28,1889.43,0.907,...
2019-05-05,1889.43,0.907,...
2019-05-12,1890.34,0.907,...
2019-05-19,1889.43,0.907,...
2019-05-26,1885.225,0.907,...
2019-06-02,1881.8875,0.907,...
2019-06-09,1881.09,0.907,...
2019-06-16,1870.2175,0.907,...
2019-06-23,1864.965,0.907,...
2019-06-30,1864.9525,0.907,...
2019-07-07,1862.065,0.907,...
2019-07-14,1862.065,0.907,...
2019-07-21,1858.87625,0.575,...
2019-07-28,1857.94,0.575,...
2019-08-04,1857.94,0.575,...
2019-08-11,1862.065,0.575,...
2019-08-18,1862.7475,0.575,...
2019-08-25,1862.875,0.575,...
2019-09-01,1862.875,0.575,...
2019-09-08,1865.1775,0.575,...
2019-09-15,1865.7775,0.575,...
2019-09-22,1865.7775,0.575,...
2019-09-29,1868.91,0.575,...
2019-10-06,1883.6625,0.575,...
2019-10-13,1887.4525,0.575,...
2019-10-20,1888.345,0.575,...
2019-10-27,1890.2525,0.575,...
2019-11-03,1892.2925,0.575,...
2019-11-10,1892.2925,0.575,...
2019-11-17,1893.8775,0.575,...
2019-11-24,1893.8775,0.575,...
2019-12-01,1898.38,0.575,...
2019-12-08,1898.38,0.575,...
2019-12-15,1898.7075,0.575,...
2019-12-22,1899.96,0.575,...
2019-12-29,1899.96,0.575,...
2020-01-05,1902.27,0.575,...
2020-01-12,1902.27,0.575,...
2020-01-19,1902.27,0.575,...
2020-01-26,1897.65,0.575,...
2020-02-02,1893.7875,0.575,...
2020-02-09,1893.7875,0.575,...
2020-02-16,1893.7875,0.575,...
2020-02-23,1893.7875,0.575,...
2020-03-01,1893.7875,0.575,...
2020-03-08,1893.7875,0.575,...
2020-03-15,1896.0175,0.575,...
2020-03-22,1896.0175,0.575,...
2020-03-29,1892.825,0.575,...
2020-04-05,1895.055,0.575,...
2020-04-12,1891.225,0.575,...
2020-04-19,1891.225,0.575,...
2020-04-26,1891.225,0.575,...
2020-05-03,1891.225,0.575,...
2020-05-10,1893.535,0.575,...
2020-05-17,1894.175,0.575,...
2020-05-24,1893.535,0.575,...
2020-05-31,1893.535,0.575,...
2020-06-07,1894.175,0.575,...
2020-06-14,1893.535,0.575,...
2020-06-21,1879.7875,0.575,...
2020-06-28,1878.35,0.575,...
2020-07-05,1874.8775,0.575,...
2020-07-12,1871.64,0.575,...
2020-07-19,1871.64,0.575,...
2020-07-26,1871.505,0.575,...
2020-08-02,1871.64,0.575,...
2020-08-09,1871.64,0.575,...
2020-08-16,1872.29,0.575,...
2020-08-23,1874.48,0.575,...
2020-08-30,1878.2975,0.575,...
2020-09-06,1878.2975,0.575,...
2020-09-13,1880.54,0.575,...
2020-09-20,1885.26,0.575,...
2020-09-27,1887.785,0.575,...
2020-10-04,1893.6725,0.575,...
2020-10-11,1899.905,0.575,...
2020-10-18,1899.905,0.575,...
2020-10-25,1904.7825,0.575,...
2020-11-01,1904.7825,0.575,...
2020-11-08,1907.865,0.575,...
2020-11-15,1915.1525,0.575,...
2020-11-22,1915.1525,0.575,...
2020-11-29,1893.6875,0.575,...
2020-12-06,1915.1525,0.575,...
2020-12-13,1915.1525,0.575,...
2020-12-20,1915.1525,0.575,...
2020-12-27,1906.615,0.575,...
2021-01-03,1905.41,0.575,...
2021-01-10,1905.41,0.575,...
2021-01-17,1906.615,0.575,...
2021-01-24,1906.615,0.575,...
2021-01-31,1905.41,0.575,...
2021-02-07,1905.41,0.575,...
2021-02-14,1912.815,0.575,...
2021-02-21,1912.815,0.575,...
2021-02-28,1912.815,0.575,...
2021-03-07,1913.89,0.575,.S.
2021-03-14,1909.835,0.575,...
2021-03-21,1913.89,0.575,...
2021-03-28,1928.15,0.575,...
2021-04-04,1909.835,0.575,...
2021-04-11,1922.275,0.575,...
2021-04-18,1927.5025,0.575,...
2021-04-25,1922.275,0.575,...
2021-05-02,1926.94,0.575,...
2021-05-09,1922.275,0.575,...
2021-05-16,1905.35,0.575,...
2021-05-23,1905.35,0.575,...
2021-05-30,1905.35,0.575,...
2021-06-06,1898.59,0.575,...
2021-06-13,1895.986666666667,0.575,...
2021-06-20,1895.986666666667,0.575,...
2021-06-27,1895.986666666667,0.575,...
2021-07-04,1895.986666666667,0.575,...
2021-07-11,1895.986666666667,0.575,...
2021-07-18,1895.986666666667,0.575,...
2021-07-25,1890.0875,0.575,...
2021-08-01,1890.0875,0.575,...
2021-08-08,1890.0875,0.575,...
2021-08-15,1890.505,0.575,...
2021-08-22,1899.79,0.575,...
2021-08-29,1905.9975,0.575,...
2021-09-05,1916.2625,0.575,...
2021-09-12,1919.3975,0.575,...
2021-09-19,1919.3975,0.575,...
2021-09-26,1919.3975,0.575,...
2021-10-03,1919.3975,0.575,...
2021-10-10,1926.095,0.575,...
2021-10-17,1927.58,0.575,...
2021-10-24,1936.3625,0.575,...
2021-10-31,1927.58,0.575,...
2021-11-07,1935.1825,0.575,...
2021-11-14,1935.1825,0.575,...
2021-11-21,1933.3625,0.575,...
2021-11-28,1933.3625,0.575,...
2021-12-05,1935.1825,0.575,...
2021-12-12,1935.1825,0.575,...
2021-12-19,1935.1825,0.575,...
2021-12-26,1935.9175,0.575,...
2022-01-02,1935.9175,0.575,...
2022-01-09,1939.735,0.575,...
2022-01-16,1939.8525,0.575,...
2022-01-23,1939.8525,0.575,...
2022-01-30,1939.8525,0.575,...
2022-02-06,1944.025,0.575,...
2022-02-13,1944.025,0.575,...
2022-02-20,1944.025,0.575,...
2022-02-27,1935.0625,0.575,...
2022-03-06,1928.685,0.575,...
2022-03-13,1928.37,0.575,...
2022-03-20,1923.625,0.575,...
2022-03-27,1922.0700000000002,0.575,...
2022-04-03,1922.0700000000002,0.575,...
2022-04-10,1923.625,0.575,...
2022-04-17,1919.21,0.575,...
2022-04-24,1925.9516666666664,0.575,...
2022-05-01,1925.9516666666664,0.575,...
2022-05-08,1925.9516666666664,0.575,...
2022-05-15,1925.9516666666664,0.575,...
2022-05-22,1921.935,0.575,...
2022-05-29,1919.78625,0.575,...
2022-06-05,1919.78625,0.575,...
2022-06-12,1919.78625,0.575,...
2022-06-19,1919.493333333333,0.575,...
2022-06-26,1919.78625,0.575,...
2022-07-03,1919.78625,0.575,...
2022-07-10,1919.493333333333,0.575,...
2022-07-17,1913.3733333333328,0.575,...
2022-07-24,1913.0025,0.575,...
2022-07-31,1911.8175,0.575,...
2022-08-07,1908.395,0.575,...
2022-08-14,1908.0633333333333,0.575,...
2022-08-21,1908.0633333333333,0.575,...
2022-08-28,1908.0633333333333,0.575,...
2022-09-04,1908.0633333333333,0.575,...
2022-09-11,1908.4016666666664,0.575,...
2022-09-18,1918.72,0.575,...
2022-09-25,1918.72,0.575,...
2022-10-02,1932.5716666666667,0.575,...
2022-10-09,1932.5716666666667,0.575,...
2022-10-16,1933.6616666666664,0.575,...
2022-10-23,1945.1233333333328,0.575,...
2022-10-30,1952.2725,0.575,...
2022-11-06,1953.0525,0.575,...
2022-11-13,1954.3945833333335,0.575,...
2022-11-20,1953.0525,0.575,...
2022-11-27,1952.6625,0.575,...
2022-12-04,1952.6625,,
2022-12-11,1952.26,,
2022-12-18,1950.8125,,
2022-12-25,1941.76,0.575,...
2023-01-01,1933.3625,0.575,...
2023-01-08,1937.23875,0.575,...
2023-01-15,1934.81,0.575,...
2023-01-22,1933.3625,0.575,...
2023-01-29,1933.3625,0.575,...
2023-02-05,1934.0862499999998,0.575,...
2023-02-12,1934.81,0.575,...
2023-02-19,1936.42,0.575,...
2023-02-26,1936.42,,
2023-03-05,1936.42,,
2023-03-12,1936.42,0.575,...
2023-03-19,1936.42,0.575,...
2023-03-26,1937.02625,0.575,...
2023-04-02,1937.02625,0.575,...
2023-04-09,1940.70625,0.575,...
2023-04-16,1943.47125,0.575,...
2023-04-23,1943.47125,,
2023-04-30,1943.78,0.575,...
2023-05-07,1943.1625,0.575,...
2023-05-14,1943.1625,0.575,...
2023-05-21,1943.47125,,
2023-05-28,1943.1625,0.575,...
2023-06-04,1941.835,0.575,...
2023-06-11,1953.505,0.575,...
2023-06-18,1947.67,,
2023-06-25,1947.67,0.575,...
2023-07-02,1938.19625,0.575,...
2023-07-09,1932.55875,0.575,...
2023-07-16,1932.55875,0.575,...
2023-07-23,1923.0575,0.575,...
2023-07-30,1917.5324999999998,0.575,...
2023-08-06,1917.5324999999998,,
2023-08-13,1914.93375,0.575,...
2023-08-20,1914.93375,0.575,...
2023-08-27,1916.91125,0.575,...
2023-09-03,1914.3125,0.575,...
2023-09-10,1919.51,0.575,...
2023-09-17,1921.765,0.575,...
2023-09-24,1922.6375,0.575,...
2023-10-01,1947.195,0.575,.S.
2023-10-08,1953.2175,0.575,...
2023-10-15,1947.195,0.575,...
2023-10-22,1954.88,0.575,.S.
2023-10-29,1954.88,0.575,...
2023-11-05,1954.9125,0.575,...
2023-11-12,1954.9125,0.575,...
2023-11-19,1946.63,0.575,...
2023-11-26,1946.6625,,
2023-12-03,1952.6125,0.575,...
2023-12-10,1947.3987499999998,0.575,...
2023-12-17,1944.5175,0.575,...
2023-12-24,1944.5175,0.575,...
2023-12-31,1947.3987499999998,0.575,...
