index,date,ch4_ppb,value_unc
0,1991-01-08,1719.845,2.71
1,1991-01-15,1736.94,2.71
2,1991-01-22,1728.335,2.71
3,1991-01-29,1716.08,2.71
4,1991-02-05,1727.43,2.71
5,1991-02-12,1722.565,2.71
6,1991-02-19,1748.25,2.71
7,1991-02-26,1739.58,2.71
8,1991-03-05,1712.24,2.71
9,1991-03-12,1770.59,2.71
10,1991-03-19,1763.39,2.71
11,1991-03-26,1736.425,2.71
12,1991-04-02,1758.555,2.71
13,1991-04-09,1745.325,2.71
14,1991-04-16,1723.255,2.71
15,1991-04-23,1768.575,2.71
16,1991-04-30,1739.695,2.71
17,1991-05-07,1753.25,2.71
18,1991-05-14,1744.185,2.71
19,1991-05-21,1752.04,2.71
20,1991-05-28,1762.85,2.71
21,1991-06-04,1752.585,2.71
22,1991-06-11,1732.59,2.71
23,1991-06-18,1729.005,2.71
24,1991-06-25,1723.465,2.71
25,1991-07-02,1750.515,2.71
26,1991-07-09,1736.065,2.71
27,1991-07-16,1728.5,2.71
28,1991-07-23,1737.8766666666668,2.7099999999999995
29,1991-07-30,1725.525,2.71
30,1991-08-06,1731.2800000000002,2.71
31,1991-08-13,1723.6875,2.71
32,1991-08-20,1716.095,2.71
33,1991-08-27,1725.13,2.71
34,1991-09-03,1717.7075,2.71
35,1991-09-10,1710.285,2.71
36,1991-09-17,1736.88,2.71
37,1991-09-24,1752.695,2.71
38,1991-10-01,1741.71,2.71
39,1991-10-08,1755.915,2.71
40,1991-10-15,1745.78,2.71
41,1991-10-22,1747.655,2.71
42,1991-10-29,1749.47,2.71
43,1991-11-05,1758.705,2.71
44,1991-11-12,1760.1799999999998,2.71
45,1991-11-19,1758.02,2.71
46,1991-11-26,1733.075,2.71
47,1991-12-03,1745.04,2.71
48,1991-12-10,1758.025,2.71
49,1991-12-17,1733.97,2.71
50,1991-12-24,1747.455,2.71
51,1991-12-31,1774.8175,2.71
52,1992-01-07,1760.13875,2.71
53,1992-01-14,1745.46,2.71
54,1992-01-21,1757.735,2.71
55,1992-01-28,1759.025,2.71
56,1992-02-04,1752.945,2.71
57,1992-02-11,1745.15,2.71
58,1992-02-18,1761.23,2.71
59,1992-02-25,1741.735,2.71
60,1992-03-03,1737.42,2.71
61,1992-03-10,1756.54,2.71
62,1992-03-17,1763.915,2.71
63,1992-03-24,1755.8674999999998,2.71
64,1992-03-31,1747.82,2.71
65,1992-04-07,1745.375,2.71
66,1992-04-14,1752.0300000000002,2.71
67,1992-04-21,1760.425,2.71
68,1992-04-28,1751.77,2.71
69,1992-05-05,1755.395,2.71
70,1992-05-12,1767.965,2.71
71,1992-05-19,1719.13,2.71
72,1992-05-26,1726.565,2.71
73,1992-06-02,1746.34,2.71
74,1992-06-09,1744.785,2.71
75,1992-06-16,1746.63,2.71
76,1992-06-23,1754.6149999999998,2.71
77,1992-06-30,1734.625,2.71
78,1992-07-07,1729.52,2.71
79,1992-07-14,1761.64,2.71
80,1992-07-21,1739.345,2.71
81,1992-07-28,1709.02,2.71
82,1992-08-04,1744.595,2.71
83,1992-08-11,1721.4499999999998,2.71
84,1992-08-18,1721.67,2.71
85,1992-08-25,1727.735,2.71
86,1992-09-01,1726.7624999999998,2.71
87,1992-09-08,1725.79,2.71
88,1992-09-15,1713.43,2.71
89,1992-09-22,1763.245,2.71
90,1992-09-29,1725.31,2.71
91,1992-10-06,1735.865,2.71
92,1992-10-13,1736.0500000000002,2.71
93,1992-10-20,1723.23,2.71
94,1992-10-27,1742.395,2.71
95,1992-11-03,1771.815,2.71
96,1992-11-10,1712.6550000000002,2.71
97,1992-11-17,1779.005,2.71
98,1992-11-24,1767.7625,2.71
99,1992-12-01,1756.52,2.71
100,1992-12-08,1751.4250000000002,2.71
101,1992-12-15,1770.62,2.71
102,1992-12-22,1750.82,2.71
103,1992-12-29,1750.9225000000001,2.71
104,1993-01-05,1751.025,2.71
105,1993-01-12,1742.275,2.71
106,1993-01-19,1772.84,2.71
107,1993-01-26,1736.495,2.71
108,1993-02-02,1742.23,2.71
109,1993-02-09,1740.84,2.71
110,1993-02-16,1743.81,2.71
111,1993-02-23,1734.955,2.71
112,1993-03-02,1738.8049999999998,2.71
113,1993-03-09,1767.955,2.71
114,1993-03-16,1766.5549999999998,2.71
115,1993-03-23,1751.51,2.71
116,1993-03-30,1736.625,2.71
117,1993-04-06,1740.44,2.71
118,1993-04-13,1726.27,2.71
119,1993-04-20,1750.5500000000002,2.71
120,1993-04-27,1756.12,2.71
121,1993-05-04,1749.585,2.71
122,1993-05-11,1748.395,2.71
123,1993-05-18,1753.53,2.71
124,1993-05-25,1755.52,2.71
125,1993-06-01,1754.595,2.71
126,1993-06-08,1729.975,2.71
127,1993-06-15,1747.165,2.71
128,1993-06-22,1742.2399999999998,2.71
129,1993-06-29,1745.86,2.71
130,1993-07-06,1756.775,2.71
131,1993-07-13,1724.71,2.71
132,1993-07-20,1727.315,2.71
133,1993-07-27,1723.8000000000002,2.71
134,1993-08-03,1731.14,2.71
135,1993-08-10,1726.995,2.71
136,1993-08-17,1724.495,2.71
137,1993-08-24,1727.99,2.71
138,1993-08-31,1737.855,2.71
139,1993-09-07,1756.485,2.71
140,1993-09-14,1760.265,2.71
141,1993-09-21,1744.7275,2.71
142,1993-09-28,1729.19,2.71
143,1993-10-05,1740.4725,2.71
144,1993-10-12,1751.755,2.71
145,1993-10-19,1776.6799999999998,2.71
146,1993-10-26,1762.0749999999998,2.71
147,1993-11-02,1776.66,2.71
148,1993-11-09,1754.45,2.71
149,1993-11-16,1775.465,2.71
150,1993-11-23,1776.38,2.71
151,1993-11-30,1767.5500000000002,2.71
152,1993-12-07,1762.5300000000002,2.71
153,1993-12-14,1759.205,2.71
154,1993-12-21,1755.63,2.71
155,1993-12-28,1773.735,2.71
156,1994-01-04,1756.735,2.71
157,1994-01-11,1759.045,2.71
158,1994-01-18,1750.295,2.71
159,1994-01-25,1766.48,2.71
160,1994-02-01,1779.005,2.71
161,1994-02-08,1754.65,2.71
162,1994-02-15,1754.8000000000002,2.71
163,1994-02-22,1730.415,2.71
164,1994-03-01,1769.3249999999998,2.71
165,1994-03-08,1731.49,2.71
166,1994-03-15,1735.085,2.71
167,1994-03-22,1768.6950000000002,2.71
168,1994-03-29,1780.42,2.71
169,1994-04-05,1754.09,2.71
170,1994-04-12,1763.255,2.71
171,1994-04-19,1753.36,2.71
172,1994-04-26,1786.455,2.71
173,1994-05-03,1759.585,2.71
174,1994-05-10,1752.22,2.71
175,1994-05-17,1754.45,2.71
176,1994-05-24,1753.635,2.71
177,1994-05-31,1752.16,2.71
178,1994-06-07,1753.1,2.71
179,1994-06-14,1743.1325,2.71
180,1994-06-21,1738.43,2.71
181,1994-06-28,1750.12,2.71
182,1994-07-05,1749.11,2.71
183,1994-07-12,1738.13,2.71
184,1994-07-19,1740.41,2.71
185,1994-07-26,1731.41,2.71
186,1994-08-02,1729.815,2.71
187,1994-08-09,1733.76,2.71
188,1994-08-16,1731.14,2.71
189,1994-08-23,1735.73,2.71
190,1994-08-30,1741.9250000000002,2.71
191,1994-09-06,1734.92,2.71
192,1994-09-13,1753.0500000000002,2.71
193,1994-09-20,1755.55,2.71
194,1994-09-27,1774.125,2.71
195,1994-10-04,1766.73,2.71
196,1994-10-11,1769.91,2.71
197,1994-10-18,1767.655,2.71
198,1994-10-25,1802.265,2.71
199,1994-11-01,1790.84,2.71
200,1994-11-08,1768.595,2.71
201,1994-11-15,1786.2600000000002,2.71
202,1994-11-22,1765.3200000000002,2.71
203,1994-11-29,1789.535,2.71
204,1994-12-06,1773.385,2.71
205,1994-12-13,1786.79,2.71
206,1994-12-20,1780.69,2.71
207,1994-12-27,1778.6775,2.71
208,1995-01-03,1776.665,2.71
209,1995-01-10,1791.57,2.71
210,1995-01-17,1761.525,2.71
211,1995-01-24,1750.58,2.71
212,1995-01-31,1748.245,2.71
213,1995-02-07,1746.81,2.71
214,1995-02-14,1772.3000000000002,2.71
215,1995-02-21,1747.375,2.71
216,1995-02-28,1766.64,2.71
217,1995-03-07,1774.85,2.71
218,1995-03-14,1764.06,2.71
219,1995-03-21,1749.5549999999998,2.71
220,1995-03-28,1762.98,2.71
221,1995-04-04,1771.625,2.71
222,1995-04-11,1774.095,2.71
223,1995-04-18,1764.11,2.71
224,1995-04-25,1754.6,2.71
225,1995-05-02,1782.615,2.71
226,1995-05-09,1733.1799999999998,2.71
227,1995-05-16,1754.265,2.71
228,1995-05-23,1759.975,2.71
229,1995-05-30,1779.66,2.71
230,1995-06-06,1776.215,2.71
231,1995-06-13,1762.185,2.71
232,1995-06-20,1748.84,2.71
233,1995-06-27,1765.865,2.71
234,1995-07-04,1748.255,2.71
235,1995-07-11,1746.79,2.71
236,1995-07-18,1745.73,2.71
237,1995-07-25,1753.565,2.71
238,1995-08-01,1736.8049999999998,2.71
239,1995-08-08,1745.44,2.71
240,1995-08-15,1755.2199999999998,2.71
241,1995-08-22,1766.32,2.71
242,1995-08-29,1759.915,2.71
243,1995-09-05,1772.215,2.71
244,1995-09-12,1740.62,2.71
245,1995-09-19,1742.8249999999998,2.71
246,1995-09-26,1751.0100000000002,2.71
247,1995-10-03,1772.34,2.71
248,1995-10-10,1776.245,2.71
249,1995-10-17,1791.1799999999998,2.71
250,1995-10-24,1780.17,2.71
251,1995-10-31,1764.025,2.71
252,1995-11-07,1744.405,2.71
253,1995-11-14,1776.185,2.71
254,1995-11-21,1754.955,2.71
255,1995-11-28,1785.41,2.71
256,1995-12-05,1769.4250000000002,2.71
257,1995-12-12,1765.8000000000002,2.71
258,1995-12-19,1770.1750000000002,2.71
259,1995-12-26,1774.5900000000001,2.71
260,1996-01-02,1779.005,2.71
261,1996-01-09,1783.42,2.71
262,1996-01-16,1787.835,2.71
263,1996-01-23,1755.6,2.71
264,1996-01-30,1757.4325,2.71
265,1996-02-06,1759.265,2.71
266,1996-02-13,1773.1750000000002,2.71
267,1996-02-20,1759.005,2.71
268,1996-02-27,1793.45,2.71
269,1996-03-05,1780.92,2.71
270,1996-03-12,1775.855,2.71
271,1996-03-19,1756.6950000000002,2.71
272,1996-03-26,1787.23,2.71
273,1996-04-02,1759.43,2.71
274,1996-04-09,1741.21,2.71
275,1996-04-16,1761.48,2.71
276,1996-04-23,1760.8049999999998,2.71
277,1996-04-30,1760.085,2.71
278,1996-05-07,1743.95,2.71
279,1996-05-14,1769.605,2.71
280,1996-05-21,1766.46,2.71
281,1996-05-28,1753.64,2.71
282,1996-06-04,1740.29,2.71
283,1996-06-11,1755.06,2.71
284,1996-06-18,1751.995,2.71
285,1996-06-25,1761.245,2.71
286,1996-07-02,1742.1750000000002,2.71
287,1996-07-09,1750.78,2.71
288,1996-07-16,1753.575,2.71
289,1996-07-23,1753.21,2.71
290,1996-07-30,1737.16,2.71
291,1996-08-06,1756.435,2.71
292,1996-08-13,1738.35,2.71
293,1996-08-20,1741.59,2.71
294,1996-08-27,1738.21,2.71
295,1996-09-03,1737.365,2.71
296,1996-09-10,1759.4499999999998,2.71
297,1996-09-17,1772.47,2.71
298,1996-09-24,1782.63,2.71
299,1996-10-01,1793.39,2.71
300,1996-10-08,1758.295,2.71
301,1996-10-15,1779.94,2.71
302,1996-10-22,1766.905,2.71
303,1996-10-29,1778.56,2.71
304,1996-11-05,1773.995,2.71
305,1996-11-12,1756.115,2.71
306,1996-11-19,1755.725,2.71
307,1996-11-26,1776.0700000000002,2.71
308,1996-12-03,1777.3,2.71
309,1996-12-10,1780.305,2.71
310,1996-12-17,1777.48,2.71
311,1996-12-24,1780.37,2.71
312,1996-12-31,1769.6925,2.71
313,1997-01-07,1759.015,2.71
314,1997-01-14,1759.4450000000002,2.71
315,1997-01-21,1774.125,2.71
316,1997-01-28,1783.475,2.71
317,1997-02-04,1762.15,2.71
318,1997-02-11,1766.4,2.71
319,1997-02-18,1772.965,2.71
320,1997-02-25,1774.995,2.71
321,1997-03-04,1763.48,2.71
322,1997-03-11,1778.09,2.71
323,1997-03-18,1757.355,2.71
324,1997-03-25,1777.42,2.71
325,1997-04-01,1780.485,2.71
326,1997-04-08,1785.9299999999998,2.71
327,1997-04-15,1786.275,2.71
328,1997-04-22,1787.0700000000002,2.71
329,1997-04-29,1777.83,2.71
330,1997-05-06,1766.245,2.71
331,1997-05-13,1782.665,2.055
332,1997-05-20,1784.875,2.055
333,1997-05-27,1764.275,2.055
334,1997-06-03,1755.5925,1.7275
335,1997-06-10,1785.688,1.924
336,1997-06-17,1788.8,2.055
337,1997-06-24,1756.0175,2.055
338,1997-07-01,1764.862,1.924
339,1997-07-08,1765.2599999999998,1.924
340,1997-07-15,1740.6075,2.055
341,1997-07-22,1751.3275,2.055
342,1997-07-29,1760.3325,2.055
343,1997-08-05,1740.2375,1.4
344,1997-08-12,1741.385,1.4
345,1997-08-19,1730.8375,1.4
346,1997-08-26,1760.235,1.4
347,1997-09-02,1770.3325,1.4
348,1997-09-09,1762.8325,1.4
349,1997-09-16,1770.2166666666665,1.3999999999999997
350,1997-09-23,1786.5470833333334,1.4
351,1997-09-30,1802.8775,1.4
352,1997-10-07,1777.2975,1.4
353,1997-10-14,1759.2375,1.4
354,1997-10-21,1793.755,1.4
355,1997-10-28,1792.44,1.4
356,1997-11-04,1782.545,1.4
357,1997-11-11,1784.125,1.4
358,1997-11-18,1773.85,1.4
359,1997-11-25,1791.19,1.4
360,1997-12-02,1780.71,1.4
361,1997-12-09,1785.125,1.4
362,1997-12-16,1792.045,1.4
363,1997-12-23,1786.4775,1.4
364,1997-12-30,1780.46375,1.4
365,1998-01-06,1774.45,1.4
366,1998-01-13,1767.7033333333336,1.3999999999999997
367,1998-01-20,1768.935,1.4
368,1998-01-27,1763.67,1.4
369,1998-02-03,1782.9699999999998,1.4
370,1998-02-10,1777.5475,1.4
371,1998-02-17,1753.8925,1.4
372,1998-02-24,1758.64,1.4
373,1998-03-03,1761.6825,1.4
374,1998-03-10,1783.6525,1.4
375,1998-03-17,1761.55,1.4
376,1998-03-24,1780.29,1.4
377,1998-03-31,1779.6775,1.4
378,1998-04-07,1781.585,1.4
379,1998-04-14,1791.5925,1.4
380,1998-04-21,1772.9525,1.4
381,1998-04-28,1779.3025,1.4
382,1998-05-05,1787.3925,1.4
383,1998-05-12,1779.1175,1.4
384,1998-05-19,1768.3275,1.4
385,1998-05-26,1781.39,1.4
386,1998-06-02,1780.2075,1.4
387,1998-06-09,1781.0625,1.4
388,1998-06-16,1801.355,1.4
389,1998-06-23,1778.4975,1.4
390,1998-06-30,1775.375,1.4
391,1998-07-07,1767.5025,1.4
392,1998-07-14,1755.015,1.4
393,1998-07-21,1755.8733333333332,1.3999999999999997
394,1998-07-28,1766.655,1.4
395,1998-08-04,1760.215,1.4
396,1998-08-11,1752.765,1.4
397,1998-08-18,1751.47,1.4
398,1998-08-25,1763.16,1.4
399,1998-09-01,1766.14,1.4
400,1998-09-08,1757.5275,1.4
401,1998-09-15,1763.485,1.4
402,1998-09-22,1783.5625,1.4
403,1998-09-29,1781.22,1.4
404,1998-10-06,1767.205,1.4
405,1998-10-13,1787.44,1.4
406,1998-10-20,1785.3525,1.4
407,1998-10-27,1806.17,1.4
408,1998-11-03,1795.41,1.3999999999999997
409,1998-11-10,1791.9725,1.4
410,1998-11-17,1780.13,1.4
411,1998-11-24,1797.2925,1.4
412,1998-12-01,1799.115,1.4
413,1998-12-08,1819.72,1.4
414,1998-12-15,1809.2475,1.4
415,1998-12-22,1808.86,1.4
416,1998-12-29,1803.1075,1.4
417,1999-01-05,1792.895,1.4
418,1999-01-12,1788.4975,1.4
419,1999-01-19,1793.0225,1.4
420,1999-01-26,1789.735,1.4
421,1999-02-02,1808.495,1.4
422,1999-02-09,1800.1025,1.4
423,1999-02-16,1796.8025,1.4
424,1999-02-23,1772.8725,1.4
425,1999-03-02,1779.9625,1.4
426,1999-03-09,1751.875,1.4
427,1999-03-16,1800.4775,1.4
428,1999-03-23,1787.615,1.4
429,1999-03-30,1788.475,1.4
430,1999-04-06,1804.875,1.4
431,1999-04-13,1811.6375,1.4
432,1999-04-20,1799.7175,1.4
433,1999-04-27,1761.5825,1.4
434,1999-05-04,1767.3375,1.4
435,1999-05-11,1788.37,1.4
436,1999-05-18,1773.365,1.4
437,1999-05-25,1766.5025,1.4
438,1999-06-01,1770.9475,1.4
439,1999-06-08,1787.7175,1.4
440,1999-06-15,1757.875,1.4
441,1999-06-22,1761.3575,1.4
442,1999-06-29,1774.6225,1.4
443,1999-07-06,1787.805,1.4
444,1999-07-13,1765.91,1.4
445,1999-07-20,1761.1925,1.4
446,1999-07-27,1769.1425,1.4
447,1999-08-03,1764.1725000000001,1.4
448,1999-08-10,1759.2025,1.4
449,1999-08-17,1764.33,1.3999999999999997
450,1999-08-24,1763.285,1.4
451,1999-08-31,1767.165,1.4
452,1999-09-07,1796.95,1.4
453,1999-09-14,1788.8075,1.4
454,1999-09-21,1776.4675,1.4
455,1999-09-28,1808.525,1.4
456,1999-10-05,1802.54,1.4
457,1999-10-12,1769.35,1.4
458,1999-10-19,1799.9275,1.4
459,1999-10-26,1786.2325,1.4
460,1999-11-02,1801.6,1.4
461,1999-11-09,1785.725,1.4
462,1999-11-16,1815.4575,1.4
463,1999-11-23,1790.54,1.4
464,1999-11-30,1796.9825,1.4
465,1999-12-07,1808.225,1.4
466,1999-12-14,1796.0925,1.4
467,1999-12-21,1796.86,1.4
468,1999-12-28,1795.6175,1.4
469,2000-01-04,1812.5725,1.4
470,2000-01-11,1800.4775,1.4
471,2000-01-18,1790.37,1.4
472,2000-01-25,1818.075,1.4
473,2000-02-01,1814.2725,1.4
474,2000-02-08,1785.445,1.4
475,2000-02-15,1796.6525,1.4
476,2000-02-22,1783.265,1.4
477,2000-02-29,1793.1225,1.4
478,2000-03-07,1802.7575,1.4
479,2000-03-14,1768.6875,1.4
480,2000-03-21,1803.8975,1.4
481,2000-03-28,1788.2875,1.4
482,2000-04-04,1793.2375,1.4
483,2000-04-11,1790.79,1.3999999999999997
484,2000-04-18,1800.535,1.4
485,2000-04-25,1788.205,1.4
486,2000-05-02,1784.915,1.4
487,2000-05-09,1766.4875,1.4
488,2000-05-16,1774.41,1.4
489,2000-05-23,1765.3325,1.4
490,2000-05-30,1765.44,1.4
491,2000-06-06,1773.7425,1.4
492,2000-06-13,1785.715,1.4
493,2000-06-20,1763.27,1.4
494,2000-06-27,1785.1174999999998,1.4
495,2000-07-04,1773.0825,1.4
496,2000-07-11,1769.3575,1.4
497,2000-07-18,1765.3225,1.4
498,2000-07-25,1763.0675,1.4
499,2000-08-01,1766.27,1.4
500,2000-08-08,1767.435,1.4
501,2000-08-15,1770.2725,1.4
502,2000-08-22,1764.885,1.4
503,2000-08-29,1761.675,1.4
504,2000-09-05,1758.4299999999998,1.4
505,2000-09-12,1763.325,1.4
506,2000-09-19,1770.2675,1.4
507,2000-09-26,1777.15,1.4
508,2000-10-03,1785.535,1.4
509,2000-10-10,1799.6266666666668,1.3999999999999997
510,2000-10-17,1794.155,1.4
511,2000-10-24,1799.17625,1.4
512,2000-10-31,1804.1975,1.4
513,2000-11-07,1803.3033333333333,1.4
514,2000-11-14,1802.4091666666668,1.4
515,2000-11-21,1801.515,1.4
516,2000-11-28,1787.815,1.4
517,2000-12-05,1791.47,1.4
518,2000-12-12,1793.01125,1.4
519,2000-12-19,1794.5525,1.4
520,2000-12-26,1786.9725,1.4
521,2001-01-02,1786.8575,1.4
522,2001-01-09,1790.0075,1.4
523,2001-01-16,1785.1625,1.4
524,2001-01-23,1792.8966666666668,1.3999999999999997
525,2001-01-30,1803.3925,1.4
526,2001-02-06,1785.8675,1.4
527,2001-02-13,1767.18,1.4
528,2001-02-20,1812.6775,1.4
529,2001-02-27,1791.005,1.4
530,2001-03-06,1795.05,1.4
531,2001-03-13,1803.7775,1.4
532,2001-03-20,1810.3725,1.4
533,2001-03-27,1814.2825,1.4
534,2001-04-03,1780.0233333333333,1.3999999999999997
535,2001-04-10,1780.365,1.4
536,2001-04-17,1826.3775,1.4
537,2001-04-24,1800.2675,1.4
538,2001-05-01,1782.6233333333332,1.3999999999999997
539,2001-05-08,1801.3125,1.4
540,2001-05-15,1789.4025,1.4
541,2001-05-22,1762.2925,1.4
542,2001-05-29,1784.66,1.4
543,2001-06-05,1781.015,1.4
544,2001-06-12,1779.7475,1.4
545,2001-06-19,1766.0025,1.4
546,2001-06-26,1780.97,1.4
547,2001-07-03,1758.1399999999999,1.4
548,2001-07-10,1767.12375,1.4
549,2001-07-17,1776.1075,1.4
550,2001-07-24,1783.925,1.4
551,2001-07-31,1769.565,1.4
552,2001-08-07,1767.0925,1.4
553,2001-08-14,1761.385,1.4
554,2001-08-21,1762.435,1.4
555,2001-08-28,1761.8675,1.4
556,2001-09-04,1763.07,1.4
557,2001-09-11,1760.615,1.4
558,2001-09-18,1759.115,1.4
559,2001-09-25,1789.7225,1.4
560,2001-10-02,1821.375,1.4
561,2001-10-09,1777.94,1.4
562,2001-10-16,1804.5433333333333,1.3999999999999997
563,2001-10-23,1782.955,1.4
564,2001-10-30,1760.885,1.4
565,2001-11-06,1804.735,1.4
566,2001-11-13,1785.1775,1.4
567,2001-11-20,1805.995,1.4
568,2001-11-27,1792.09625,1.4
569,2001-12-04,1778.1975,1.4
570,2001-12-11,1801.8125,1.4
571,2001-12-18,1821.2775,1.4
572,2001-12-25,1785.715,1.4
573,2002-01-01,1791.585,1.4
574,2002-01-08,1784.7275,1.4
575,2002-01-15,1786.915,1.4
576,2002-01-22,1798.385,1.4
577,2002-01-29,1781.8075,1.4
578,2002-02-05,1780.12,1.4
579,2002-02-12,1777.37,1.4
580,2002-02-19,1787.9775,1.4
581,2002-02-26,1779.4925,1.4
582,2002-03-05,1786.6,1.4
583,2002-03-12,1781.035,1.4
584,2002-03-19,1791.6275,1.4
585,2002-03-26,1805.0625,1.4
586,2002-04-02,1790.1475,1.4
587,2002-04-09,1764.5075000000002,1.4
588,2002-04-16,1765.9825,1.4
589,2002-04-23,1782.1875,1.4
590,2002-04-30,1796.715,1.4
591,2002-05-07,1798.6625,1.4
592,2002-05-14,1759.385,1.4
593,2002-05-21,1763.1675,1.4
594,2002-05-28,1782.5375,1.4
595,2002-06-04,1782.51,1.4
596,2002-06-11,1790.235,1.4
597,2002-06-18,1782.26,1.4
598,2002-06-25,1764.4725,1.4
599,2002-07-02,1771.0175,1.4
600,2002-07-09,1772.8025,1.4
601,2002-07-16,1765.6225,1.4
602,2002-07-23,1762.6025,1.4
603,2002-07-30,1771.1675,1.4
604,2002-08-06,1757.53,1.4
605,2002-08-13,1778.0175,1.4
606,2002-08-20,1759.615,1.4
607,2002-08-27,1760.875,1.4
608,2002-09-03,1768.945,1.4
609,2002-09-10,1779.5825,1.4
610,2002-09-17,1780.56375,1.4
611,2002-09-24,1781.545,1.4
612,2002-10-01,1786.14,1.4
613,2002-10-08,1791.99,1.4
614,2002-10-15,1802.875,1.4
615,2002-10-22,1764.8375,1.4
616,2002-10-29,1814.735,1.4
617,2002-11-05,1822.4075,1.4
618,2002-11-12,1801.5575,1.4
619,2002-11-19,1779.63,1.4
620,2002-11-26,1805.1975,1.4
621,2002-12-03,1796.9075,1.4
622,2002-12-10,1799.355,1.4
623,2002-12-17,1811.995,1.4
624,2002-12-24,1789.17,1.4
625,2002-12-31,1785.1325,1.4
626,2003-01-07,1781.79125,1.4
627,2003-01-14,1778.45,1.4
628,2003-01-21,1777.6075,1.4
629,2003-01-28,1803.55,1.4
630,2003-02-04,1787.4575,1.4
631,2003-02-11,1781.235,1.4
632,2003-02-18,1779.145,1.4
633,2003-02-25,1812.1325,1.4
634,2003-03-04,1794.73,1.4
635,2003-03-11,1793.785,1.4
636,2003-03-18,1800.4825,1.4
637,2003-03-25,1796.81,1.4
638,2003-04-01,1793.14,1.4
639,2003-04-08,1792.2075,1.4
640,2003-04-15,1786.0475,1.4
641,2003-04-22,1801.6925,1.4
642,2003-04-29,1796.86875,1.87
643,2003-05-06,1795.518125,1.87
644,2003-05-13,1794.1675,1.87
645,2003-05-20,1765.89,1.87
646,2003-05-27,1802.11,1.87
647,2003-06-03,1777.13625,1.87
648,2003-06-10,1789.815,1.87
649,2003-06-17,1784.8383333333334,1.87
650,2003-06-24,1764.57,1.87
651,2003-07-01,1791.79,1.87
652,2003-07-08,1804.3625,1.87
653,2003-07-15,1790.1295833333334,1.87
654,2003-07-22,1775.8966666666668,1.87
655,2003-07-29,1773.8358333333335,1.87
656,2003-08-05,1771.775,1.87
657,2003-08-12,1764.77,1.87
658,2003-08-19,1762.77,1.87
659,2003-08-26,1762.165,1.87
660,2003-09-02,1771.4725,1.87
661,2003-09-09,1801.125,1.87
662,2003-09-16,1795.8725,1.87
663,2003-09-23,1804.755,1.87
664,2003-09-30,1778.9975,1.87
665,2003-10-07,1773.21,1.87
666,2003-10-14,1810.825,1.87
667,2003-10-21,1801.21625,1.87
668,2003-10-28,1791.6075,1.87
669,2003-11-04,1789.345,1.87
670,2003-11-11,1820.995,1.87
671,2003-11-18,1823.2775,1.87
672,2003-11-25,1829.595,1.87
673,2003-12-02,1793.05,1.87
674,2003-12-09,1777.3825,1.87
675,2003-12-16,1806.57,1.87
676,2003-12-23,1798.485,1.87
677,2003-12-30,1798.0,1.87
678,2004-01-06,1779.585,1.87
679,2004-01-13,1786.135,1.87
680,2004-01-20,1781.6875,1.87
681,2004-01-27,1788.0925,1.87
682,2004-02-03,1794.1175,1.87
683,2004-02-10,1795.3975,1.87
684,2004-02-17,1831.695,1.87
685,2004-02-24,1789.2175,1.87
686,2004-03-02,1778.165,1.87
687,2004-03-09,1785.5375,1.87
688,2004-03-16,1825.8775,1.87
689,2004-03-23,1820.665,1.87
690,2004-03-30,1784.7725,1.87
691,2004-04-06,1822.5275,1.87
692,2004-04-13,1804.2575,1.87
693,2004-04-20,1805.3625,1.87
694,2004-04-27,1822.04,1.87
695,2004-05-04,1794.915,1.87
696,2004-05-11,1797.905,1.87
697,2004-05-18,1778.0725,1.87
698,2004-05-25,1767.2225,1.87
699,2004-06-01,1808.33,1.87
700,2004-06-08,1780.5575,1.87
701,2004-06-15,1776.1325,1.87
702,2004-06-22,1786.6,1.87
703,2004-06-29,1767.745,1.87
704,2004-07-06,1762.06,1.87
705,2004-07-13,1779.4025,1.87
706,2004-07-20,1806.02,1.87
707,2004-07-27,1775.8125,1.87
708,2004-08-03,1766.4925,1.87
709,2004-08-10,1755.8525,1.87
710,2004-08-17,1770.6075,1.87
711,2004-08-24,1760.3533333333337,1.87
712,2004-08-31,1778.0125,1.87
713,2004-09-07,1786.4499999999998,1.87
714,2004-09-14,1777.1425,1.87
715,2004-09-21,1765.465,1.87
716,2004-09-28,1786.6174999999998,1.87
717,2004-10-05,1773.5125,1.87
718,2004-10-12,1816.9225,1.87
719,2004-10-19,1776.735,1.87
720,2004-10-26,1793.3875,1.87
721,2004-11-02,1781.3274999999999,1.87
722,2004-11-09,1796.9475,1.87
723,2004-11-16,1812.5675,1.87
724,2004-11-23,1812.5775,1.87
725,2004-11-30,1798.17,1.87
726,2004-12-07,1809.91,1.87
727,2004-12-14,1797.635,1.87
728,2004-12-21,1791.1725,1.87
729,2004-12-28,1795.515,1.87
730,2005-01-04,1784.035,1.87
731,2005-01-11,1790.8425,1.87
732,2005-01-18,1803.175,1.87
733,2005-01-25,1774.6875,1.87
734,2005-02-01,1786.3025,1.87
735,2005-02-08,1792.02,1.87
736,2005-02-15,1781.5375,1.87
737,2005-02-22,1808.19,1.87
738,2005-03-01,1805.84,1.87
739,2005-03-08,1819.2275,1.87
740,2005-03-15,1776.615,1.87
741,2005-03-22,1822.4,1.87
742,2005-03-29,1780.7075,1.87
743,2005-04-05,1812.265,1.87
744,2005-04-12,1799.4975,1.87
745,2005-04-19,1791.205,1.87
746,2005-04-26,1789.34,1.87
747,2005-05-03,1787.475,1.87
748,2005-05-10,1771.2425,1.87
749,2005-05-17,1777.1125000000002,1.87
750,2005-05-24,1770.68,1.87
751,2005-05-31,1790.76,1.87
752,2005-06-07,1794.5600000000002,1.87
753,2005-06-14,1771.6075,1.87
754,2005-06-21,1765.375,1.87
755,2005-06-28,1803.145,1.87
756,2005-07-05,1771.0075,1.87
757,2005-07-12,1771.2725,1.87
758,2005-07-19,1761.6025,1.87
759,2005-07-26,1773.9225000000001,1.87
760,2005-08-02,1769.1875,1.87
761,2005-08-09,1764.4525,1.87
762,2005-08-16,1763.15875,2.05
763,2005-08-23,1770.864375,2.05
764,2005-08-30,1778.57,2.05
765,2005-09-06,1771.8075,2.05
766,2005-09-13,1767.52,2.05
767,2005-09-20,1780.93,2.05
768,2005-09-27,1796.4075,2.05
769,2005-10-04,1805.2625,2.05
770,2005-10-11,1803.1175,2.05
771,2005-10-18,1809.48,2.05
772,2005-10-25,1803.6875,2.05
773,2005-11-01,1804.5475,2.05
774,2005-11-08,1797.31,2.05
775,2005-11-15,1811.9975,2.05
776,2005-11-22,1814.3175,2.05
777,2005-11-29,1792.0625,2.05
778,2005-12-06,1777.8275,2.05
779,2005-12-13,1814.8275,2.05
780,2005-12-20,1802.0775,2.05
781,2005-12-27,1791.01,2.05
782,2006-01-03,1799.0125,2.05
783,2006-01-10,1799.59,2.05
784,2006-01-17,1795.3225,2.05
785,2006-01-24,1799.4975,2.05
786,2006-01-31,1779.835,2.05
787,2006-02-07,1784.8575,2.05
788,2006-02-14,1793.41,2.05
789,2006-02-21,1802.055,2.05
790,2006-02-28,1778.8925,2.05
791,2006-03-07,1764.7166666666665,2.05
792,2006-03-14,1793.4275,2.05
793,2006-03-21,1788.0375,2.05
794,2006-03-28,1777.7325,2.05
795,2006-04-04,1771.4775,2.05
796,2006-04-11,1799.145,2.05
797,2006-04-18,1811.8925,2.05
798,2006-04-25,1803.875,2.05
799,2006-05-02,1797.5125,2.05
800,2006-05-09,1814.1825,2.05
801,2006-05-16,1803.885,2.05
802,2006-05-23,1787.1275,2.05
803,2006-05-30,1798.575,2.05
804,2006-06-06,1784.8175,2.05
805,2006-06-13,1775.3425,2.05
806,2006-06-20,1790.91,2.05
807,2006-06-27,1774.06,2.05
808,2006-07-04,1762.81,2.05
809,2006-07-11,1763.5775,2.05
810,2006-07-18,1779.83,2.05
811,2006-07-25,1765.4125,2.05
812,2006-08-01,1764.1275,2.05
813,2006-08-08,1752.5625,2.05
814,2006-08-15,1757.48,2.05
815,2006-08-22,1763.1925,2.05
816,2006-08-29,1769.4975,2.05
817,2006-09-05,1761.8125,2.05
818,2006-09-12,1776.2525,2.05
819,2006-09-19,1767.2775,2.05
820,2006-09-26,1785.3225,2.05
821,2006-10-03,1776.1075,2.05
822,2006-10-10,1775.7175,2.05
823,2006-10-17,1794.065,2.05
824,2006-10-24,1798.31,2.05
825,2006-10-31,1803.26,2.05
826,2006-11-07,1787.625,2.05
827,2006-11-14,1779.62,2.05
828,2006-11-21,1780.7475,2.05
829,2006-11-28,1792.485,2.05
830,2006-12-05,1799.9450000000002,2.05
831,2006-12-12,1799.255,2.05
832,2006-12-19,1790.76,2.05
833,2006-12-26,1804.27,2.05
834,2007-01-02,1792.115,2.05
835,2007-01-09,1794.025,2.05
836,2007-01-16,1800.1275,2.05
837,2007-01-23,1789.3775,2.05
838,2007-01-30,1806.41,2.05
839,2007-02-06,1788.2475,2.05
840,2007-02-13,1796.2475,2.05
841,2007-02-20,1829.22,2.05
842,2007-02-27,1817.6025,2.05
843,2007-03-06,1787.835,2.05
844,2007-03-13,1785.1825,2.05
845,2007-03-20,1800.31,2.05
846,2007-03-27,1815.4375,2.05
847,2007-04-03,1802.1025,2.05
848,2007-04-10,1805.14,2.05
849,2007-04-17,1796.675,2.05
850,2007-04-24,1817.295,2.05
851,2007-05-01,1803.28,2.05
852,2007-05-08,1795.8975,2.05
853,2007-05-15,1779.565,2.05
854,2007-05-22,1789.6525,2.05
855,2007-05-29,1801.4733333333331,2.05
856,2007-06-05,1792.3625,2.05
857,2007-06-12,1793.46,2.05
858,2007-06-19,1789.8525,2.05
859,2007-06-26,1772.96,2.05
860,2007-07-03,1765.75,2.05
861,2007-07-10,1767.6950000000002,2.05
862,2007-07-17,1774.335,2.05
863,2007-07-24,1770.475,2.05
864,2007-07-31,1785.455,2.05
865,2007-08-07,1764.9975,2.05
866,2007-08-14,1768.9725,2.05
867,2007-08-21,1771.0825,2.05
868,2007-08-28,1802.7275,2.05
869,2007-09-04,1777.2,2.05
870,2007-09-11,1774.1725,2.05
871,2007-09-18,1809.6875,2.05
872,2007-09-25,1779.24,2.05
873,2007-10-02,1795.0425,2.05
874,2007-10-09,1816.9775,2.05
875,2007-10-16,1800.7075,2.05
876,2007-10-23,1792.7375,2.05
877,2007-10-30,1794.51,2.05
878,2007-11-06,1819.1575,2.05
879,2007-11-13,1802.5375,2.05
880,2007-11-20,1802.665,2.05
881,2007-11-27,1819.67,2.05
882,2007-12-04,1781.9075,2.05
883,2007-12-11,1810.52,2.05
884,2007-12-18,1802.7475,2.05
885,2007-12-25,1813.6025,2.05
886,2008-01-01,1794.085,2.05
887,2008-01-08,1816.9375,2.05
888,2008-01-15,1794.655,1.31
889,2008-01-22,1813.395,1.31
890,2008-01-29,1811.4425,1.31
891,2008-02-05,1828.5575,1.31
892,2008-02-12,1796.4725,2.05
893,2008-02-19,1811.1,1.31
894,2008-02-26,1790.0225,2.05
895,2008-03-04,1774.3025,1.31
896,2008-03-11,1820.0975,1.31
897,2008-03-18,1785.185,2.05
898,2008-03-25,1784.5725,2.05
899,2008-04-01,1785.705,2.05
900,2008-04-08,1825.39,1.31
901,2008-04-15,1773.3375,2.05
902,2008-04-22,1779.6475,1.31
903,2008-04-29,1786.0025,1.31
904,2008-05-06,1787.8425,1.31
905,2008-05-13,1816.4925,1.31
906,2008-05-20,1806.705,1.31
907,2008-05-27,1798.17,1.31
908,2008-06-03,1782.0925,1.31
909,2008-06-10,1793.6175,1.31
910,2008-06-17,1796.33875,1.31
911,2008-06-24,1799.06,1.31
912,2008-07-01,1783.175,2.05
913,2008-07-08,1779.6125000000002,1.31
914,2008-07-15,1776.6275,1.31
915,2008-07-22,1793.81,2.05
916,2008-07-29,1776.07,1.31
917,2008-08-05,1775.1525,1.31
918,2008-08-12,1784.8475,1.31
919,2008-08-19,1770.465,1.31
920,2008-08-26,1789.01875,2.05
921,2008-09-02,1783.224375,2.05
922,2008-09-09,1777.43,2.05
923,2008-09-16,1802.3275,1.31
924,2008-09-23,1781.9125,2.05
925,2008-09-30,1776.905,2.05
926,2008-10-07,1817.83,1.31
927,2008-10-14,1833.0825,2.05
928,2008-10-21,1819.6625,1.31
929,2008-10-28,1828.0075,1.31
930,2008-11-04,1808.4075,1.31
931,2008-11-11,1789.7375,1.68
932,2008-11-18,1824.365,1.31
933,2008-11-25,1820.0125,1.31
934,2008-12-02,1799.865,1.31
935,2008-12-09,1815.4325,2.05
936,2008-12-16,1797.135,1.31
937,2008-12-23,1819.7775,2.05
938,2008-12-30,1820.415,1.31
939,2009-01-06,1807.805,2.05
940,2009-01-13,1814.2375,2.05
941,2009-01-20,1817.91,2.05
942,2009-01-27,1825.57,2.05
943,2009-02-03,1832.07,2.05
944,2009-02-10,1806.4375,1.68
945,2009-02-17,1798.36,2.05
946,2009-02-24,1802.5225,1.31
947,2009-03-03,1819.2325,1.31
948,2009-03-10,1815.35,1.31
949,2009-03-17,1844.0,2.05
950,2009-03-24,1793.275,1.31
951,2009-03-31,1818.4275,2.05
952,2009-04-07,1819.145,1.31
953,2009-04-14,1812.025,2.05
954,2009-04-21,1794.88,1.31
955,2009-04-28,1785.385,1.31
956,2009-05-05,1810.625,2.05
957,2009-05-12,1796.965,1.31
958,2009-05-19,1809.2125,1.68
959,2009-05-26,1814.19,1.31
960,2009-06-02,1796.2175,1.68
961,2009-06-09,1808.655,1.31
962,2009-06-16,1807.3225,1.31
963,2009-06-23,1793.4825,1.31
964,2009-06-30,1811.925,1.31
965,2009-07-07,1811.6825,2.05
966,2009-07-14,1788.395,2.05
967,2009-07-21,1788.6475,2.05
968,2009-07-28,1789.65875,1.68
969,2009-08-04,1790.67,1.31
970,2009-08-11,1797.105,1.31
971,2009-08-18,1783.86125,2.05
972,2009-08-25,1786.3674999999998,1.31
973,2009-09-01,1797.38,1.31
974,2009-09-08,1790.4275,1.31
975,2009-09-15,1804.5525,1.31
976,2009-09-22,1796.89,1.31
977,2009-09-29,1808.585,1.31
978,2009-10-06,1820.2800000000002,1.31
979,2009-10-13,1822.445,2.05
980,2009-10-20,1797.84,1.31
981,2009-10-27,1803.1325,1.31
982,2009-11-03,1804.965,1.31
983,2009-11-10,1813.99,1.31
984,2009-11-17,1822.6475,1.31
985,2009-11-24,1820.99,1.31
986,2009-12-01,1824.1575,1.31
987,2009-12-08,1815.119375,1.31
988,2009-12-15,1806.08125,1.31
989,2009-12-22,1814.066875,1.31
990,2009-12-29,1822.0525,1.31
991,2010-01-05,1810.545,1.31
992,2010-01-12,1800.5675,1.31
993,2010-01-19,1800.911875,1.31
994,2010-01-26,1801.25625,1.31
995,2010-02-02,1835.585,1.31
996,2010-02-09,1829.115,1.31
997,2010-02-16,1797.3,1.31
998,2010-02-23,1799.71,1.31
999,2010-03-02,1850.485,1.31
1000,2010-03-09,1839.15,1.11
1001,2010-03-16,1822.025,1.31
1002,2010-03-23,1807.025,0.91
1003,2010-03-30,1799.53,1.31
1004,2010-04-06,1811.265625,1.21
1005,2010-04-13,1823.00125,1.11
1006,2010-04-20,1821.995,0.91
1007,2010-04-27,1817.339375,0.91
1008,2010-05-04,1812.6837500000001,0.91
1009,2010-05-11,1810.965,1.31
1010,2010-05-18,1822.9175,1.31
1011,2010-05-25,1824.4475,1.21
1012,2010-06-01,1825.9775,1.11
1013,2010-06-08,1803.7275,1.31
1014,2010-06-15,1790.4325,0.91
1015,2010-06-22,1791.835,0.91
1016,2010-06-29,1782.9225,1.11
1017,2010-07-06,1796.7575,1.31
1018,2010-07-13,1804.685,1.31
1019,2010-07-20,1792.06,1.31
1020,2010-07-27,1788.4975,0.91
1021,2010-08-03,1807.8725,0.91
1022,2010-08-10,1795.12,0.91
1023,2010-08-17,1795.6975,0.91
1024,2010-08-24,1811.2775,1.31
1025,2010-08-31,1793.79,1.31
1026,2010-09-07,1819.8325,1.31
1027,2010-09-14,1804.9825,1.11
1028,2010-09-21,1816.2975,1.31
1029,2010-09-28,1824.3225,1.31
1030,2010-10-05,1810.725,1.31
1031,2010-10-12,1830.545,1.31
1032,2010-10-19,1811.9225,1.31
1033,2010-10-26,1832.1875,1.31
1034,2010-11-02,1837.225,0.91
1035,2010-11-09,1849.125,0.91
1036,2010-11-16,1828.98,0.91
1037,2010-11-23,1825.72,0.91
1038,2010-11-30,1834.8725,0.91
1039,2010-12-07,1833.79,1.31
1040,2010-12-14,1797.835,0.91
1041,2010-12-21,1814.4925,1.31
1042,2010-12-28,1793.8975,0.91
1043,2011-01-04,1840.5525,0.91
1044,2011-01-11,1823.73,1.31
1045,2011-01-18,1845.0975,1.31
1046,2011-01-25,1814.3125,1.31
1047,2011-02-01,1837.2775,1.31
1048,2011-02-08,1819.4225,1.31
1049,2011-02-15,1811.0575,0.91
1050,2011-02-22,1813.8775,1.31
1051,2011-03-01,1823.5225,1.31
1052,2011-03-08,1815.4675,0.91
1053,2011-03-15,1804.3225,1.31
1054,2011-03-22,1804.7425,1.31
1055,2011-03-29,1841.715,0.91
1056,2011-04-05,1829.6325,1.11
1057,2011-04-12,1817.55,1.31
1058,2011-04-19,1798.4325,1.31
1059,2011-04-26,1826.7975,0.91
1060,2011-05-03,1802.4075,1.31
1061,2011-05-10,1788.08,1.31
1062,2011-05-17,1825.095,1.31
1063,2011-05-24,1839.9975,1.31
1064,2011-05-31,1801.8175,0.91
1065,2011-06-07,1801.405,0.91
1066,2011-06-14,1803.9025,1.31
1067,2011-06-21,1811.2925,1.31
1068,2011-06-28,1817.7275,0.91
1069,2011-07-05,1801.2933333333333,0.91
1070,2011-07-12,1802.95,0.91
1071,2011-07-19,1806.8475,0.91
1072,2011-07-26,1800.9725,1.31
1073,2011-08-02,1801.5725,1.31
1074,2011-08-09,1787.1325000000002,1.31
1075,2011-08-16,1791.590625,1.31
1076,2011-08-23,1796.04875,1.31
1077,2011-08-30,1817.8925,1.31
1078,2011-09-06,1826.8625,0.91
1079,2011-09-13,1800.6875,0.91
1080,2011-09-20,1793.1375,0.91
1081,2011-09-27,1839.3375,0.91
1082,2011-10-04,1801.185,1.31
1083,2011-10-11,1831.24,1.31
1084,2011-10-18,1838.36,0.91
1085,2011-10-25,1810.0025,0.91
1086,2011-11-01,1835.905,0.91
1087,2011-11-08,1817.665,0.91
1088,2011-11-15,1836.15,0.91
1089,2011-11-22,1812.7,0.91
1090,2011-11-29,1842.3633333333332,0.91
1091,2011-12-06,1831.1975,1.31
1092,2011-12-13,1826.025,1.31
1093,2011-12-20,1832.7,0.91
1094,2011-12-27,1835.7625,1.31
1095,2012-01-03,1826.0125,0.91
1096,2012-01-10,1850.6025,0.91
1097,2012-01-17,1811.3275,1.31
1098,2012-01-24,1828.1625,1.31
1099,2012-01-31,1814.9625,1.11
1100,2012-02-07,1811.1875,0.91
1101,2012-02-14,1829.4375,0.91
1102,2012-02-21,1828.180625,0.91
1103,2012-02-28,1826.92375,0.91
1104,2012-03-06,1806.73,0.91
1105,2012-03-13,1808.0233333333333,0.91
1106,2012-03-20,1825.4025,0.91
1107,2012-03-27,1841.7325,0.91
1108,2012-04-03,1824.985,0.91
1109,2012-04-10,1843.3275,0.91
1110,2012-04-17,1831.37,1.11
1111,2012-04-24,1838.335,1.11
1112,2012-05-01,1835.395,0.91
1113,2012-05-08,1827.005,0.91
1114,2012-05-15,1844.39,1.31
1115,2012-05-22,1803.48,1.31
1116,2012-05-29,1847.6725,0.91
1117,2012-06-05,1804.9,0.91
1118,2012-06-12,1813.2225,0.91
1119,2012-06-19,1810.875,0.91
1120,2012-06-26,1804.75,0.91
1121,2012-07-03,1818.88,0.91
1122,2012-07-10,1802.55,0.91
1123,2012-07-17,1799.9425,0.91
1124,2012-07-24,1803.8225,0.91
1125,2012-07-31,1796.7775,0.91
1126,2012-08-07,1800.6525,0.91
1127,2012-08-14,1813.11,0.91
1128,2012-08-21,1810.0266666666664,0.91
1129,2012-08-28,1806.3420833333332,0.91
1130,2012-09-04,1802.6575,0.91
1131,2012-09-11,1813.4166666666667,0.91
1132,2012-09-18,1817.0775,0.91
1133,2012-09-25,1813.95,0.91
1134,2012-10-02,1837.0425,0.91
1135,2012-10-09,1813.7325,0.91
1136,2012-10-16,1836.795,0.91
1137,2012-10-23,1824.8125,0.91
1138,2012-10-30,1842.69,0.91
1139,2012-11-06,1820.6875,0.91
1140,2012-11-13,1847.09,0.91
1141,2012-11-20,1836.6075,0.91
1142,2012-11-27,1858.3125,0.91
1143,2012-12-04,1805.9525,0.91
1144,2012-12-11,1836.135,1.31
1145,2012-12-18,1849.605,0.91
1146,2012-12-25,1844.08125,0.91
1147,2013-01-01,1838.5575,0.91
1148,2013-01-08,1832.03625,0.91
1149,2013-01-15,1828.885,1.11
1150,2013-01-22,1821.835,1.11
1151,2013-01-29,1840.6425,1.31
1152,2013-02-05,1850.455,0.91
1153,2013-02-12,1819.885,1.31
1154,2013-02-19,1848.105,1.31
1155,2013-02-26,1829.735,1.31
1156,2013-03-05,1857.855,0.91
1157,2013-03-12,1824.7,1.31
1158,2013-03-19,1848.63,1.31
1159,2013-03-26,1832.39,0.91
1160,2013-04-02,1850.64,0.91
1161,2013-04-09,1831.3475,0.91
1162,2013-04-16,1808.8675,0.91
1163,2013-04-23,1819.2825,0.91
1164,2013-04-30,1835.6425,1.31
1165,2013-05-07,1827.9,1.31
1166,2013-05-14,1820.305,0.91
1167,2013-05-21,1839.0375,1.31
1168,2013-05-28,1845.95,1.31
1169,2013-06-04,1809.7825,1.31
1170,2013-06-11,1800.345,0.91
1171,2013-06-18,1809.7925,1.31
1172,2013-06-25,1810.4575,0.91
1173,2013-07-02,1815.925,0.91
1174,2013-07-09,1808.2475,0.91
1175,2013-07-16,1806.9925,0.91
1176,2013-07-23,1798.3575,0.91
1177,2013-07-30,1799.79,0.91
1178,2013-08-06,1808.5225,0.91
1179,2013-08-13,1823.1175,0.91
1180,2013-08-20,1810.71,1.11
1181,2013-08-27,1818.84,1.31
1182,2013-09-03,1813.9825,1.11
1183,2013-09-10,1832.83,1.31
1184,2013-09-17,1855.1175,0.91
1185,2013-09-24,1854.6275,1.31
1186,2013-10-01,1848.1837500000001,1.1600000000000001
1187,2013-10-08,1841.74,1.01
1188,2013-10-15,1839.3975,1.31
1189,2013-10-22,1836.84,1.31
1190,2013-10-29,1852.7325,1.31
1191,2013-11-05,1831.4175,1.11
1192,2013-11-12,1858.4125,0.91
1193,2013-11-19,1809.3175,0.91
1194,2013-11-26,1855.595,0.91
1195,2013-12-03,1851.305,0.91
1196,2013-12-10,1820.9775,1.31
1197,2013-12-17,1878.28,0.91
1198,2013-12-24,1845.9875,0.91
1199,2013-12-31,1843.965,0.91
1200,2014-01-07,1850.8925,0.91
1201,2014-01-14,1830.23,1.31
1202,2014-01-21,1842.33,1.31
1203,2014-01-28,1860.09,0.91
1204,2014-02-04,1832.26125,1.11
1205,2014-02-11,1820.875,1.31
1206,2014-02-18,1828.3175,1.11
1207,2014-02-25,1820.35,1.31
1208,2014-03-04,1829.778125,1.21
1209,2014-03-11,1839.2062500000002,1.11
1210,2014-03-18,1872.055,0.91
1211,2014-03-25,1847.4675,0.91
1212,2014-04-01,1852.455625,0.91
1213,2014-04-08,1857.44375,0.91
1214,2014-04-15,1862.9575,0.91
1215,2014-04-22,1840.935,0.91
1216,2014-04-29,1854.4225,0.91
1217,2014-05-06,1850.2075,0.91
1218,2014-05-13,1839.3125,0.91
1219,2014-05-20,1839.825,0.91
1220,2014-05-27,1840.325,0.91
1221,2014-06-03,1843.73,0.91
1222,2014-06-10,1827.15,0.91
1223,2014-06-17,1840.3275,0.91
1224,2014-06-24,1834.5675,0.91
1225,2014-07-01,1810.4825,0.91
1226,2014-07-08,1829.28,0.91
1227,2014-07-15,1814.0575,0.91
1228,2014-07-22,1811.49,0.91
1229,2014-07-29,1816.1025,0.91
1230,2014-08-05,1820.625,0.91
1231,2014-08-12,1817.91,0.91
1232,2014-08-19,1835.7075,0.91
1233,2014-08-26,1831.46,0.91
1234,2014-09-02,1832.9725,0.91
1235,2014-09-09,1824.01,0.91
1236,2014-09-16,1845.89,0.91
1237,2014-09-23,1862.795,0.91
1238,2014-09-30,1852.135,0.91
1239,2014-10-07,1832.82,0.91
1240,2014-10-14,1843.5525,0.91
1241,2014-10-21,1828.6175,0.91
1242,2014-10-28,1836.2275,0.91
1243,2014-11-04,1843.8375,0.91
1244,2014-11-11,1857.650625,0.91
1245,2014-11-18,1871.46375,0.91
1246,2014-11-25,1847.4375,0.91
1247,2014-12-02,1867.9375,0.91
1248,2014-12-09,1855.7775,0.91
1249,2014-12-16,1850.3275,0.91
1250,2014-12-23,1867.79,0.91
1251,2014-12-30,1866.021875,0.91
1252,2015-01-06,1864.2537499999999,0.91
1253,2015-01-13,1869.1175,0.91
1254,2015-01-20,1839.005,0.91
1255,2015-01-27,1847.765,0.91
1256,2015-02-03,1847.9525,0.91
1257,2015-02-10,1831.1825,0.91
1258,2015-02-17,1832.46,0.91
1259,2015-02-24,1873.6225,0.91
1260,2015-03-03,1854.675,0.91
1261,2015-03-10,1885.5625,0.91
1262,2015-03-17,1844.6625,0.91
1263,2015-03-24,1842.5725,0.91
1264,2015-03-31,1858.4375,0.91
1265,2015-04-07,1875.5175,0.91
1266,2015-04-14,1872.2125,0.91
1267,2015-04-21,1857.24,0.91
1268,2015-04-28,1869.915,0.91
1269,2015-05-05,1869.5325,0.91
1270,2015-05-12,1864.925,0.91
1271,2015-05-19,1862.805,0.91
1272,2015-05-26,1856.7525,0.91
1273,2015-06-02,1847.835,0.91
1274,2015-06-09,1869.7825,0.91
1275,2015-06-16,1834.5175,0.91
1276,2015-06-23,1825.4325,0.91
1277,2015-06-30,1830.465,0.91
1278,2015-07-07,1832.73,0.91
1279,2015-07-14,1827.785,0.91
1280,2015-07-21,1852.6875,0.91
1281,2015-07-28,1828.5925,0.91
1282,2015-08-04,1836.295,0.91
1283,2015-08-11,1830.7506250000001,0.91
1284,2015-08-18,1825.20625,0.91
1285,2015-08-25,1809.6825,0.91
1286,2015-09-01,1822.518125,0.91
1287,2015-09-08,1835.35375,0.91
1288,2015-09-15,1842.455,0.91
1289,2015-09-22,1844.0475,0.91
1290,2015-09-29,1866.4575,0.91
1291,2015-10-06,1865.3825,0.91
1292,2015-10-13,1827.265,0.91
1293,2015-10-20,1871.0875,0.91
1294,2015-10-27,1877.9175,0.91
1295,2015-11-03,1854.6225,0.91
1296,2015-11-10,1868.7425,0.91
1297,2015-11-17,1875.0025,0.91
1298,2015-11-24,1856.1925,0.91
1299,2015-12-01,1858.2875,0.91
1300,2015-12-08,1863.1466666666663,0.91
1301,2015-12-15,1883.82,0.91
1302,2015-12-22,1870.295,0.91
1303,2015-12-29,1849.87,0.91
1304,2016-01-05,1856.5525,0.91
1305,2016-01-12,1850.355,0.91
1306,2016-01-19,1844.84,0.91
1307,2016-01-26,1870.3525,0.91
1308,2016-02-02,1853.53,0.91
1309,2016-02-09,1878.4225,0.91
1310,2016-02-16,1849.765,0.91
1311,2016-02-23,1870.7275,0.91
1312,2016-03-01,1860.6525,0.91
1313,2016-03-08,1838.7975,0.91
1314,2016-03-15,1865.69,0.91
1315,2016-03-22,1868.348125,0.91
1316,2016-03-29,1871.00625,0.91
1317,2016-04-05,1871.955,0.91
1318,2016-04-12,1880.81,0.91
1319,2016-04-19,1883.14,0.91
1320,2016-04-26,1864.3225,0.91
1321,2016-05-03,1868.845,0.91
1322,2016-05-10,1887.59,0.91
1323,2016-05-17,1848.1125,0.91
1324,2016-05-24,1877.505,0.91
1325,2016-05-31,1871.86,0.91
1326,2016-06-07,1855.4775,0.91
1327,2016-06-14,1856.4256249999999,0.91
1328,2016-06-21,1857.37375,0.91
1329,2016-06-28,1836.605,0.91
1330,2016-07-05,1832.875,0.91
1331,2016-07-12,1835.57,0.91
1332,2016-07-19,1838.2649999999999,0.91
1333,2016-07-26,1833.495,0.91
1334,2016-08-02,1831.691875,0.91
1335,2016-08-09,1829.88875,0.91
1336,2016-08-16,1846.375,0.91
1337,2016-08-23,1828.7125,0.91
1338,2016-08-30,1854.23,0.91
1339,2016-09-06,1891.3825,0.91
1340,2016-09-13,1845.09,0.91
1341,2016-09-20,1874.8775,0.91
1342,2016-09-27,1867.265,0.91
1343,2016-10-04,1867.25,0.91
1344,2016-10-11,1874.28,0.91
1345,2016-10-18,1869.765,0.91
1346,2016-10-25,1872.515,0.91
1347,2016-11-01,1872.3925,0.91
1348,2016-11-08,1884.2125,0.91
1349,2016-11-15,1901.0,0.91
1350,2016-11-22,1879.7225,0.91
1351,2016-11-29,1871.7325,0.91
1352,2016-12-06,1819.3125,0.91
1353,2016-12-13,1887.78,0.91
1354,2016-12-20,1852.9375,0.91
1355,2016-12-27,1861.52,0.91
1356,2017-01-03,1871.65,0.91
1357,2017-01-10,1862.77375,0.91
1358,2017-01-17,1853.8975,0.91
1359,2017-01-24,1871.385,0.91
1360,2017-01-31,1877.605,0.91
1361,2017-02-07,1883.825,0.91
1362,2017-02-14,1856.695,0.91
1363,2017-02-21,1844.63,0.91
1364,2017-02-28,1880.2875,0.91
1365,2017-03-07,1855.9,0.91
1366,2017-03-14,1861.6675,0.91
1367,2017-03-21,1849.045,0.91
1368,2017-03-28,1868.56,0.91
1369,2017-04-04,1868.455,0.91
1370,2017-04-11,1863.6,0.91
1371,2017-04-18,1892.6425,0.91
1372,2017-04-25,1859.865,0.91
1373,2017-05-02,1853.2425,0.91
1374,2017-05-09,1869.1525,0.91
1375,2017-05-16,1873.4725,0.91
1376,2017-05-23,1871.82,0.91
1377,2017-05-30,1870.45,0.91
1378,2017-06-06,1876.6,0.91
1379,2017-06-13,1859.05,0.91
1380,2017-06-20,1840.9975,0.91
1381,2017-06-27,1845.5375,0.91
1382,2017-07-04,1839.105,0.91
1383,2017-07-11,1840.6625,0.91
1384,2017-07-18,1851.6875,0.91
1385,2017-07-25,1833.485,0.91
1386,2017-08-01,1846.5575,0.91
1387,2017-08-08,1832.7525,0.91
1388,2017-08-15,1838.98,0.91
1389,2017-08-22,1839.855,0.91
1390,2017-08-29,1834.3375,0.91
1391,2017-09-05,1846.4025,0.91
1392,2017-09-12,1872.445,0.91
1393,2017-09-19,1872.9725,0.91
1394,2017-09-26,1876.63,0.91
1395,2017-10-03,1872.615,0.91
1396,2017-10-10,1884.71,0.91
1397,2017-10-17,1889.355,0.91
1398,2017-10-24,1878.881875,0.91
1399,2017-10-31,1868.40875,0.91
1400,2017-11-07,1898.19,0.91
1401,2017-11-14,1878.6475,0.91
1402,2017-11-21,1894.5225,0.91
1403,2017-11-28,1891.19,0.91
1404,2017-12-05,1895.6325,0.91
1405,2017-12-12,1873.355,0.91
1406,2017-12-19,1858.1325,0.91
1407,2017-12-26,1876.9025,0.91
1408,2018-01-02,1866.2725,0.91
1409,2018-01-09,1884.0625,0.91
1410,2018-01-16,1877.6325,0.91
1411,2018-01-23,1887.0025,0.91
1412,2018-01-30,1885.305,0.91
1413,2018-02-06,1867.78,0.91
1414,2018-02-13,1864.1975,0.91
1415,2018-02-20,1879.135,0.91
1416,2018-02-27,1879.8,0.91
1417,2018-03-06,1871.9025,0.91
1418,2018-03-13,1859.6375,0.91
1419,2018-03-20,1865.875,0.91
1420,2018-03-27,1902.22,0.91
1421,2018-04-03,1864.3087500000001,0.91
1422,2018-04-10,1878.635,0.91
1423,2018-04-17,1858.1087499999999,0.91
1424,2018-04-24,1891.855,0.91
1425,2018-05-01,1832.385,0.91
1426,2018-05-08,1873.885,0.91
1427,2018-05-15,1895.92,0.91
1428,2018-05-22,1849.05,0.91
1429,2018-05-29,1857.74,0.91
1430,2018-06-05,1866.43,0.91
1431,2018-06-12,1856.08,0.91
1432,2018-06-19,1845.73,0.91
1433,2018-06-26,1854.185,0.91
1434,2018-07-03,1861.39,0.91
1435,2018-07-10,1858.55375,0.91
1436,2018-07-17,1855.7175,0.91
1437,2018-07-24,1847.1975,0.907
1438,2018-07-31,1853.15625,0.907
1439,2018-08-07,1859.115,0.907
1440,2018-08-14,1862.0425,0.907
1441,2018-08-21,1847.955,0.907
1442,2018-08-28,1846.01,0.907
1443,2018-09-04,1855.045,0.907
1444,2018-09-11,1861.075,0.907
1445,2018-09-18,1884.43,0.907
1446,2018-09-25,1857.92,0.907
1447,2018-10-02,1848.05,0.907
1448,2018-10-09,1896.4775,0.907
1449,2018-10-16,1895.555,0.907
1450,2018-10-23,1895.0375,0.907
1451,2018-10-30,1877.4475,0.907
1452,2018-11-06,1892.6275,0.907
1453,2018-11-13,1896.413125,0.907
1454,2018-11-20,1900.19875,0.907
1455,2018-11-27,1901.1825,0.907
1456,2018-12-04,1890.67,0.907
1457,2018-12-11,1899.235,0.907
1458,2018-12-18,1886.715,0.907
1459,2018-12-25,1878.8600000000001,0.907
1460,2019-01-01,1871.005,0.907
1461,2019-01-08,1894.7662500000001,0.907
1462,2019-01-15,1876.9175,0.907
1463,2019-01-22,1918.5225,0.907
1464,2019-01-29,1907.02,0.907
1465,2019-02-05,1903.665,0.907
1466,2019-02-12,1904.13,0.907
1467,2019-02-19,1865.76,0.907
1468,2019-02-26,1891.04625,0.907
1469,2019-03-05,1891.231875,0.907
1470,2019-03-12,1891.4175,0.907
1471,2019-03-19,1900.1225,0.907
1472,2019-03-26,1864.0475,0.907
1473,2019-04-02,1869.9474999999998,0.907
1474,2019-04-09,1875.8474999999999,0.907
1475,2019-04-16,1892.445,0.907
1476,2019-04-23,1890.34,0.907
1477,2019-04-30,1893.1625,0.907
1478,2019-05-07,1889.43,0.907
1479,2019-05-14,1885.225,0.907
1480,2019-05-21,1886.036875,0.907
1481,2019-05-28,1886.84875,0.907
1482,2019-06-04,1881.25125,0.907
1483,2019-06-11,1875.65375,0.907
1484,2019-06-18,1864.965,0.907
1485,2019-06-25,1858.87625,0.907
1486,2019-07-02,1864.9525,0.907
1487,2019-07-09,1857.94,0.907
1488,2019-07-16,1858.4337500000001,0.741
1489,2019-07-23,1858.9275,0.575
1490,2019-07-30,1869.41,0.575
1491,2019-08-06,1854.7575,0.575
1492,2019-08-13,1857.9375,0.575
1493,2019-08-20,1862.7475,0.575
1494,2019-08-27,1865.1775,0.575
1495,2019-09-03,1864.751875,0.575
1496,2019-09-10,1864.32625,0.575
1497,2019-09-17,1868.91,0.575
1498,2019-09-24,1888.345,0.575
1499,2019-10-01,1887.4525,0.575
1500,2019-10-08,1878.899375,0.575
1501,2019-10-15,1870.34625,0.575
1502,2019-10-22,1899.1666666666667,0.575
1503,2019-10-29,1890.2525,0.575
1504,2019-11-05,1902.54,0.575
1505,2019-11-12,1897.8125,0.575
1506,2019-11-19,1893.085,0.575
1507,2019-11-26,1886.975,0.575
1508,2019-12-03,1898.7075,0.575
1509,2019-12-10,1898.38,0.575
1510,2019-12-17,1899.96,0.575
1511,2019-12-24,1902.1025,0.575
1512,2019-12-31,1904.245,0.575
1513,2020-01-07,1902.27,0.575
1514,2020-01-14,1896.8225,0.575
1515,2020-01-21,1916.1725,0.575
1516,2020-01-28,1887.4825,0.575
1517,2020-02-04,1897.65,0.575
1518,2020-02-11,1890.823125,0.575
1519,2020-02-18,1883.99625,0.575
1520,2020-02-25,1898.145,0.575
1521,2020-03-03,1895.4850000000001,0.575
1522,2020-03-10,1892.825,0.575
1523,2020-03-17,1885.4175,0.575
1524,2020-03-24,1902.78,0.575
1525,2020-03-31,1903.355,0.575
1526,2020-04-07,1890.7,0.575
1527,2020-04-14,1891.225,0.575
1528,2020-04-21,1895.055,0.575
1529,2020-04-28,1884.905,0.575
1530,2020-05-05,1883.475,0.575
1531,2020-05-12,1894.175,0.575
1532,2020-05-19,1893.535,0.575
1533,2020-05-26,1901.5575,0.575
1534,2020-06-02,1897.0325,0.575
1535,2020-06-09,1874.8775,0.575
1536,2020-06-16,1878.35,0.575
1537,2020-06-23,1894.71,0.575
1538,2020-06-30,1871.505,0.575
1539,2020-07-07,1879.7875,0.575
1540,2020-07-14,1870.215,0.575
1541,2020-07-21,1865.72,0.575
1542,2020-07-28,1871.64,0.575
1543,2020-08-04,1872.29,0.575
1544,2020-08-11,1869.75,0.575
1545,2020-08-18,1874.48,0.575
1546,2020-08-25,1885.26,0.575
1547,2020-09-01,1878.2975,0.575
1548,2020-09-08,1887.785,0.575
1549,2020-09-15,1880.54,0.575
1550,2020-09-22,1877.145,0.575
1551,2020-09-29,1893.6725,0.575
1552,2020-10-06,1904.7825,0.575
1553,2020-10-13,1907.865,0.575
1554,2020-10-20,1899.905,0.575
1555,2020-10-27,1899.435,0.575
1556,2020-11-03,1898.9650000000001,0.575
1557,2020-11-10,1900.64,0.575
1558,2020-11-17,1902.315,0.575
1559,2020-11-24,1919.395,0.575
1560,2020-12-01,1915.1525,0.575
1561,2020-12-08,1887.1375,0.575
1562,2020-12-15,1893.6875,0.575
1563,2020-12-22,1919.04,0.575
1564,2020-12-29,1916.913125,0.575
1565,2021-01-05,1914.78625,0.575
1566,2021-01-12,1890.3725,0.575
1567,2021-01-19,1905.41,0.575
1568,2021-01-26,1903.9175,0.575
1569,2021-02-02,1912.815,0.575
1570,2021-02-09,1931.195,0.575
1571,2021-02-16,1893.58,0.575
1572,2021-02-23,1913.89,0.575
1573,2021-03-02,1917.6275,0.575
1574,2021-03-09,1921.365,0.575
1575,2021-03-16,1909.835,0.575
1576,2021-03-23,1933.465,0.575
1577,2021-03-30,1905.09,0.575
1578,2021-04-06,1928.15,0.575
1579,2021-04-13,1929.4525,0.575
1580,2021-04-20,1888.2775,0.575
1581,2021-04-27,1922.275,0.575
1582,2021-05-04,1927.5025,0.575
1583,2021-05-11,1905.35,0.575
1584,2021-05-18,1926.94,0.575
1585,2021-05-25,1895.2525,0.575
1586,2021-06-01,1877.83,0.575
1587,2021-06-08,1887.2275,0.575
1588,2021-06-15,1906.875,0.575
1589,2021-06-22,1898.59,0.575
1590,2021-06-29,1895.986666666667,0.575
1591,2021-07-06,1898.355,0.575
1592,2021-07-13,1881.2325,0.575
1593,2021-07-20,1890.0875,0.575
1594,2021-07-27,1889.5925,0.575
1595,2021-08-03,1905.9975,0.575
1596,2021-08-10,1887.515,0.575
1597,2021-08-17,1899.79,0.575
1598,2021-08-24,1890.505,0.575
1599,2021-08-31,1927.9675,0.575
1600,2021-09-07,1916.2625,0.575
1601,2021-09-14,1919.3975,0.575
1602,2021-09-21,1926.095,0.575
1603,2021-09-28,1943.8825,0.575
1604,2021-10-05,1909.4475,0.575
1605,2021-10-12,1914.845,0.575
1606,2021-10-19,1939.8725,0.575
1607,2021-10-26,1936.555,0.575
1608,2021-11-02,1927.58,0.575
1609,2021-11-09,1936.3625,0.575
1610,2021-11-16,1904.2725,0.575
1611,2021-11-23,1935.1825,0.575
1612,2021-11-30,1933.3625,0.575
1613,2021-12-07,1933.6875,0.575
1614,2021-12-14,1934.0124999999998,0.575
1615,2021-12-21,1935.9175,0.575
1616,2021-12-28,1946.185,0.575
1617,2022-01-04,1940.8075,0.575
1618,2022-01-11,1935.4299999999998,0.575
1619,2022-01-18,1924.8675,0.575
1620,2022-01-25,1945.18,0.575
1621,2022-02-01,1945.8225,0.575
1622,2022-02-08,1935.0625,0.575
1623,2022-02-15,1951.175,0.575
1624,2022-02-22,1944.025,0.575
1625,2022-03-01,1928.685,0.575
1626,2022-03-08,1921.44,0.575
1627,2022-03-15,1923.1625,0.575
1628,2022-03-22,1898.0775,0.575
1629,2022-03-29,1928.37,0.575
1630,2022-04-05,1919.21,0.575
1631,2022-04-12,1916.4,0.575
1632,2022-04-19,1928.8083333333334,0.575
1633,2022-04-26,1925.9516666666664,0.575
1634,2022-05-03,1920.9337499999997,0.575
1635,2022-05-10,1915.915833333333,0.575
1636,2022-05-17,1927.316,0.575
1637,2022-05-24,1923.0021666666667,0.575
1638,2022-05-31,1918.6883333333333,0.575
1639,2022-06-07,1917.6366666666668,0.575
1640,2022-06-14,1917.18,0.575
1641,2022-06-21,1919.688611111111,0.575
1642,2022-06-28,1921.65,0.575
1643,2022-07-05,1913.3733333333328,0.575
1644,2022-07-12,1916.1085416666665,0.575
1645,2022-07-19,1918.84375,0.575
1646,2022-07-26,1908.395,0.575
1647,2022-08-02,1913.0025,0.575
1648,2022-08-09,1903.02,0.575
1649,2022-08-16,1900.315625,0.575
1650,2022-08-23,1897.61125,0.575
1651,2022-08-30,1908.0633333333333,0.575
1652,2022-09-06,1935.135,0.575
1653,2022-09-13,1918.72,0.575
1654,2022-09-20,1908.4016666666664,0.575
1655,2022-09-27,1932.5716666666667,0.575
1656,2022-10-04,1945.1233333333328,0.575
1657,2022-10-11,1925.7879166666664,0.575
1658,2022-10-18,1906.4525,0.575
1659,2022-10-25,1963.3058333333333,0.575
1660,2022-11-01,1933.6616666666664,0.575
1661,2022-11-08,1952.2725,0.575
1662,2022-11-15,1953.0525,0.575
1663,2022-11-22,1958.5475,0.575
1664,2022-11-29,1956.8695,0.575
1665,2022-12-06,1955.1915,0.575
1666,2022-12-13,1953.5135,0.575
1667,2022-12-20,1951.8355,0.575
1668,2022-12-27,1950.1575,0.575
1669,2023-01-03,1951.4675,0.575
1670,2023-01-10,1931.1,0.575
1671,2023-01-17,1933.3625,0.575
1672,2023-01-24,1929.8025,0.575
1673,2023-01-31,1941.115,0.575
1674,2023-02-07,1933.65,0.575
1675,2023-02-14,1941.885,0.575
1676,2023-02-21,1950.12,0.575
1677,2023-02-28,1943.27,0.575
1678,2023-03-07,1936.42,0.575
1679,2023-03-14,1937.6325,0.575
1680,2023-03-21,1926.81,0.575
1681,2023-03-28,1928.01375,0.575
1682,2023-04-04,1929.2175,0.575
1683,2023-04-11,1947.5525,0.575
1684,2023-04-18,1945.66625,0.575
1685,2023-04-25,1943.78,0.575
1686,2023-05-02,1943.1625,0.575
1687,2023-05-09,1937.89,0.575
1688,2023-05-16,1934.9725,0.575
1689,2023-05-23,1932.055,0.575
1690,2023-05-30,1961.0325,0.575
1691,2023-06-06,1953.505,0.575
1692,2023-06-13,1947.67,0.575
1693,2023-06-20,1941.835,0.575
1694,2023-06-27,1959.9525,0.575
1695,2023-07-04,1946.255625,0.575
1696,2023-07-11,1932.55875,0.575
1697,2023-07-18,1906.6,0.575
1698,2023-07-25,1915.8,0.575
1699,2023-08-01,1915.31,0.575
1700,2023-08-08,1915.841875,0.575
1701,2023-08-15,1916.37375,0.575
1702,2023-08-22,1917.2062500000002,0.575
1703,2023-08-29,1918.0387500000002,0.575
1704,2023-09-05,1906.95,0.575
1705,2023-09-12,1953.2175,0.575
1706,2023-09-19,1959.46875,0.575
1707,2023-09-26,1965.72,0.575
1708,2023-10-03,1922.6375,0.575
1709,2023-10-10,1947.195,0.575
1710,2023-10-17,1978.76,0.575
1711,2023-10-24,1954.88,0.575
1712,2023-10-31,1920.9425,0.575
1713,2023-11-07,1954.945,0.575
1714,2023-11-14,1949.4233333333334,0.575
1715,2023-11-21,1943.9016666666666,0.575
1716,2023-11-28,1938.38,0.575
1717,2023-12-05,1932.335,0.575
1718,2023-12-12,1961.23,0.575
1719,2023-12-19,1950.28,0.575
1720,2023-12-26,1944.5175,0.575
1721,2024-01-02,1949.8275,0.575
1722,2024-01-09,1951.1212500000001,0.575
1723,2024-01-16,1952.415,0.575
1724,2024-01-23,1941.4404166666666,0.575
1725,2024-01-30,1930.4658333333332,0.575
1726,2024-02-06,1941.6679166666665,0.575
1727,2024-02-13,1952.87,0.575
1728,2024-02-20,1955.5966666666666,0.575
1729,2024-02-27,1958.3233333333333,0.575
1730,2024-03-05,1961.05,0.575
1731,2024-03-12,1949.44875,0.575
1732,2024-03-19,1937.8475,0.575
1733,2024-03-26,1940.2866666666666,0.575
1734,2024-04-02,1942.7258333333334,0.575
1735,2024-04-09,1945.165,0.575
1736,2024-04-16,1938.5191666666667,0.575
1737,2024-04-23,1931.8733333333332,0.575
1738,2024-04-30,1925.2275,0.575
1739,2024-05-07,1918.2925,0.575
1740,2024-05-14,1922.5525,0.575
1741,2024-05-21,1926.8125,0.575
1742,2024-05-28,1931.0725,0.575
1743,2024-06-04,1908.4675,0.575
1744,2024-06-11,1942.915,0.575
1745,2024-06-18,1930.975,0.575
1746,2024-06-25,1925.42,0.575
1747,2024-07-02,1925.515,0.575
1748,2024-07-09,1930.7325,0.575
1749,2024-07-16,1929.6,0.575
1750,2024-07-23,1938.065,0.575
1751,2024-07-30,1908.955,0.575
1752,2024-08-06,1911.408,0.575
1753,2024-08-13,1937.195,0.575
1754,2024-08-20,1918.85,0.575
1755,2024-08-27,1989.3775,0.575
1756,2024-09-03,1916.4175,0.575
1757,2024-09-10,1920.355,0.575
1758,2024-09-17,1935.9775,0.575
1759,2024-09-24,1944.67375,0.575
1760,2024-10-01,1953.37,0.575
1761,2024-10-08,1952.3875,0.575
1762,2024-10-15,1986.4,0.575
1763,2024-10-22,1970.1075,0.575
1764,2024-10-29,1965.8925,0.575
1765,2024-11-05,1961.6775,0.575
1766,2024-11-12,1967.2337499999999,0.575
1767,2024-11-19,1969.029375,0.575
1768,2024-11-26,1970.825,0.575
1769,2024-12-03,1965.1375,0.575
1770,2024-12-10,1959.45,0.575
1771,2024-12-17,1923.0025,0.575
1772,2024-12-24,1952.38,0.575
1773,2024-12-31,1977.445,0.575
1774,2025-01-07,1950.7325,0.575
1775,2025-01-14,1971.57,0.575
1776,2025-01-21,1956.07,0.575
1777,2025-01-28,1965.0324999999998,0.575
1778,2025-02-04,1973.995,0.575
1779,2025-02-11,1949.6525,0.575
1780,2025-02-18,1948.0679166666664,0.575
1781,2025-02-25,1946.4833333333331,0.575
1782,2025-03-04,1953.2404166666665,0.575
1783,2025-03-11,1959.9975,0.575
1784,2025-03-18,1956.424375,0.575
1785,2025-03-25,1952.85125,0.575
1786,2025-04-01,1949.2781249999998,0.575
1787,2025-04-08,1945.705,0.575
1788,2025-04-15,1955.1075,0.575
1789,2025-04-22,1964.51,0.575
1790,2025-04-29,1963.855,0.575
1791,2025-05-06,1963.2,0.575
1792,2025-05-13,1957.0425,0.575
1793,2025-05-20,1941.32625,0.575
1794,2025-05-27,1925.61,0.575
1795,2025-06-03,1924.5212499999998,0.575
1796,2025-06-10,1923.4325,0.575
1797,2025-06-17,1933.6574999999998,0.575
1798,2025-06-24,1943.8825,0.575
1799,2025-07-01,1937.1938888888888,0.575
1800,2025-07-08,1930.5052777777776,0.575
1801,2025-07-15,1923.8166666666664,0.575
1802,2025-07-22,1928.945,0.575
1803,2025-07-29,1927.39375,0.575
1804,2025-08-05,1925.8425,0.575
1805,2025-08-12,1924.29125,0.575
1806,2025-08-19,1922.74,0.575
1807,2025-08-26,1934.3308333333334,0.575
1808,2025-09-02,1945.9216666666666,0.575
1809,2025-09-09,1957.5125,0.575
1810,2025-09-16,1936.405,0.575
1811,2025-09-23,1972.1375,0.575
1812,2025-09-30,1941.2825,0.575
1813,2025-10-07,1967.03,0.575
1814,2025-10-14,1966.3975,0.575
1815,2025-10-21,1965.7649999999999,0.575
1816,2025-10-28,1965.1325,0.575
1817,2025-11-04,1970.35,0.575
1818,2025-11-11,1975.5675,0.575
1819,2025-11-18,1980.785,0.575
1820,2025-11-25,1975.06875,0.575
1821,2025-12-02,1969.3525,0.575
1822,2025-12-09,1965.4308333333333,0.575
1823,2025-12-16,1961.5091666666667,0.575
1824,2025-12-23,1957.5875,0.575
1825,2025-12-30,1967.2775,0.575
