index,date,ch4_ppb,value_unc
0,1/6/1991,1724.09,2.71
1,1/13/1991,1727.43,2.71
2,1/20/1991,1724.9975,2.71
3,1/27/1991,1727.43,2.71
4,2/3/1991,1728.335,2.71
5,2/10/1991,1727.43,2.71
6,2/17/1991,1727.43,2.71
7,2/24/1991,1739.58,2.71
8,3/3/1991,1739.58,2.71
9,3/10/1991,1748.25,2.71
10,3/17/1991,1745.325,2.71
11,3/24/1991,1745.325,2.71
12,3/31/1991,1758.555,2.71
13,4/7/1991,1745.325,2.71
14,4/14/1991,1745.325,2.71
15,4/21/1991,1745.325,2.71
16,4/28/1991,1745.325,2.71
17,5/5/1991,1752.04,2.71
18,5/12/1991,1752.585,2.71
19,5/19/1991,1752.04,2.71
20,5/26/1991,1752.04,2.71
21,6/2/1991,1744.185,2.71
22,6/9/1991,1750.515,2.71
23,6/16/1991,1736.065,2.71
24,6/23/1991,1732.59,2.71
25,6/30/1991,1732.59,2.71
26,7/7/1991,1729.005,2.71
27,7/14/1991,1731.28,2.71
28,7/21/1991,1733.6725,2.71
29,7/28/1991,1729.89,2.71
30,8/4/1991,1727.0125,2.71
31,8/11/1991,1725.3275,2.71
32,8/18/1991,1720.6125,2.71
33,8/25/1991,1720.6125,2.71
34,9/1/1991,1720.6125,2.71
35,9/8/1991,1725.13,2.71
36,9/15/1991,1736.88,2.71
37,9/22/1991,1741.71,2.71
38,9/29/1991,1745.78,2.71
39,10/6/1991,1747.655,2.71
40,10/13/1991,1749.47,2.71
41,10/20/1991,1749.47,2.71
42,10/27/1991,1755.915,2.71
43,11/3/1991,1749.47,2.71
44,11/10/1991,1749.47,2.71
45,11/17/1991,1758.02,2.71
46,11/24/1991,1758.02,2.71
47,12/1/1991,1747.455,2.71
48,12/8/1991,1747.455,2.71
49,12/15/1991,1747.455,2.71
50,12/22/1991,1747.455,2.71
51,12/29/1991,1757.735,2.71
52,1/5/1992,1757.735,2.71
53,1/12/1992,1757.735,2.71
54,1/19/1992,1757.735,2.71
55,1/26/1992,1757.735,2.71
56,2/2/1992,1752.945,2.71
57,2/9/1992,1752.945,2.71
58,2/16/1992,1752.945,2.71
59,2/23/1992,1752.945,2.71
60,3/1/1992,1750.845,2.71
61,3/8/1992,1752.18,2.71
62,3/15/1992,1746.5975,2.71
63,3/22/1992,1749.925,2.71
64,3/29/1992,1754.285,2.71
65,4/5/1992,1751.9,2.71
66,4/12/1992,1751.9,2.71
67,4/19/1992,1752.03,2.71
68,4/26/1992,1752.03,2.71
69,5/3/1992,1752.03,2.71
70,5/10/1992,1751.77,2.71
71,5/17/1992,1746.34,2.71
72,5/24/1992,1746.34,2.71
73,5/31/1992,1746.34,2.71
74,6/7/1992,1744.785,2.71
75,6/14/1992,1744.785,2.71
76,6/21/1992,1746.34,2.71
77,6/28/1992,1744.785,2.71
78,7/5/1992,1739.345,2.71
79,7/12/1992,1739.345,2.71
80,7/19/1992,1734.625,2.71
81,7/26/1992,1729.52,2.71
82,8/2/1992,1727.735,2.71
83,8/9/1992,1724.7025,2.71
84,8/16/1992,1723.73,2.71
85,8/23/1992,1723.73,2.71
86,8/30/1992,1723.73,2.71
87,9/6/1992,1725.55,2.71
88,9/13/1992,1726.7625,2.71
89,9/20/1992,1730.8275,2.71
90,9/27/1992,1725.79,2.71
91,10/4/1992,1735.865,2.71
92,10/11/1992,1736.05,2.71
93,10/18/1992,1735.865,2.71
94,10/25/1992,1736.05,2.71
95,11/1/1992,1739.2225,2.71
96,11/8/1992,1749.4575,2.71
97,11/15/1992,1753.9725,2.71
98,11/22/1992,1763.57,2.71
99,11/29/1992,1753.9725,2.71
100,12/6/1992,1756.52,2.71
101,12/13/1992,1751.425,2.71
102,12/20/1992,1751.225,2.71
103,12/27/1992,1751.225,2.71
104,1/3/1993,1750.9225,2.71
105,1/10/1993,1746.5475,2.71
106,1/17/1993,1742.2525,2.71
107,1/24/1993,1742.275,2.71
108,1/31/1993,1742.23,2.71
109,2/7/1993,1740.84,2.71
110,2/14/1993,1740.84,2.71
111,2/21/1993,1742.23,2.71
112,2/28/1993,1743.81,2.71
113,3/7/1993,1743.81,2.71
114,3/14/1993,1740.44,2.71
115,3/21/1993,1740.44,2.71
116,3/28/1993,1750.55,2.71
117,4/4/1993,1750.55,2.71
118,4/11/1993,1749.585,2.71
119,4/18/1993,1748.395,2.71
120,4/25/1993,1749.585,2.71
121,5/2/1993,1750.55,2.71
122,5/9/1993,1753.53,2.71
123,5/16/1993,1753.53,2.71
124,5/23/1993,1749.585,2.71
125,5/30/1993,1748.395,2.71
126,6/6/1993,1747.165,2.71
127,6/13/1993,1747.165,2.71
128,6/20/1993,1745.86,2.71
129,6/27/1993,1742.24,2.71
130,7/4/1993,1742.24,2.71
131,7/11/1993,1731.14,2.71
132,7/18/1993,1727.315,2.71
133,7/25/1993,1726.995,2.71
134,8/1/1993,1726.995,2.71
135,8/8/1993,1727.315,2.71
136,8/15/1993,1727.99,2.71
137,8/22/1993,1731.14,2.71
138,8/29/1993,1732.9225,2.71
139,9/5/1993,1733.5225,2.71
140,9/12/1993,1737.855,2.71
141,9/19/1993,1751.755,2.71
142,9/26/1993,1756.485,2.71
143,10/3/1993,1760.265,2.71
144,10/10/1993,1762.075,2.71
145,10/17/1993,1758.2625,2.71
146,10/24/1993,1768.77,2.71
147,10/31/1993,1775.465,2.71
148,11/7/1993,1775.465,2.71
149,11/14/1993,1767.55,2.71
150,11/21/1993,1767.55,2.71
151,11/28/1993,1762.53,2.71
152,12/5/1993,1767.55,2.71
153,12/12/1993,1762.53,2.71
154,12/19/1993,1759.205,2.71
155,12/26/1993,1759.045,2.71
156,1/2/1994,1759.045,2.71
157,1/9/1994,1759.045,2.71
158,1/16/1994,1759.045,2.71
159,1/23/1994,1756.735,2.71
160,1/30/1994,1754.8,2.71
161,2/6/1994,1754.8,2.71
162,2/13/1994,1754.8,2.71
163,2/20/1994,1754.65,2.71
164,2/27/1994,1754.65,2.71
165,3/6/1994,1754.8,2.71
166,3/13/1994,1754.09,2.71
167,3/20/1994,1763.255,2.71
168,3/27/1994,1754.09,2.71
169,4/3/1994,1763.255,2.71
170,4/10/1994,1763.255,2.71
171,4/17/1994,1759.585,2.71
172,4/24/1994,1754.45,2.71
173,5/1/1994,1754.45,2.71
174,5/8/1994,1753.635,2.71
175,5/15/1994,1753.635,2.71
176,5/22/1994,1753.1,2.71
177,5/29/1994,1752.22,2.71
178,6/5/1994,1752.16,2.71
179,6/12/1994,1750.12,2.71
180,6/19/1994,1749.11,2.71
181,6/26/1994,1743.1325,2.71
182,7/3/1994,1740.41,2.71
183,7/10/1994,1738.43,2.71
184,7/17/1994,1738.13,2.71
185,7/24/1994,1733.76,2.71
186,7/31/1994,1733.76,2.71
187,8/7/1994,1733.76,2.71
188,8/14/1994,1733.76,2.71
189,8/21/1994,1734.92,2.71
190,8/28/1994,1735.73,2.71
191,9/4/1994,1741.925,2.71
192,9/11/1994,1753.05,2.71
193,9/18/1994,1755.55,2.71
194,9/25/1994,1766.73,2.71
195,10/2/1994,1767.655,2.71
196,10/9/1994,1769.91,2.71
197,10/16/1994,1769.91,2.71
198,10/23/1994,1769.91,2.71
199,10/30/1994,1769.91,2.71
200,11/6/1994,1786.26,2.71
201,11/13/1994,1786.26,2.71
202,11/20/1994,1786.26,2.71
203,11/27/1994,1780.69,2.71
204,12/4/1994,1783.475,2.71
205,12/11/1994,1778.6775,2.71
206,12/18/1994,1783.74,2.71
207,12/25/1994,1778.6775,2.71
208,1/1/1995,1778.6775,2.71
209,1/8/1995,1769.095,2.71
210,1/15/1995,1756.0525,2.71
211,1/22/1995,1761.525,2.71
212,1/29/1995,1750.58,2.71
213,2/5/1995,1750.58,2.71
214,2/12/1995,1750.58,2.71
215,2/19/1995,1764.06,2.71
216,2/26/1995,1764.06,2.71
217,3/5/1995,1764.06,2.71
218,3/12/1995,1764.06,2.71
219,3/19/1995,1766.64,2.71
220,3/26/1995,1764.11,2.71
221,4/2/1995,1764.06,2.71
222,4/9/1995,1764.11,2.71
223,4/16/1995,1764.11,2.71
224,4/23/1995,1764.11,2.71
225,4/30/1995,1759.975,2.71
226,5/7/1995,1759.975,2.71
227,5/14/1995,1759.975,2.71
228,5/21/1995,1762.185,2.71
229,5/28/1995,1759.975,2.71
230,6/4/1995,1762.185,2.71
231,6/11/1995,1762.185,2.71
232,6/18/1995,1762.185,2.71
233,6/25/1995,1748.84,2.71
234,7/2/1995,1748.84,2.71
235,7/9/1995,1748.255,2.71
236,7/16/1995,1746.79,2.71
237,7/23/1995,1746.79,2.71
238,7/30/1995,1746.79,2.71
239,8/6/1995,1753.565,2.71
240,8/13/1995,1755.22,2.71
241,8/20/1995,1755.22,2.71
242,8/27/1995,1755.22,2.71
243,9/3/1995,1755.22,2.71
244,9/10/1995,1759.915,2.71
245,9/17/1995,1759.915,2.71
246,9/24/1995,1772.215,2.71
247,10/1/1995,1772.34,2.71
248,10/8/1995,1772.34,2.71
249,10/15/1995,1772.34,2.71
250,10/22/1995,1776.185,2.71
251,10/29/1995,1776.185,2.71
252,11/5/1995,1776.185,2.71
253,11/12/1995,1769.425,2.71
254,11/19/1995,1765.8,2.71
255,11/26/1995,1769.425,2.71
256,12/3/1995,1769.8,2.71
257,12/10/1995,1769.425,2.71
258,12/17/1995,1769.8,2.71
259,12/24/1995,1769.8,2.71
260,12/31/1995,1767.9875,2.71
261,1/7/1996,1770.175,2.71
262,1/14/1996,1759.265,2.71
263,1/21/1996,1766.22,2.71
264,1/28/1996,1759.265,2.71
265,2/4/1996,1766.22,2.71
266,2/11/1996,1766.22,2.71
267,2/18/1996,1774.515,2.71
268,2/25/1996,1773.175,2.71
269,3/3/1996,1775.855,2.71
270,3/10/1996,1775.855,2.71
271,3/17/1996,1775.855,2.71
272,3/24/1996,1761.48,2.71
273,3/31/1996,1760.805,2.71
274,4/7/1996,1760.085,2.71
275,4/14/1996,1760.085,2.71
276,4/21/1996,1760.085,2.71
277,4/28/1996,1760.805,2.71
278,5/5/1996,1760.805,2.71
279,5/12/1996,1760.085,2.71
280,5/19/1996,1755.06,2.71
281,5/26/1996,1753.64,2.71
282,6/2/1996,1755.06,2.71
283,6/9/1996,1753.64,2.71
284,6/16/1996,1751.995,2.71
285,6/23/1996,1751.995,2.71
286,6/30/1996,1753.21,2.71
287,7/7/1996,1751.995,2.71
288,7/14/1996,1753.21,2.71
289,7/21/1996,1750.78,2.71
290,7/28/1996,1750.78,2.71
291,8/4/1996,1741.59,2.71
292,8/11/1996,1738.35,2.71
293,8/18/1996,1738.35,2.71
294,8/25/1996,1741.59,2.71
295,9/1/1996,1741.59,2.71
296,9/8/1996,1759.45,2.71
297,9/15/1996,1759.45,2.71
298,9/22/1996,1772.47,2.71
299,9/29/1996,1772.47,2.71
300,10/6/1996,1778.56,2.71
301,10/13/1996,1778.56,2.71
302,10/20/1996,1773.995,2.71
303,10/27/1996,1766.905,2.71
304,11/3/1996,1773.995,2.71
305,11/10/1996,1773.995,2.71
306,11/17/1996,1776.07,2.71
307,11/24/1996,1776.07,2.71
308,12/1/1996,1777.3,2.71
309,12/8/1996,1777.39,2.71
310,12/15/1996,1777.39,2.71
311,12/22/1996,1777.39,2.71
312,12/29/1996,1775.8025,2.71
313,1/5/1997,1775.8025,2.71
314,1/12/1997,1768.1375,2.71
315,1/19/1997,1764.275,2.71
316,1/26/1997,1766.4,2.71
317,2/2/1997,1772.965,2.71
318,2/9/1997,1772.965,2.71
319,2/16/1997,1772.965,2.71
320,2/23/1997,1766.4,2.71
321,3/2/1997,1772.965,2.71
322,3/9/1997,1774.995,2.71
323,3/16/1997,1777.42,2.71
324,3/23/1997,1778.09,2.71
325,3/30/1997,1780.485,2.71
326,4/6/1997,1780.485,2.71
327,4/13/1997,1780.485,2.71
328,4/20/1997,1782.665,2.71
329,4/27/1997,1784.875,2.71
330,5/4/1997,1782.665,2.71
331,5/11/1997,1777.83,2.055
332,5/18/1997,1777.83,2.055
333,5/25/1997,1782.665,2.055
334,6/1/1997,1782.665,1.7275
335,6/8/1997,1764.862,1.924
336,6/15/1997,1764.862,2.055
337,6/22/1997,1764.862,2.055
338,6/29/1997,1764.862,1.924
339,7/6/1997,1760.3325,1.924
340,7/13/1997,1756.0175,2.055
341,7/20/1997,1751.3275,2.055
342,7/27/1997,1741.385,2.055
343,8/3/1997,1741.385,1.4
344,8/10/1997,1751.3275,1.4
345,8/17/1997,1760.235,1.4
346,8/24/1997,1760.235,1.4
347,8/31/1997,1761.53375,1.4
348,9/7/1997,1766.524584,1.4
349,9/14/1997,1770.274584,1.4
350,9/21/1997,1770.274584,1.4
351,9/28/1997,1773.757084,1.4
352,10/5/1997,1784.86875,1.4
353,10/12/1997,1787.4925,1.4
354,10/19/1997,1784.125,1.4
355,10/26/1997,1782.545,1.4
356,11/2/1997,1784.125,1.4
357,11/9/1997,1784.125,1.4
358,11/16/1997,1784.125,1.4
359,11/23/1997,1784.125,1.4
360,11/30/1997,1785.125,1.4
361,12/7/1997,1785.80125,1.4
362,12/14/1997,1785.80125,1.4
363,12/21/1997,1782.9175,1.4
364,12/28/1997,1779.7875,1.4
365,1/4/1998,1771.6925,1.4
366,1/11/1998,1771.6925,1.4
367,1/18/1998,1771.6925,1.4
368,1/25/1998,1768.935,1.4
369,2/1/1998,1767.703333,1.4
370,2/8/1998,1763.67,1.4
371,2/15/1998,1763.67,1.4
372,2/22/1998,1761.6825,1.4
373,3/1/1998,1761.6825,1.4
374,3/8/1998,1761.6825,1.4
375,3/15/1998,1779.6775,1.4
376,3/22/1998,1780.29,1.4
377,3/29/1998,1780.29,1.4
378,4/5/1998,1779.6775,1.4
379,4/12/1998,1780.29,1.4
380,4/19/1998,1779.6775,1.4
381,4/26/1998,1779.3025,1.4
382,5/3/1998,1779.3025,1.4
383,5/10/1998,1779.3025,1.4
384,5/17/1998,1780.2075,1.4
385,5/24/1998,1781.0625,1.4
386,5/31/1998,1780.2075,1.4
387,6/7/1998,1780.2075,1.4
388,6/14/1998,1780.2075,1.4
389,6/21/1998,1778.4975,1.4
390,6/28/1998,1775.375,1.4
391,7/5/1998,1767.5025,1.4
392,7/12/1998,1766.655,1.4
393,7/19/1998,1760.215,1.4
394,7/26/1998,1755.873333,1.4
395,8/2/1998,1755.873333,1.4
396,8/9/1998,1760.215,1.4
397,8/16/1998,1760.215,1.4
398,8/23/1998,1760.215,1.4
399,8/30/1998,1763.16,1.4
400,9/6/1998,1763.485,1.4
401,9/13/1998,1766.14,1.4
402,9/20/1998,1767.205,1.4
403,9/27/1998,1781.22,1.4
404,10/4/1998,1783.5625,1.4
405,10/11/1998,1785.3525,1.4
406,10/18/1998,1787.44,1.4
407,10/25/1998,1787.44,1.4
408,11/1/1998,1791.9725,1.4
409,11/8/1998,1795.41,1.4
410,11/15/1998,1797.2925,1.4
411,11/22/1998,1797.2925,1.4
412,11/29/1998,1799.115,1.4
413,12/6/1998,1803.1075,1.4
414,12/13/1998,1803.1075,1.4
415,12/20/1998,1803.1075,1.4
416,12/27/1998,1803.1075,1.4
417,1/3/1999,1793.0225,1.4
418,1/10/1999,1793.0225,1.4
419,1/17/1999,1793.0225,1.4
420,1/24/1999,1793.0225,1.4
421,1/31/1999,1793.0225,1.4
422,2/7/1999,1793.0225,1.4
423,2/14/1999,1789.735,1.4
424,2/21/1999,1796.8025,1.4
425,2/28/1999,1787.615,1.4
426,3/7/1999,1787.615,1.4
427,3/14/1999,1787.615,1.4
428,3/21/1999,1788.475,1.4
429,3/28/1999,1799.7175,1.4
430,4/4/1999,1799.7175,1.4
431,4/11/1999,1788.475,1.4
432,4/18/1999,1788.475,1.4
433,4/25/1999,1788.37,1.4
434,5/2/1999,1773.365,1.4
435,5/9/1999,1770.9475,1.4
436,5/16/1999,1770.9475,1.4
437,5/23/1999,1770.9475,1.4
438,5/30/1999,1770.9475,1.4
439,6/6/1999,1770.9475,1.4
440,6/13/1999,1770.9475,1.4
441,6/20/1999,1770.9475,1.4
442,6/27/1999,1765.91,1.4
443,7/4/1999,1765.91,1.4
444,7/11/1999,1767.52625,1.4
445,7/18/1999,1767.52625,1.4
446,7/25/1999,1765.12,1.4
447,8/1/1999,1763.8075,1.4
448,8/8/1999,1763.8075,1.4
449,8/15/1999,1765.7475,1.4
450,8/22/1999,1765.7475,1.4
451,8/29/1999,1767.165,1.4
452,9/5/1999,1776.4675,1.4
453,9/12/1999,1788.8075,1.4
454,9/19/1999,1788.8075,1.4
455,9/26/1999,1796.95,1.4
456,10/3/1999,1788.8075,1.4
457,10/10/1999,1799.9275,1.4
458,10/17/1999,1799.9275,1.4
459,10/24/1999,1799.9275,1.4
460,10/31/1999,1790.54,1.4
461,11/7/1999,1796.9825,1.4
462,11/14/1999,1796.9825,1.4
463,11/21/1999,1796.9825,1.4
464,11/28/1999,1796.86,1.4
465,12/5/1999,1796.86,1.4
466,12/12/1999,1796.86,1.4
467,12/19/1999,1796.9825,1.4
468,12/26/1999,1796.86,1.4
469,1/2/2000,1796.86,1.4
470,1/9/2000,1800.4775,1.4
471,1/16/2000,1800.4775,1.4
472,1/23/2000,1800.4775,1.4
473,1/30/2000,1796.6525,1.4
474,2/6/2000,1793.1225,1.4
475,2/13/2000,1796.6525,1.4
476,2/20/2000,1793.1225,1.4
477,2/27/2000,1793.1225,1.4
478,3/5/2000,1793.1225,1.4
479,3/12/2000,1793.1225,1.4
480,3/19/2000,1793.1225,1.4
481,3/26/2000,1793.2375,1.4
482,4/2/2000,1790.79,1.4
483,4/9/2000,1790.79,1.4
484,4/16/2000,1788.2875,1.4
485,4/23/2000,1788.205,1.4
486,4/30/2000,1784.915,1.4
487,5/7/2000,1774.41,1.4
488,5/14/2000,1773.7425,1.4
489,5/21/2000,1773.7425,1.4
490,5/28/2000,1766.4875,1.4
491,6/4/2000,1773.7425,1.4
492,6/11/2000,1773.0825,1.4
493,6/18/2000,1773.0825,1.4
494,6/25/2000,1773.0825,1.4
495,7/2/2000,1769.3575,1.4
496,7/9/2000,1766.27,1.4
497,7/16/2000,1767.435,1.4
498,7/23/2000,1767.435,1.4
499,7/30/2000,1766.27,1.4
500,8/6/2000,1765.3225,1.4
501,8/13/2000,1764.885,1.4
502,8/20/2000,1764.885,1.4
503,8/27/2000,1764.885,1.4
504,9/3/2000,1764.885,1.4
505,9/10/2000,1764.885,1.4
506,9/17/2000,1770.2675,1.4
507,9/24/2000,1777.15,1.4
508,10/1/2000,1781.3425,1.4
509,10/8/2000,1789.845,1.4
510,10/15/2000,1794.155,1.4
511,10/22/2000,1796.890834,1.4
512,10/29/2000,1800.570834,1.4
513,11/5/2000,1797.835,1.4
514,11/12/2000,1796.4925,1.4
515,11/19/2000,1796.4925,1.4
516,11/26/2000,1793.01125,1.4
517,12/3/2000,1791.47,1.4
518,12/10/2000,1789.6425,1.4
519,12/17/2000,1788.91125,1.4
520,12/24/2000,1788.49,1.4
521,12/31/2000,1788.49,1.4
522,1/7/2001,1790.0075,1.4
523,1/14/2001,1786.9725,1.4
524,1/21/2001,1786.8575,1.4
525,1/28/2001,1790.0075,1.4
526,2/4/2001,1791.005,1.4
527,2/11/2001,1792.896667,1.4
528,2/18/2001,1795.05,1.4
529,2/25/2001,1795.05,1.4
530,3/4/2001,1803.7775,1.4
531,3/11/2001,1803.7775,1.4
532,3/18/2001,1795.05,1.4
533,3/25/2001,1803.7775,1.4
534,4/1/2001,1803.7775,1.4
535,4/8/2001,1800.2675,1.4
536,4/15/2001,1800.2675,1.4
537,4/22/2001,1789.4025,1.4
538,4/29/2001,1789.4025,1.4
539,5/6/2001,1789.4025,1.4
540,5/13/2001,1784.66,1.4
541,5/20/2001,1782.623333,1.4
542,5/27/2001,1781.015,1.4
543,6/3/2001,1780.97,1.4
544,6/10/2001,1779.7475,1.4
545,6/17/2001,1779.7475,1.4
546,6/24/2001,1776.1075,1.4
547,7/1/2001,1776.1075,1.4
548,7/8/2001,1769.565,1.4
549,7/15/2001,1769.565,1.4
550,7/22/2001,1767.0925,1.4
551,7/29/2001,1767.0925,1.4
552,8/5/2001,1767.0925,1.4
553,8/12/2001,1763.07,1.4
554,8/19/2001,1762.435,1.4
555,8/26/2001,1761.8675,1.4
556,9/2/2001,1761.8675,1.4
557,9/9/2001,1762.435,1.4
558,9/16/2001,1763.07,1.4
559,9/23/2001,1777.94,1.4
560,9/30/2001,1782.955,1.4
561,10/7/2001,1782.955,1.4
562,10/14/2001,1789.7225,1.4
563,10/21/2001,1785.1775,1.4
564,10/28/2001,1785.1775,1.4
565,11/4/2001,1794.860417,1.4
566,11/11/2001,1784.06625,1.4
567,11/18/2001,1793.495,1.4
568,11/25/2001,1803.27375,1.4
569,12/2/2001,1793.76375,1.4
570,12/9/2001,1796.69875,1.4
571,12/16/2001,1788.65,1.4
572,12/23/2001,1786.915,1.4
573,12/30/2001,1791.585,1.4
574,1/6/2002,1786.915,1.4
575,1/13/2002,1785.715,1.4
576,1/20/2002,1784.7275,1.4
577,1/27/2002,1784.7275,1.4
578,2/3/2002,1781.8075,1.4
579,2/10/2002,1781.8075,1.4
580,2/17/2002,1781.035,1.4
581,2/24/2002,1781.035,1.4
582,3/3/2002,1786.6,1.4
583,3/10/2002,1787.9775,1.4
584,3/17/2002,1786.6,1.4
585,3/24/2002,1786.6,1.4
586,3/31/2002,1782.1875,1.4
587,4/7/2002,1790.1475,1.4
588,4/14/2002,1790.1475,1.4
589,4/21/2002,1782.1875,1.4
590,4/28/2002,1765.9825,1.4
591,5/5/2002,1782.1875,1.4
592,5/12/2002,1782.51,1.4
593,5/19/2002,1782.5375,1.4
594,5/26/2002,1782.51,1.4
595,6/2/2002,1782.26,1.4
596,6/9/2002,1782.26,1.4
597,6/16/2002,1782.26,1.4
598,6/23/2002,1772.8025,1.4
599,6/30/2002,1771.0175,1.4
600,7/7/2002,1771.0175,1.4
601,7/14/2002,1765.6225,1.4
602,7/21/2002,1771.0175,1.4
603,7/28/2002,1765.6225,1.4
604,8/4/2002,1762.6025,1.4
605,8/11/2002,1762.6025,1.4
606,8/18/2002,1768.945,1.4
607,8/25/2002,1764.91,1.4
608,9/1/2002,1773.48125,1.4
609,9/8/2002,1774.26375,1.4
610,9/15/2002,1780.56375,1.4
611,9/22/2002,1783.8425,1.4
612,9/29/2002,1783.8425,1.4
613,10/6/2002,1789.065,1.4
614,10/13/2002,1791.99,1.4
615,10/20/2002,1801.5575,1.4
616,10/27/2002,1801.5575,1.4
617,11/3/2002,1802.875,1.4
618,11/10/2002,1801.5575,1.4
619,11/17/2002,1801.5575,1.4
620,11/24/2002,1801.5575,1.4
621,12/1/2002,1799.355,1.4
622,12/8/2002,1796.9075,1.4
623,12/15/2002,1798.13125,1.4
624,12/22/2002,1793.03875,1.4
625,12/29/2002,1787.15125,1.4
626,1/5/2003,1787.15125,1.4
627,1/12/2003,1786.295,1.4
628,1/19/2003,1783.18375,1.4
629,1/26/2003,1780.19,1.4
630,2/2/2003,1781.235,1.4
631,2/9/2003,1787.4575,1.4
632,2/16/2003,1793.785,1.4
633,2/23/2003,1793.785,1.4
634,3/2/2003,1794.73,1.4
635,3/9/2003,1794.73,1.4
636,3/16/2003,1794.73,1.4
637,3/23/2003,1793.785,1.4
638,3/30/2003,1793.785,1.4
639,4/6/2003,1796.81,1.4
640,4/13/2003,1793.14,1.4
641,4/20/2003,1793.14,1.4
642,4/27/2003,1792.2075,1.87
643,5/4/2003,1794.1675,1.87
644,5/11/2003,1794.1675,1.87
645,5/18/2003,1791.205,1.87
646,5/25/2003,1791.205,1.87
647,6/1/2003,1789.815,1.87
648,6/8/2003,1789.815,1.87
649,6/15/2003,1791.79,1.87
650,6/22/2003,1791.79,1.87
651,6/29/2003,1791.79,1.87
652,7/6/2003,1793.31125,1.87
653,7/13/2003,1783.843334,1.87
654,7/20/2003,1783.843334,1.87
655,7/27/2003,1773.835834,1.87
656,8/3/2003,1768.2725,1.87
657,8/10/2003,1768.12125,1.87
658,8/17/2003,1768.12125,1.87
659,8/24/2003,1771.4725,1.87
660,8/31/2003,1771.4725,1.87
661,9/7/2003,1778.9975,1.87
662,9/14/2003,1778.9975,1.87
663,9/21/2003,1795.8725,1.87
664,9/28/2003,1801.125,1.87
665,10/5/2003,1795.8725,1.87
666,10/12/2003,1791.6075,1.87
667,10/19/2003,1791.6075,1.87
668,10/26/2003,1810.825,1.87
669,11/2/2003,1820.995,1.87
670,11/9/2003,1820.995,1.87
671,11/16/2003,1793.05,1.87
672,11/23/2003,1806.57,1.87
673,11/30/2003,1806.57,1.87
674,12/7/2003,1798.485,1.87
675,12/14/2003,1798,1.87
676,12/21/2003,1793.05,1.87
677,12/28/2003,1786.135,1.87
678,1/4/2004,1788.0925,1.87
679,1/11/2004,1788.0925,1.87
680,1/18/2004,1788.0925,1.87
681,1/25/2004,1788.0925,1.87
682,2/1/2004,1789.2175,1.87
683,2/8/2004,1789.2175,1.87
684,2/15/2004,1789.2175,1.87
685,2/22/2004,1794.1175,1.87
686,2/29/2004,1795.3975,1.87
687,3/7/2004,1789.2175,1.87
688,3/14/2004,1789.2175,1.87
689,3/21/2004,1804.2575,1.87
690,3/28/2004,1805.3625,1.87
691,4/4/2004,1820.665,1.87
692,4/11/2004,1805.3625,1.87
693,4/18/2004,1804.2575,1.87
694,4/25/2004,1804.2575,1.87
695,5/2/2004,1797.905,1.87
696,5/9/2004,1797.905,1.87
697,5/16/2004,1794.915,1.87
698,5/23/2004,1780.5575,1.87
699,5/30/2004,1780.5575,1.87
700,6/6/2004,1778.0725,1.87
701,6/13/2004,1776.1325,1.87
702,6/20/2004,1779.4025,1.87
703,6/27/2004,1779.4025,1.87
704,7/4/2004,1776.1325,1.87
705,7/11/2004,1775.8125,1.87
706,7/18/2004,1767.745,1.87
707,7/25/2004,1770.6075,1.87
708,8/1/2004,1770.6075,1.87
709,8/8/2004,1770.6075,1.87
710,8/15/2004,1770.6075,1.87
711,8/22/2004,1770.6075,1.87
712,8/29/2004,1770.6075,1.87
713,9/5/2004,1777.1425,1.87
714,9/12/2004,1777.1425,1.87
715,9/19/2004,1778.0125,1.87
716,9/26/2004,1777.1425,1.87
717,10/3/2004,1777.1425,1.87
718,10/10/2004,1784.035,1.87
719,10/17/2004,1784.035,1.87
720,10/24/2004,1784.035,1.87
721,10/31/2004,1793.3875,1.87
722,11/7/2004,1793.3875,1.87
723,11/14/2004,1798.17,1.87
724,11/21/2004,1798.17,1.87
725,11/28/2004,1798.17,1.87
726,12/5/2004,1798.17,1.87
727,12/12/2004,1797.635,1.87
728,12/19/2004,1795.515,1.87
729,12/26/2004,1795.515,1.87
730,1/2/2005,1791.1725,1.87
731,1/9/2005,1790.8425,1.87
732,1/16/2005,1790.8425,1.87
733,1/23/2005,1786.3025,1.87
734,1/30/2005,1790.8425,1.87
735,2/6/2005,1792.02,1.87
736,2/13/2005,1792.02,1.87
737,2/20/2005,1792.02,1.87
738,2/27/2005,1805.84,1.87
739,3/6/2005,1805.84,1.87
740,3/13/2005,1808.19,1.87
741,3/20/2005,1805.84,1.87
742,3/27/2005,1799.4975,1.87
743,4/3/2005,1796.73,1.87
744,4/10/2005,1796.73,1.87
745,4/17/2005,1787.475,1.87
746,4/24/2005,1787.475,1.87
747,5/1/2005,1785.68,1.87
748,5/8/2005,1785.68,1.87
749,5/15/2005,1787.475,1.87
750,5/22/2005,1777.1125,1.87
751,5/29/2005,1771.6075,1.87
752,6/5/2005,1777.1125,1.87
753,6/12/2005,1771.6075,1.87
754,6/19/2005,1771.6075,1.87
755,6/26/2005,1771.2725,1.87
756,7/3/2005,1771.2725,1.87
757,7/10/2005,1771.2725,1.87
758,7/17/2005,1771.2725,1.87
759,7/24/2005,1771.0075,1.87
760,7/31/2005,1765.0625,1.87
761,8/7/2005,1765.0625,1.87
762,8/14/2005,1771.8075,2.05
763,8/21/2005,1767.52,2.05
764,8/28/2005,1767.52,2.05
765,9/4/2005,1771.8075,2.05
766,9/11/2005,1778.57,2.05
767,9/18/2005,1780.93,2.05
768,9/25/2005,1796.4075,2.05
769,10/2/2005,1803.1175,2.05
770,10/9/2005,1803.6875,2.05
771,10/16/2005,1803.6875,2.05
772,10/23/2005,1804.5475,2.05
773,10/30/2005,1804.5475,2.05
774,11/6/2005,1804.5475,2.05
775,11/13/2005,1803.6875,2.05
776,11/20/2005,1804.5475,2.05
777,11/27/2005,1802.0775,2.05
778,12/4/2005,1802.0775,2.05
779,12/11/2005,1799.0125,2.05
780,12/18/2005,1799.0125,2.05
781,12/25/2005,1799.0125,2.05
782,1/1/2006,1799.4975,2.05
783,1/8/2006,1799.0125,2.05
784,1/15/2006,1795.3225,2.05
785,1/22/2006,1795.3225,2.05
786,1/29/2006,1795.3225,2.05
787,2/5/2006,1793.41,2.05
788,2/12/2006,1784.8575,2.05
789,2/19/2006,1784.8575,2.05
790,2/26/2006,1788.0375,2.05
791,3/5/2006,1788.0375,2.05
792,3/12/2006,1778.8925,2.05
793,3/19/2006,1778.8925,2.05
794,3/26/2006,1788.0375,2.05
795,4/2/2006,1793.4275,2.05
796,4/9/2006,1797.5125,2.05
797,4/16/2006,1799.145,2.05
798,4/23/2006,1803.875,2.05
799,4/30/2006,1803.875,2.05
800,5/7/2006,1803.875,2.05
801,5/14/2006,1798.575,2.05
802,5/21/2006,1797.5125,2.05
803,5/28/2006,1790.91,2.05
804,6/4/2006,1787.1275,2.05
805,6/11/2006,1784.8175,2.05
806,6/18/2006,1775.3425,2.05
807,6/25/2006,1775.3425,2.05
808,7/2/2006,1774.06,2.05
809,7/9/2006,1765.4125,2.05
810,7/16/2006,1764.1275,2.05
811,7/23/2006,1763.5775,2.05
812,7/30/2006,1763.5775,2.05
813,8/6/2006,1764.1275,2.05
814,8/13/2006,1763.1925,2.05
815,8/20/2006,1763.1925,2.05
816,8/27/2006,1763.1925,2.05
817,9/3/2006,1767.2775,2.05
818,9/10/2006,1769.4975,2.05
819,9/17/2006,1775.7175,2.05
820,9/24/2006,1776.1075,2.05
821,10/1/2006,1776.2525,2.05
822,10/8/2006,1785.3225,2.05
823,10/15/2006,1787.625,2.05
824,10/22/2006,1787.625,2.05
825,10/29/2006,1787.625,2.05
826,11/5/2006,1792.485,2.05
827,11/12/2006,1792.485,2.05
828,11/19/2006,1792.485,2.05
829,11/26/2006,1790.76,2.05
830,12/3/2006,1792.485,2.05
831,12/10/2006,1792.485,2.05
832,12/17/2006,1794.025,2.05
833,12/24/2006,1799.255,2.05
834,12/31/2006,1794.025,2.05
835,1/7/2007,1794.025,2.05
836,1/14/2007,1794.025,2.05
837,1/21/2007,1794.025,2.05
838,1/28/2007,1796.2475,2.05
839,2/4/2007,1800.1275,2.05
840,2/11/2007,1805.01,2.05
841,2/18/2007,1805.01,2.05
842,2/25/2007,1796.2475,2.05
843,3/4/2007,1805.01,2.05
844,3/11/2007,1805.01,2.05
845,3/18/2007,1805.01,2.05
846,3/25/2007,1802.1025,2.05
847,4/1/2007,1802.1025,2.05
848,4/8/2007,1803.28,2.05
849,4/15/2007,1803.28,2.05
850,4/22/2007,1802.1025,2.05
851,4/29/2007,1796.675,2.05
852,5/6/2007,1796.675,2.05
853,5/13/2007,1795.8975,2.05
854,5/20/2007,1793.46,2.05
855,5/27/2007,1792.3625,2.05
856,6/3/2007,1789.8525,2.05
857,6/10/2007,1789.8525,2.05
858,6/17/2007,1789.8525,2.05
859,6/24/2007,1774.335,2.05
860,7/1/2007,1772.96,2.05
861,7/8/2007,1772.96,2.05
862,7/15/2007,1770.475,2.05
863,7/22/2007,1768.9725,2.05
864,7/29/2007,1770.475,2.05
865,8/5/2007,1771.0825,2.05
866,8/12/2007,1771.0825,2.05
867,8/19/2007,1774.1725,2.05
868,8/26/2007,1774.1725,2.05
869,9/2/2007,1777.2,2.05
870,9/9/2007,1779.24,2.05
871,9/16/2007,1795.0425,2.05
872,9/23/2007,1795.0425,2.05
873,9/30/2007,1795.0425,2.05
874,10/7/2007,1795.0425,2.05
875,10/14/2007,1795.0425,2.05
876,10/21/2007,1800.7075,2.05
877,10/28/2007,1802.5375,2.05
878,11/4/2007,1802.5375,2.05
879,11/11/2007,1802.5375,2.05
880,11/18/2007,1802.665,2.05
881,11/25/2007,1802.7475,2.05
882,12/2/2007,1802.7475,2.05
883,12/9/2007,1802.7475,2.05
884,12/16/2007,1810.52,2.05
885,12/23/2007,1802.7475,2.05
886,12/30/2007,1810.52,2.05
887,1/6/2008,1811.4425,2.05
888,1/13/2008,1813.395,1.31
889,1/20/2008,1811.4425,1.31
890,1/27/2008,1811.4425,1.31
891,2/3/2008,1811.1,1.31
892,2/10/2008,1811.1,2.05
893,2/17/2008,1811.1,1.31
894,2/24/2008,1796.4725,2.05
895,3/2/2008,1790.0225,1.31
896,3/9/2008,1785.705,1.31
897,3/16/2008,1785.705,2.05
898,3/23/2008,1785.185,2.05
899,3/30/2008,1785.185,2.05
900,4/6/2008,1785.185,1.31
901,4/13/2008,1785.705,2.05
902,4/20/2008,1786.0025,1.31
903,4/27/2008,1787.8425,1.31
904,5/4/2008,1787.8425,1.31
905,5/11/2008,1787.8425,1.31
906,5/18/2008,1787.93,1.31
907,5/25/2008,1798.17,1.31
908,6/1/2008,1799.06,1.31
909,6/8/2008,1798.17,1.31
910,6/15/2008,1787.93,1.31
911,6/22/2008,1783.175,1.31
912,6/29/2008,1787.93,2.05
913,7/6/2008,1783.175,1.31
914,7/13/2008,1779.6125,1.31
915,7/20/2008,1779.6125,2.05
916,7/27/2008,1776.6275,1.31
917,8/3/2008,1776.6275,1.31
918,8/10/2008,1784.8475,1.31
919,8/17/2008,1777.43,1.31
920,8/24/2008,1784.8475,2.05
921,8/31/2008,1784.8475,2.05
922,9/7/2008,1781.9125,2.05
923,9/14/2008,1787.2275,1.31
924,9/21/2008,1790.81,2.05
925,9/28/2008,1802.3275,2.05
926,10/5/2008,1817.83,1.31
927,10/12/2008,1817.83,2.05
928,10/19/2008,1817.83,1.31
929,10/26/2008,1819.6625,1.31
930,11/2/2008,1820.0125,1.31
931,11/9/2008,1819.6625,1.68
932,11/16/2008,1815.4325,1.31
933,11/23/2008,1808.4075,1.31
934,11/30/2008,1815.4325,1.31
935,12/7/2008,1819.7775,2.05
936,12/14/2008,1815.4325,1.31
937,12/21/2008,1814.2375,2.05
938,12/28/2008,1815.4325,1.31
939,1/4/2009,1817.91,2.05
940,1/11/2009,1819.7775,2.05
941,1/18/2009,1817.91,2.05
942,1/25/2009,1814.2375,2.05
943,2/1/2009,1814.2375,2.05
944,2/8/2009,1817.91,1.68
945,2/15/2009,1815.35,2.05
946,2/22/2009,1815.35,1.31
947,3/1/2009,1806.4375,1.31
948,3/8/2009,1815.35,1.31
949,3/15/2009,1818.4275,2.05
950,3/22/2009,1818.4275,1.31
951,3/29/2009,1815.35,2.05
952,4/5/2009,1812.025,1.31
953,4/12/2009,1810.625,2.05
954,4/19/2009,1810.625,1.31
955,4/26/2009,1809.2125,1.31
956,5/3/2009,1809.2125,2.05
957,5/10/2009,1796.965,1.31
958,5/17/2009,1808.655,1.68
959,5/24/2009,1808.655,1.31
960,5/31/2009,1807.3225,1.68
961,6/7/2009,1808.655,1.31
962,6/14/2009,1808.655,1.31
963,6/21/2009,1807.3225,1.31
964,6/28/2009,1807.3225,1.31
965,7/5/2009,1793.4825,2.05
966,7/12/2009,1790.67,2.05
967,7/19/2009,1790.67,2.05
968,7/26/2009,1789.5975,2.05
969,8/2/2009,1788.395,1.31
970,8/9/2009,1787.6975,1.31
971,8/16/2009,1787.6975,2.05
972,8/23/2009,1790.4275,2.05
973,8/30/2009,1790.4275,1.31
974,9/6/2009,1790.4275,1.31
975,9/13/2009,1796.89,1.31
976,9/20/2009,1797.38,1.31
977,9/27/2009,1804.5525,1.31
978,10/4/2009,1804.5525,1.31
979,10/11/2009,1804.5525,1.31
980,10/18/2009,1804.965,2.05
981,10/25/2009,1813.99,1.31
982,11/1/2009,1813.99,1.31
983,11/8/2009,1813.99,1.31
984,11/15/2009,1813.99,1.31
985,11/22/2009,1813.99,1.31
986,11/29/2009,1813.99,1.31
987,12/6/2009,1820.99,1.31
988,12/13/2009,1820.99,1.31
989,12/20/2009,1810.9575,1.31
990,12/27/2009,1810.545,1.31
991,1/3/2010,1810.545,1.31
992,1/10/2010,1808.9475,1.31
993,1/17/2010,1810.545,1.31
994,1/24/2010,1810.545,1.31
995,1/31/2010,1810.545,1.31
996,2/7/2010,1800.5675,1.31
997,2/14/2010,1811.21,1.31
998,2/21/2010,1829.115,1.31
999,2/28/2010,1829.115,1.31
1000,3/7/2010,1822.025,1.31
1001,3/14/2010,1807.025,1.11
1002,3/21/2010,1822.025,1.31
1003,3/28/2010,1822.025,0.91
1004,4/4/2010,1821.995,1.31
1005,4/11/2010,1821.065,1.31
1006,4/18/2010,1816.5775,0.91
1007,4/25/2010,1816.5775,0.91
1008,5/2/2010,1821.065,0.91
1009,5/9/2010,1821.065,0.91
1010,5/16/2010,1819.25,1.31
1011,5/23/2010,1816.5775,1.31
1012,5/30/2010,1810.965,1.31
1013,6/6/2010,1810.965,0.91
1014,6/13/2010,1803.7275,1.31
1015,6/20/2010,1796.7575,0.91
1016,6/27/2010,1796.7575,0.91
1017,7/4/2010,1792.06,1.11
1018,7/11/2010,1791.835,1.31
1019,7/18/2010,1792.06,1.31
1020,7/25/2010,1795.12,1.31
1021,8/1/2010,1795.6975,0.91
1022,8/8/2010,1795.6975,0.91
1023,8/15/2010,1795.12,0.91
1024,8/22/2010,1795.6975,0.91
1025,8/29/2010,1804.9825,1.31
1026,9/5/2010,1804.9825,1.31
1027,9/12/2010,1811.2775,1.31
1028,9/19/2010,1811.2775,1.11
1029,9/26/2010,1816.2975,1.31
1030,10/3/2010,1816.2975,1.31
1031,10/10/2010,1816.2975,1.31
1032,10/17/2010,1824.3225,1.31
1033,10/24/2010,1830.545,1.31
1034,10/31/2010,1830.545,1.31
1035,11/7/2010,1830.545,0.91
1036,11/14/2010,1832.1875,0.91
1037,11/21/2010,1833.79,0.91
1038,11/28/2010,1833.79,0.91
1039,12/5/2010,1828.98,0.91
1040,12/12/2010,1825.72,1.31
1041,12/19/2010,1825.72,0.91
1042,12/26/2010,1823.73,1.31
1043,1/2/2011,1823.73,0.91
1044,1/9/2011,1814.4925,0.91
1045,1/16/2011,1823.73,1.31
1046,1/23/2011,1823.73,1.31
1047,1/30/2011,1823.73,1.31
1048,2/6/2011,1819.4225,1.31
1049,2/13/2011,1819.4225,1.31
1050,2/20/2011,1814.3125,0.91
1051,2/27/2011,1813.8775,1.31
1052,3/6/2011,1811.0575,1.11
1053,3/13/2011,1811.0575,1.31
1054,3/20/2011,1811.64875,1.31
1055,3/27/2011,1813.485,1.31
1056,4/3/2011,1807.08125,0.91
1057,4/10/2011,1813.485,1.11
1058,4/17/2011,1811.14625,1.31
1059,4/24/2011,1809.97875,1.31
1060,5/1/2011,1809.97875,0.91
1061,5/8/2011,1817.55,1.31
1062,5/15/2011,1802.4075,1.31
1063,5/22/2011,1802.4075,1.31
1064,5/29/2011,1802.4075,1.31
1065,6/5/2011,1803.9025,0.91
1066,6/12/2011,1811.2925,0.91
1067,6/19/2011,1803.9025,1.31
1068,6/26/2011,1802.95,1.31
1069,7/3/2011,1803.9025,0.91
1070,7/10/2011,1803.9025,0.91
1071,7/17/2011,1802.95,0.91
1072,7/24/2011,1801.5725,0.91
1073,7/31/2011,1801.293333,1.31
1074,8/7/2011,1800.9725,1.31
1075,8/14/2011,1800.9725,1.31
1076,8/21/2011,1800.9725,1.31
1077,8/28/2011,1800.6875,1.31
1078,9/4/2011,1799.375,1.31
1079,9/11/2011,1800.6875,0.91
1080,9/18/2011,1801.185,0.91
1081,9/25/2011,1817.8925,0.91
1082,10/2/2011,1826.8625,0.91
1083,10/9/2011,1810.0025,1.31
1084,10/16/2011,1831.24,1.31
1085,10/23/2011,1831.24,0.91
1086,10/30/2011,1831.24,0.91
1087,11/6/2011,1831.24,0.91
1088,11/13/2011,1835.905,0.91
1089,11/20/2011,1831.1975,0.91
1090,11/27/2011,1831.1975,0.91
1091,12/4/2011,1831.1975,0.91
1092,12/11/2011,1832.7,1.31
1093,12/18/2011,1831.1975,1.31
1094,12/25/2011,1832.7,0.91
1095,1/1/2012,1831.1975,1.31
1096,1/8/2012,1828.1625,0.91
1097,1/15/2012,1828.1625,0.91
1098,1/22/2012,1826.0125,1.31
1099,1/29/2012,1826.0125,1.31
1100,2/5/2012,1828.1625,1.11
1101,2/12/2012,1820.4325,0.91
1102,2/19/2012,1820.4325,0.91
1103,2/26/2012,1814.9625,0.91
1104,3/4/2012,1820.4325,0.91
1105,3/11/2012,1825.4025,0.91
1106,3/18/2012,1824.985,0.91
1107,3/25/2012,1824.985,0.91
1108,4/1/2012,1825.4025,0.91
1109,4/8/2012,1831.37,0.91
1110,4/15/2012,1835.395,0.91
1111,4/22/2012,1835.395,1.11
1112,4/29/2012,1835.395,1.11
1113,5/6/2012,1835.395,0.91
1114,5/13/2012,1835.395,0.91
1115,5/20/2012,1835.395,1.31
1116,5/27/2012,1827.005,1.31
1117,6/3/2012,1813.2225,0.91
1118,6/10/2012,1810.875,0.91
1119,6/17/2012,1810.875,0.91
1120,6/24/2012,1810.875,0.91
1121,7/1/2012,1804.9,0.91
1122,7/8/2012,1804.75,0.91
1123,7/15/2012,1803.8225,0.91
1124,7/22/2012,1802.55,0.91
1125,7/29/2012,1802.55,0.91
1126,8/5/2012,1802.55,0.91
1127,8/12/2012,1800.6525,0.91
1128,8/19/2012,1803.8225,0.91
1129,8/26/2012,1808.165,0.91
1130,9/2/2012,1810.026667,0.91
1131,9/9/2012,1813.11,0.91
1132,9/16/2012,1813.416667,0.91
1133,9/23/2012,1813.7325,0.91
1134,9/30/2012,1813.95,0.91
1135,10/7/2012,1817.0775,0.91
1136,10/14/2012,1824.8125,0.91
1137,10/21/2012,1824.8125,0.91
1138,10/28/2012,1836.795,0.91
1139,11/4/2012,1836.6075,0.91
1140,11/11/2012,1836.795,0.91
1141,11/18/2012,1836.6075,0.91
1142,11/25/2012,1836.6075,0.91
1143,12/2/2012,1836.6075,0.91
1144,12/9/2012,1838.5575,0.91
1145,12/16/2012,1836.6075,1.31
1146,12/23/2012,1836.135,0.91
1147,12/30/2012,1832.3725,0.91
1148,1/6/2013,1832.3725,0.91
1149,1/13/2013,1832.3725,0.91
1150,1/20/2013,1832.3725,1.11
1151,1/27/2013,1831.7,1.11
1152,2/3/2013,1832.3725,1.31
1153,2/10/2013,1829.735,0.91
1154,2/17/2013,1840.6425,1.31
1155,2/24/2013,1840.6425,1.31
1156,3/3/2013,1848.105,1.31
1157,3/10/2013,1832.39,0.91
1158,3/17/2013,1848.105,1.31
1159,3/24/2013,1832.39,1.31
1160,3/31/2013,1832.39,0.91
1161,4/7/2013,1831.3475,0.91
1162,4/14/2013,1832.39,0.91
1163,4/21/2013,1831.3475,0.91
1164,4/28/2013,1827.9,0.91
1165,5/5/2013,1827.9,1.31
1166,5/12/2013,1827.9,1.31
1167,5/19/2013,1827.9,0.91
1168,5/26/2013,1827.9,1.31
1169,6/2/2013,1820.305,1.31
1170,6/9/2013,1810.4575,1.31
1171,6/16/2013,1810.4575,0.91
1172,6/23/2013,1809.7925,1.31
1173,6/30/2013,1809.7825,0.91
1174,7/7/2013,1808.2475,0.91
1175,7/14/2013,1808.2475,0.91
1176,7/21/2013,1808.2475,0.91
1177,7/28/2013,1808.2475,0.91
1178,8/4/2013,1808.2475,0.91
1179,8/11/2013,1808.5225,0.91
1180,8/18/2013,1810.71,0.91
1181,8/25/2013,1813.9825,1.11
1182,9/1/2013,1818.84,1.31
1183,9/8/2013,1823.1175,1.11
1184,9/15/2013,1832.83,1.31
1185,9/22/2013,1840.8475,0.91
1186,9/29/2013,1840.8475,1.31
1187,10/6/2013,1840.8475,0.91
1188,10/13/2013,1842.6325,1.11
1189,10/20/2013,1840.8475,1.31
1190,10/27/2013,1840.8475,1.31
1191,11/3/2013,1839.3975,1.31
1192,11/10/2013,1839.3975,1.11
1193,11/17/2013,1851.305,0.91
1194,11/24/2013,1851.305,0.91
1195,12/1/2013,1851.305,0.91
1196,12/8/2013,1851.305,0.91
1197,12/15/2013,1845.9875,1.31
1198,12/22/2013,1850.8925,0.91
1199,12/29/2013,1845.9875,0.91
1200,1/5/2014,1843.965,0.91
1201,1/12/2014,1845.9875,0.91
1202,1/19/2014,1843.965,1.31
1203,1/26/2014,1842.33,1.31
1204,2/2/2014,1830.23,0.91
1205,2/9/2014,1829.8025,1.31
1206,2/16/2014,1829.8025,1.31
1207,2/23/2014,1829.8025,1.11
1208,3/2/2014,1829.8025,1.31
1209,3/9/2014,1837.6175,0.91
1210,3/16/2014,1840.795,1.31
1211,3/23/2014,1847.4675,0.91
1212,3/30/2014,1848.9425,0.91
1213,4/6/2014,1848.9425,0.91
1214,4/13/2014,1854.4225,0.91
1215,4/20/2014,1850.2075,0.91
1216,4/27/2014,1850.2075,0.91
1217,5/4/2014,1850.2075,0.91
1218,5/11/2014,1840.935,0.91
1219,5/18/2014,1840.935,0.91
1220,5/25/2014,1840.325,0.91
1221,6/1/2014,1840.325,0.91
1222,6/8/2014,1839.825,0.91
1223,6/15/2014,1839.825,0.91
1224,6/22/2014,1834.5675,0.91
1225,6/29/2014,1829.28,0.91
1226,7/6/2014,1827.15,0.91
1227,7/13/2014,1816.1025,0.91
1228,7/20/2014,1816.1025,0.91
1229,7/27/2014,1816.1025,0.91
1230,8/3/2014,1817.91,0.91
1231,8/10/2014,1817.91,0.91
1232,8/17/2014,1820.625,0.91
1233,8/24/2014,1824.01,0.91
1234,8/31/2014,1831.46,0.91
1235,9/7/2014,1832.9725,0.91
1236,9/14/2014,1835.7075,0.91
1237,9/21/2014,1832.9725,0.91
1238,9/28/2014,1843.5525,0.91
1239,10/5/2014,1843.5525,0.91
1240,10/12/2014,1845.89,0.91
1241,10/19/2014,1843.8375,0.91
1242,10/26/2014,1843.8375,0.91
1243,11/2/2014,1843.8375,0.91
1244,11/9/2014,1847.4375,0.91
1245,11/16/2014,1864.7775,0.91
1246,11/23/2014,1864.7775,0.91
1247,11/30/2014,1858.915,0.91
1248,12/7/2014,1866.28375,0.91
1249,12/14/2014,1867.86375,0.91
1250,12/21/2014,1860.42125,0.91
1251,12/28/2014,1867.86375,0.91
1252,1/4/2015,1860.42125,0.91
1253,1/11/2015,1860.3675,0.91
1254,1/18/2015,1852.945,0.91
1255,1/25/2015,1847.9525,0.91
1256,2/1/2015,1847.765,0.91
1257,2/8/2015,1847.765,0.91
1258,2/15/2015,1847.765,0.91
1259,2/22/2015,1847.9525,0.91
1260,3/1/2015,1847.9525,0.91
1261,3/8/2015,1844.6625,0.91
1262,3/15/2015,1854.675,0.91
1263,3/22/2015,1858.4375,0.91
1264,3/29/2015,1858.4375,0.91
1265,4/5/2015,1858.4375,0.91
1266,4/12/2015,1858.4375,0.91
1267,4/19/2015,1869.5325,0.91
1268,4/26/2015,1869.5325,0.91
1269,5/3/2015,1869.5325,0.91
1270,5/10/2015,1864.925,0.91
1271,5/17/2015,1862.805,0.91
1272,5/24/2015,1864.925,0.91
1273,5/31/2015,1862.805,0.91
1274,6/7/2015,1856.7525,0.91
1275,6/14/2015,1847.835,0.91
1276,6/21/2015,1834.5175,0.91
1277,6/28/2015,1832.73,0.91
1278,7/5/2015,1832.73,0.91
1279,7/12/2015,1830.465,0.91
1280,7/19/2015,1830.465,0.91
1281,7/26/2015,1830.465,0.91
1282,8/2/2015,1828.5925,0.91
1283,8/9/2015,1828.08,0.91
1284,8/16/2015,1828.08,0.91
1285,8/23/2015,1828.08,0.91
1286,8/30/2015,1828.08,0.91
1287,9/6/2015,1828.08,0.91
1288,9/13/2015,1842.455,0.91
1289,9/20/2015,1844.0475,0.91
1290,9/27/2015,1844.0475,0.91
1291,10/4/2015,1849.2925,0.91
1292,10/11/2015,1865.3825,0.91
1293,10/18/2015,1865.3825,0.91
1294,10/25/2015,1866.4575,0.91
1295,11/1/2015,1868.7425,0.91
1296,11/8/2015,1868.7425,0.91
1297,11/15/2015,1868.7425,0.91
1298,11/22/2015,1863.146667,0.91
1299,11/29/2015,1863.146667,0.91
1300,12/6/2015,1868.7425,0.91
1301,12/13/2015,1863.146667,0.91
1302,12/20/2015,1858.2875,0.91
1303,12/27/2015,1858.2875,0.91
1304,1/3/2016,1856.5525,0.91
1305,1/10/2016,1856.5525,0.91
1306,1/17/2016,1853.53,0.91
1307,1/24/2016,1853.53,0.91
1308,1/31/2016,1853.53,0.91
1309,2/7/2016,1853.53,0.91
1310,2/14/2016,1860.6525,0.91
1311,2/21/2016,1860.6525,0.91
1312,2/28/2016,1860.6525,0.91
1313,3/6/2016,1865.69,0.91
1314,3/13/2016,1865.69,0.91
1315,3/20/2016,1869.275,0.91
1316,3/27/2016,1869.275,0.91
1317,4/3/2016,1871.955,0.91
1318,4/10/2016,1871.955,0.91
1319,4/17/2016,1871.955,0.91
1320,4/24/2016,1872.7375,0.91
1321,5/1/2016,1871.955,0.91
1322,5/8/2016,1877.505,0.91
1323,5/15/2016,1871.86,0.91
1324,5/22/2016,1868.845,0.91
1325,5/29/2016,1868.845,0.91
1326,6/5/2016,1861.3875,0.91
1327,6/12/2016,1855.4775,0.91
1328,6/19/2016,1855.4775,0.91
1329,6/26/2016,1853.36,0.91
1330,7/3/2016,1843.7575,0.91
1331,7/10/2016,1836.605,0.91
1332,7/17/2016,1833.495,0.91
1333,7/24/2016,1832.875,0.91
1334,7/31/2016,1832.875,0.91
1335,8/7/2016,1832.7725,0.91
1336,8/14/2016,1832.7725,0.91
1337,8/21/2016,1833.495,0.91
1338,8/28/2016,1845.09,0.91
1339,9/4/2016,1846.375,0.91
1340,9/11/2016,1854.23,0.91
1341,9/18/2016,1867.25,0.91
1342,9/25/2016,1867.265,0.91
1343,10/2/2016,1869.765,0.91
1344,10/9/2016,1869.765,0.91
1345,10/16/2016,1872.3925,0.91
1346,10/23/2016,1872.3925,0.91
1347,10/30/2016,1872.515,0.91
1348,11/6/2016,1874.28,0.91
1349,11/13/2016,1872.515,0.91
1350,11/20/2016,1872.515,0.91
1351,11/27/2016,1879.7225,0.91
1352,12/4/2016,1879.7225,0.91
1353,12/11/2016,1871.7325,0.91
1354,12/18/2016,1871.65,0.91
1355,12/25/2016,1861.52,0.91
1356,1/1/2017,1861.52,0.91
1357,1/8/2017,1871.385,0.91
1358,1/15/2017,1871.385,0.91
1359,1/22/2017,1871.385,0.91
1360,1/29/2017,1871.385,0.91
1361,2/5/2017,1871.385,0.91
1362,2/12/2017,1871.9875,0.91
1363,2/19/2017,1871.9875,0.91
1364,2/26/2017,1861.6675,0.91
1365,3/5/2017,1856.695,0.91
1366,3/12/2017,1861.6675,0.91
1367,3/19/2017,1868.455,0.91
1368,3/26/2017,1863.6,0.91
1369,4/2/2017,1863.6,0.91
1370,4/9/2017,1863.6,0.91
1371,4/16/2017,1863.6,0.91
1372,4/23/2017,1868.455,0.91
1373,4/30/2017,1868.455,0.91
1374,5/7/2017,1869.1525,0.91
1375,5/14/2017,1870.45,0.91
1376,5/21/2017,1870.45,0.91
1377,5/28/2017,1870.45,0.91
1378,6/4/2017,1870.45,0.91
1379,6/11/2017,1870.45,0.91
1380,6/18/2017,1859.05,0.91
1381,6/25/2017,1845.5375,0.91
1382,7/2/2017,1845.5375,0.91
1383,7/9/2017,1840.9975,0.91
1384,7/16/2017,1840.9975,0.91
1385,7/23/2017,1840.6625,0.91
1386,7/30/2017,1839.105,0.91
1387,8/6/2017,1839.855,0.91
1388,8/13/2017,1838.98,0.91
1389,8/20/2017,1838.98,0.91
1390,8/27/2017,1839.855,0.91
1391,9/3/2017,1839.855,0.91
1392,9/10/2017,1846.4025,0.91
1393,9/17/2017,1872.445,0.91
1394,9/24/2017,1872.615,0.91
1395,10/1/2017,1872.9725,0.91
1396,10/8/2017,1876.63,0.91
1397,10/15/2017,1876.63,0.91
1398,10/22/2017,1882.265,0.91
1399,10/29/2017,1882.265,0.91
1400,11/5/2017,1884.71,0.91
1401,11/12/2017,1889.355,0.91
1402,11/19/2017,1891.19,0.91
1403,11/26/2017,1891.19,0.91
1404,12/3/2017,1891.19,0.91
1405,12/10/2017,1878.6475,0.91
1406,12/17/2017,1876.9025,0.91
1407,12/24/2017,1876.9025,0.91
1408,12/31/2017,1876.9025,0.91
1409,1/7/2018,1876.9025,0.91
1410,1/14/2018,1877.6325,0.91
1411,1/21/2018,1877.6325,0.91
1412,1/28/2018,1877.6325,0.91
1413,2/4/2018,1879.135,0.91
1414,2/11/2018,1879.135,0.91
1415,2/18/2018,1879.135,0.91
1416,2/25/2018,1871.9025,0.91
1417,3/4/2018,1867.78,0.91
1418,3/11/2018,1871.9025,0.91
1419,3/18/2018,1871.9025,0.91
1420,3/25/2018,1865.875,0.91
1421,4/1/2018,1865.52,0.91
1422,4/8/2018,1865.52,0.91
1423,4/15/2018,1865.52,0.91
1424,4/22/2018,1865.52,0.91
1425,4/29/2018,1865.52,0.91
1426,5/6/2018,1865.52,0.91
1427,5/13/2018,1872.48,0.91
1428,5/20/2018,1872.48,0.91
1429,5/27/2018,1866.43,0.91
1430,6/3/2018,1866.43,0.91
1431,6/10/2018,1857.2825,0.91
1432,6/17/2018,1857.2825,0.91
1433,6/24/2018,1857.2825,0.91
1434,7/1/2018,1857.2825,0.91
1435,7/8/2018,1851.385,0.91
1436,7/15/2018,1850.5325,0.91
1437,7/22/2018,1854.185,0.91
1438,7/29/2018,1861.39,0.907
1439,8/5/2018,1850.5325,0.907
1440,8/12/2018,1850.5325,0.907
1441,8/19/2018,1850.5325,0.907
1442,8/26/2018,1855.045,0.907
1443,9/2/2018,1861.075,0.907
1444,9/9/2018,1857.92,0.907
1445,9/16/2018,1855.045,0.907
1446,9/23/2018,1857.92,0.907
1447,9/30/2018,1861.075,0.907
1448,10/7/2018,1884.43,0.907
1449,10/14/2018,1884.43,0.907
1450,10/21/2018,1892.6275,0.907
1451,10/28/2018,1895.0375,0.907
1452,11/4/2018,1895.0375,0.907
1453,11/11/2018,1895.0375,0.907
1454,11/18/2018,1893.58,0.907
1455,11/25/2018,1893.58,0.907
1456,12/2/2018,1893.58,0.907
1457,12/9/2018,1893.58,0.907
1458,12/16/2018,1890.67,0.907
1459,12/23/2018,1890.67,0.907
1460,12/30/2018,1886.715,0.907
1461,1/6/2019,1886.715,0.907
1462,1/13/2019,1886.715,0.907
1463,1/20/2019,1903.665,0.907
1464,1/27/2019,1904.13,0.907
1465,2/3/2019,1904.13,0.907
1466,2/10/2019,1903.9625,0.907
1467,2/17/2019,1903.9625,0.907
1468,2/24/2019,1903.665,0.907
1469,3/3/2019,1900.1225,0.907
1470,3/10/2019,1896.775,0.907
1471,3/17/2019,1886.06,0.907
1472,3/24/2019,1886.06,0.907
1473,3/31/2019,1886.06,0.907
1474,4/7/2019,1890.34,0.907
1475,4/14/2019,1890.34,0.907
1476,4/21/2019,1889.43,0.907
1477,4/28/2019,1889.43,0.907
1478,5/5/2019,1889.43,0.907
1479,5/12/2019,1890.34,0.907
1480,5/19/2019,1889.43,0.907
1481,5/26/2019,1885.225,0.907
1482,6/2/2019,1881.8875,0.907
1483,6/9/2019,1881.09,0.907
1484,6/16/2019,1870.2175,0.907
1485,6/23/2019,1864.965,0.907
1486,6/30/2019,1864.9525,0.907
1487,7/7/2019,1862.065,0.907
1488,7/14/2019,1862.065,0.907
1489,7/21/2019,1858.87625,0.575
1490,7/28/2019,1857.94,0.575
1491,8/4/2019,1857.94,0.575
1492,8/11/2019,1862.065,0.575
1493,8/18/2019,1862.7475,0.575
1494,8/25/2019,1862.875,0.575
1495,9/1/2019,1862.875,0.575
1496,9/8/2019,1865.1775,0.575
1497,9/15/2019,1865.7775,0.575
1498,9/22/2019,1865.7775,0.575
1499,9/29/2019,1868.91,0.575
1500,10/6/2019,1883.6625,0.575
1501,10/13/2019,1887.4525,0.575
1502,10/20/2019,1888.345,0.575
1503,10/27/2019,1890.2525,0.575
1504,11/3/2019,1892.2925,0.575
1505,11/10/2019,1892.2925,0.575
1506,11/17/2019,1893.8775,0.575
1507,11/24/2019,1893.8775,0.575
1508,12/1/2019,1898.38,0.575
1509,12/8/2019,1898.38,0.575
1510,12/15/2019,1898.7075,0.575
1511,12/22/2019,1899.96,0.575
1512,12/29/2019,1899.96,0.575
1513,1/5/2020,1902.27,0.575
1514,1/12/2020,1902.27,0.575
1515,1/19/2020,1902.27,0.575
1516,1/26/2020,1897.65,0.575
1517,2/2/2020,1893.7875,0.575
1518,2/9/2020,1893.7875,0.575
1519,2/16/2020,1893.7875,0.575
1520,2/23/2020,1893.7875,0.575
1521,3/1/2020,1893.7875,0.575
1522,3/8/2020,1893.7875,0.575
1523,3/15/2020,1896.0175,0.575
1524,3/22/2020,1896.0175,0.575
1525,3/29/2020,1892.825,0.575
1526,4/5/2020,1895.055,0.575
1527,4/12/2020,1891.225,0.575
1528,4/19/2020,1891.225,0.575
1529,4/26/2020,1891.225,0.575
1530,5/3/2020,1891.225,0.575
1531,5/10/2020,1893.535,0.575
1532,5/17/2020,1894.175,0.575
1533,5/24/2020,1893.535,0.575
1534,5/31/2020,1893.535,0.575
1535,6/7/2020,1894.175,0.575
1536,6/14/2020,1893.535,0.575
1537,6/21/2020,1879.7875,0.575
1538,6/28/2020,1878.35,0.575
1539,7/5/2020,1874.8775,0.575
1540,7/12/2020,1871.64,0.575
1541,7/19/2020,1871.64,0.575
1542,7/26/2020,1871.505,0.575
1543,8/2/2020,1871.64,0.575
1544,8/9/2020,1871.64,0.575
1545,8/16/2020,1872.29,0.575
1546,8/23/2020,1874.48,0.575
1547,8/30/2020,1878.2975,0.575
1548,9/6/2020,1878.2975,0.575
1549,9/13/2020,1880.54,0.575
1550,9/20/2020,1885.26,0.575
1551,9/27/2020,1887.785,0.575
1552,10/4/2020,1893.6725,0.575
1553,10/11/2020,1899.905,0.575
1554,10/18/2020,1899.905,0.575
1555,10/25/2020,1904.7825,0.575
1556,11/1/2020,1904.7825,0.575
1557,11/8/2020,1907.865,0.575
1558,11/15/2020,1915.1525,0.575
1559,11/22/2020,1915.1525,0.575
1560,11/29/2020,1893.6875,0.575
1561,12/6/2020,1915.1525,0.575
1562,12/13/2020,1915.1525,0.575
1563,12/20/2020,1915.1525,0.575
1564,12/27/2020,1906.615,0.575
1565,1/3/2021,1905.41,0.575
1566,1/10/2021,1905.41,0.575
1567,1/17/2021,1906.615,0.575
1568,1/24/2021,1906.615,0.575
1569,1/31/2021,1905.41,0.575
1570,2/7/2021,1905.41,0.575
1571,2/14/2021,1912.815,0.575
1572,2/21/2021,1912.815,0.575
1573,2/28/2021,1912.815,0.575
1574,3/7/2021,1913.89,0.575
1575,3/14/2021,1909.835,0.575
1576,3/21/2021,1913.89,0.575
1577,3/28/2021,1928.15,0.575
1578,4/4/2021,1909.835,0.575
1579,4/11/2021,1922.275,0.575
1580,4/18/2021,1927.5025,0.575
1581,4/25/2021,1922.275,0.575
1582,5/2/2021,1926.94,0.575
1583,5/9/2021,1922.275,0.575
1584,5/16/2021,1905.35,0.575
1585,5/23/2021,1905.35,0.575
1586,5/30/2021,1905.35,0.575
1587,6/6/2021,1898.59,0.575
1588,6/13/2021,1895.986667,0.575
1589,6/20/2021,1895.986667,0.575
1590,6/27/2021,1895.986667,0.575
1591,7/4/2021,1895.986667,0.575
1592,7/11/2021,1895.986667,0.575
1593,7/18/2021,1895.986667,0.575
1594,7/25/2021,1890.0875,0.575
1595,8/1/2021,1890.0875,0.575
1596,8/8/2021,1890.0875,0.575
1597,8/15/2021,1890.505,0.575
1598,8/22/2021,1899.79,0.575
1599,8/29/2021,1905.9975,0.575
1600,9/5/2021,1916.2625,0.575
1601,9/12/2021,1919.3975,0.575
1602,9/19/2021,1919.3975,0.575
1603,9/26/2021,1919.3975,0.575
1604,10/3/2021,1919.3975,0.575
1605,10/10/2021,1926.095,0.575
1606,10/17/2021,1927.58,0.575
1607,10/24/2021,1936.3625,0.575
1608,10/31/2021,1927.58,0.575
1609,11/7/2021,1935.1825,0.575
1610,11/14/2021,1935.1825,0.575
1611,11/21/2021,1933.3625,0.575
1612,11/28/2021,1933.3625,0.575
1613,12/5/2021,1935.1825,0.575
1614,12/12/2021,1935.1825,0.575
1615,12/19/2021,1935.1825,0.575
1616,12/26/2021,1935.9175,0.575
1617,1/2/2022,1935.9175,0.575
1618,1/9/2022,1939.735,0.575
1619,1/16/2022,1939.8525,0.575
1620,1/23/2022,1939.8525,0.575
1621,1/30/2022,1939.8525,0.575
1622,2/6/2022,1944.025,0.575
1623,2/13/2022,1944.025,0.575
1624,2/20/2022,1944.025,0.575
1625,2/27/2022,1935.0625,0.575
1626,3/6/2022,1928.685,0.575
1627,3/13/2022,1928.37,0.575
1628,3/20/2022,1923.625,0.575
1629,3/27/2022,1922.07,0.575
1630,4/3/2022,1922.07,0.575
1631,4/10/2022,1923.625,0.575
1632,4/17/2022,1919.21,0.575
1633,4/24/2022,1925.951667,0.575
1634,5/1/2022,1925.951667,0.575
1635,5/8/2022,1925.951667,0.575
1636,5/15/2022,1925.951667,0.575
1637,5/22/2022,1921.935,0.575
1638,5/29/2022,1919.78625,0.575
1639,6/5/2022,1919.78625,0.575
1640,6/12/2022,1919.78625,0.575
1641,6/19/2022,1919.493333,0.575
1642,6/26/2022,1919.78625,0.575
1643,7/3/2022,1919.78625,0.575
1644,7/10/2022,1919.493333,0.575
1645,7/17/2022,1913.373333,0.575
1646,7/24/2022,1913.0025,0.575
1647,7/31/2022,1911.8175,0.575
1648,8/7/2022,1908.395,0.575
1649,8/14/2022,1908.063333,0.575
1650,8/21/2022,1908.063333,0.575
1651,8/28/2022,1908.063333,0.575
1652,9/4/2022,1908.063333,0.575
1653,9/11/2022,1908.401667,0.575
1654,9/18/2022,1918.72,0.575
1655,9/25/2022,1918.72,0.575
1656,10/2/2022,1932.571667,0.575
1657,10/9/2022,1932.571667,0.575
1658,10/16/2022,1933.661667,0.575
1659,10/23/2022,1945.123333,0.575
1660,10/30/2022,1952.2725,0.575
1661,11/6/2022,1953.0525,0.575
1662,11/13/2022,1954.394584,0.575
1663,11/20/2022,1953.0525,0.575
1664,11/27/2022,1952.6625,0.575
1665,12/4/2022,1952.6625,0.575
1666,12/11/2022,1952.26,0.575
1667,12/18/2022,1950.8125,0.575
1668,12/25/2022,1941.76,0.575
1669,1/1/2023,1933.3625,0.575
1670,1/8/2023,1937.23875,0.575
1671,1/15/2023,1934.81,0.575
1672,1/22/2023,1933.3625,0.575
1673,1/29/2023,1933.3625,0.575
1674,2/5/2023,1934.08625,0.575
1675,2/12/2023,1934.81,0.575
1676,2/19/2023,1936.42,0.575
1677,2/26/2023,1936.42,0.575
1678,3/5/2023,1936.42,0.575
1679,3/12/2023,1936.42,0.575
1680,3/19/2023,1936.42,0.575
1681,3/26/2023,1937.02625,0.575
1682,4/2/2023,1937.02625,0.575
1683,4/9/2023,1940.70625,0.575
1684,4/16/2023,1943.47125,0.575
1685,4/23/2023,1943.47125,0.575
1686,4/30/2023,1943.78,0.575
1687,5/7/2023,1943.1625,0.575
1688,5/14/2023,1943.1625,0.575
1689,5/21/2023,1943.47125,0.575
1690,5/28/2023,1943.1625,0.575
1691,6/4/2023,1941.835,0.575
1692,6/11/2023,1953.505,0.575
1693,6/18/2023,1947.67,0.575
1694,6/25/2023,1947.67,0.575
1695,7/2/2023,1938.19625,0.575
1696,7/9/2023,1932.55875,0.575
1697,7/16/2023,1932.55875,0.575
1698,7/23/2023,1923.0575,0.575
1699,7/30/2023,1917.5325,0.575
1700,8/6/2023,1917.5325,0.575
1701,8/13/2023,1914.93375,0.575
1702,8/20/2023,1914.93375,0.575
1703,8/27/2023,1916.91125,0.575
1704,9/3/2023,1914.3125,0.575
1705,9/10/2023,1919.51,0.575
1706,9/17/2023,1921.765,0.575
1707,9/24/2023,1922.6375,0.575
1708,10/1/2023,1947.195,0.575
1709,10/8/2023,1953.2175,0.575
1710,10/15/2023,1947.195,0.575
1711,10/22/2023,1954.88,0.575
1712,10/29/2023,1954.88,0.575
1713,11/5/2023,1954.9125,0.575
1714,11/12/2023,1954.9125,0.575
1715,11/19/2023,1946.63,0.575
1716,11/26/2023,1946.6625,0.575
1717,12/3/2023,1952.6125,0.575
1718,12/10/2023,1947.39875,0.575
1719,12/17/2023,1947.1725,0.575
1720,12/24/2023,1946.6875,0.575
1721,12/31/2023,1949.8275,0.575
1722,1/7/2024,1949.8275,0.575
1723,1/14/2024,1946.6875,0.575
1724,1/21/2024,1946.6875,0.575
1725,1/28/2024,1949.8275,0.575
1726,2/4/2024,1949.77875,0.575
1727,2/11/2024,1952.87,0.575
1728,2/18/2024,1952.87,0.575
1729,2/25/2024,1956.96,0.575
1730,3/3/2024,1956.96,0.575
1731,3/10/2024,1952.87,0.575
1732,3/17/2024,1949.44875,0.575
1733,3/24/2024,1945.165,0.575
1734,3/31/2024,1945.165,0.575
1735,4/7/2024,1941.50625,0.575
1736,4/14/2024,1937.8475,0.575
1737,4/21/2024,1925.2275,0.575
1738,4/28/2024,1925.2275,0.575
1739,5/5/2024,1922.62875,0.575
1740,5/12/2024,1922.62875,0.575
1741,5/19/2024,1920.03,0.575
1742,5/26/2024,1922.62875,0.575
1743,6/2/2024,1925.5025,0.575
1744,6/9/2024,1928.1975,0.575
1745,6/16/2024,1925.515,0.575
1746,6/23/2024,1930.7325,0.575
1747,6/30/2024,1929.6,0.575
1748,7/7/2024,1930.7325,0.575
1749,7/14/2024,1929.6,0.575
1750,7/21/2024,1925.515,0.575
1751,7/28/2024,1929.6,0.575
1752,8/4/2024,1929.6,0.575
1753,8/11/2024,1929.6,0.575
1754,8/18/2024,1918.85,0.575
1755,8/25/2024,1918.85,0.575
1756,9/1/2024,1920.355,0.575
1757,9/8/2024,1928.16625,0.575
1758,9/15/2024,1928.16625,0.575
1759,9/22/2024,1944.1825,0.575
1760,9/29/2024,1944.1825,0.575
1761,10/6/2024,1952.87875,0.575
1762,10/13/2024,1957.52375,0.575
1763,10/20/2024,1964.43875,0.575
1764,10/27/2024,1967.2,0.575
1765,11/3/2024,1967.2,0.575
1766,11/10/2024,1967.2675,0.575
1767,11/17/2024,1967.2,0.575
1768,11/24/2024,1967.14625,0.575
1769,12/1/2024,1967.14625,0.575
1770,12/8/2024,1963.27125,0.575
1771,12/15/2024,1963.27125,0.575
1772,12/22/2024,1959.45,0.575
1773,12/29/2024,1955.915,0.575
1774,1/5/2025,1952.38,0.575
