date,CH4_log_preprocessed,value_unc,qcflag
1991-01-06,7.45245162289146,2.71,...
1991-01-13,7.454390033836747,2.71,...
1991-01-20,7.452979885930819,2.71,...
1991-01-27,7.454390033836747,2.71,...
1991-02-03,7.454913796315207,2.71,...
1991-02-10,7.454390033836747,2.71,...
1991-02-17,7.454390033836747,2.71,...
1991-02-24,7.461398983761556,2.71,...
1991-03-03,7.461398983761556,2.71,...
1991-03-10,7.466370566583977,2.71,...
1991-03-17,7.464696063713155,2.71,...
1991-03-24,7.464696063713155,2.71,...
1991-03-31,7.472247728081174,2.71,...
1991-04-07,7.464696063713155,2.71,...
1991-04-14,7.464696063713155,2.71,...
1991-04-21,7.464696063713155,2.71,...
1991-04-28,7.464696063713155,2.71,...
1991-05-05,7.468536102285941,2.71,...
1991-05-12,7.468847119872355,2.71,...
1991-05-19,7.468536102285941,2.71,...
1991-05-26,7.468536102285941,2.71,...
1991-06-02,7.464042676824705,2.71,...
1991-06-09,7.467665309338298,2.71,...
1991-06-16,7.45937633691566,2.71,...
1991-06-23,7.457372677766753,2.71,...
1991-06-30,7.457372677766753,2.71,...
1991-07-07,7.455301377524107,2.71,...
1991-07-14,7.456616298305367,2.71,...
1991-07-21,7.4579963176105135,2.7099999999999995,...
1991-07-28,7.455812778833524,2.71,...
1991-08-04,7.454147945174411,2.71,...
1991-08-11,7.4531721599659235,,
1991-08-18,7.450432164382796,2.71,...
1991-08-25,7.450432164382796,2.71,...
1991-09-01,7.450432164382796,2.71,...
1991-09-08,7.453057688944704,2.71,...
1991-09-15,7.459845679225982,2.71,...
1991-09-22,7.462622668238166,2.71,...
1991-09-29,7.464956726169641,2.71,...
1991-10-06,7.4660301683147186,2.71,...
1991-10-13,7.467068163904217,2.71,...
1991-10-20,7.467068163904217,2.71,...
1991-10-27,7.470745367556509,2.71,...
1991-11-03,7.467068163904217,2.71,...
1991-11-10,7.467068163904217,2.71,...
1991-11-17,7.471943454744688,2.71,...
1991-11-24,7.471943454744688,2.71,...
1991-12-01,7.465915722703439,2.71,...
1991-12-08,7.465915722703439,2.71,...
1991-12-15,7.465915722703439,2.71,...
1991-12-22,7.465915722703439,2.71,...
1991-12-29,7.471781327406108,2.71,...
1992-01-05,7.471781327406108,2.71,...
1992-01-12,7.471781327406108,2.71,...
1992-01-19,7.471781327406108,2.71,...
1992-01-26,7.471781327406108,2.71,...
1992-02-02,7.469052509642955,2.71,...
1992-02-09,7.469052509642955,2.71,...
1992-02-16,7.469052509642955,2.71,...
1992-02-23,7.469052509642955,2.71,...
1992-03-01,7.467848517416616,2.71,...
1992-03-08,7.468612910045246,2.71,...
1992-03-15,7.465424643673597,2.71,...
1992-03-22,7.46732748536112,,
1992-03-29,7.469815819321532,2.71,...
1992-04-05,7.468456189488574,2.71,...
1992-04-12,7.468456189488574,2.71,...
1992-04-19,7.468530394637407,2.71,...
1992-04-26,7.468530394637407,2.71,...
1992-05-03,7.468530394637407,2.71,...
1992-05-10,7.468381984339742,2.71,...
1992-05-17,7.465277448255251,2.71,...
1992-05-24,7.465277448255251,2.71,...
1992-05-31,7.465277448255251,2.71,...
1992-06-07,7.4643866178766,2.71,...
1992-06-14,7.4643866178766,2.71,...
1992-06-21,7.465277448255251,2.71,...
1992-06-28,7.4643866178766,2.71,...
1992-07-05,7.461263884556854,2.71,...
1992-07-12,7.461263884556854,2.71,...
1992-07-19,7.458546530691175,2.71,...
1992-07-26,7.455599192346209,2.71,...
1992-08-02,7.4545665811222115,2.71,...
1992-08-09,7.452808305057195,2.71,...
1992-08-16,7.452245112317706,2.71,...
1992-08-23,7.452245112317706,2.71,...
1992-08-30,7.452245112317706,,
1992-09-06,7.453301109553845,2.71,...
1992-09-13,7.4540033883827235,2.71,...
1992-09-20,7.45635066143136,2.71,...
1992-09-27,7.453440195643235,2.71,...
1992-10-04,7.459261127219484,2.71,...
1992-10-11,7.459367696648848,2.71,...
1992-10-18,7.459261127219484,2.71,...
1992-10-25,7.459367696648848,2.71,...
1992-11-01,7.461191789609142,2.71,...
1992-11-08,7.4670528702450145,2.71,...
1992-11-15,7.469637439600844,2.71,...
1992-11-22,7.475087452319878,,
1992-11-29,7.469637439600844,2.71,...
1992-12-06,7.4710898579205915,2.71,...
1992-12-13,7.468185021281097,2.71,...
1992-12-20,7.4680708155103535,2.71,...
1992-12-27,7.4680708155103535,,
1993-01-03,7.467898069170216,2.71,...
1993-01-10,7.465393269038756,2.71,...
1993-01-17,7.4629340951603105,2.71,...
1993-01-24,7.462947009476692,2.71,...
1993-01-31,7.462921180843929,2.71,...
1993-02-07,7.462123034338811,2.71,...
1993-02-14,7.462123034338811,2.71,...
1993-02-21,7.462921180843929,2.71,...
1993-02-28,7.463827653579864,2.71,...
1993-03-07,7.463827653579864,2.71,...
1993-03-14,7.461893233804663,2.71,...
1993-03-21,7.461893233804663,2.71,...
1993-03-28,7.467685303254436,2.71,...
1993-04-04,7.467685303254436,2.71,...
1993-04-11,7.467133895937604,2.71,...
1993-04-18,7.466453503227577,2.71,...
1993-04-25,7.467133895937604,2.71,...
1993-05-02,7.467685303254436,2.71,...
1993-05-09,7.469386178073745,2.71,...
1993-05-16,7.469386178073745,2.71,...
1993-05-23,7.467133895937604,2.71,...
1993-05-30,7.466453503227577,2.71,...
1993-06-06,7.46574975329866,2.71,...
1993-06-13,7.46574975329866,2.71,...
1993-06-20,7.465002549908637,2.71,...
1993-06-27,7.46292692059775,2.71,...
1993-07-04,7.46292692059775,2.71,...
1993-07-11,7.456535430010893,2.71,...
1993-07-18,7.454323458734942,2.71,...
1993-07-25,7.454138182948509,2.71,...
1993-08-01,7.454138182948509,2.71,...
1993-08-08,7.454323458734942,2.71,...
1993-08-15,7.454714162310219,2.71,...
1993-08-22,7.456535430010893,2.71,...
1993-08-29,7.457560517713073,2.71,...
1993-09-05,7.457907621435815,2.71,...
1993-09-12,7.460406873115927,2.71,...
1993-09-19,7.468373421535138,,
1993-09-26,7.471069931959768,2.71,...
1993-10-03,7.473219644879765,,
1993-10-10,7.474247370856991,2.71,...
1993-10-17,7.472079033663281,2.71,...
1993-10-24,7.478032505144433,2.71,...
1993-10-31,7.481817639431874,2.71,...
1993-11-07,7.481817639431874,2.71,...
1993-11-14,7.4773496859137545,2.71,...
1993-11-21,7.4773496859137545,2.71,...
1993-11-28,7.474505555818159,2.71,...
1993-12-05,7.4773496859137545,2.71,...
1993-12-12,7.474505555818159,2.71,...
1993-12-19,7.472617281437513,2.71,...
1993-12-26,7.472526327127779,2.71,...
1994-01-02,7.472526327127779,2.71,...
1994-01-09,7.472526327127779,2.71,...
1994-01-16,7.472526327127779,2.71,...
1994-01-23,7.471212251541475,2.71,...
1994-01-30,7.470110169292059,2.71,...
1994-02-06,7.470110169292059,2.71,...
1994-02-13,7.470110169292059,2.71,...
1994-02-20,7.47002468581169,2.71,...
1994-02-27,7.47002468581169,2.71,...
1994-03-06,7.470110169292059,2.71,...
1994-03-13,7.469705482904232,2.71,...
1994-03-20,7.474916811757032,2.71,...
1994-03-27,7.469705482904232,2.71,...
1994-04-03,7.474916811757032,2.71,...
1994-04-10,7.474916811757032,2.71,...
1994-04-17,7.472833264773533,2.71,...
1994-04-24,7.46991069646957,2.71,...
1994-05-01,7.46991069646957,2.71,...
1994-05-08,7.4694460554961255,2.71,...
1994-05-15,7.4694460554961255,2.71,...
1994-05-22,7.4691409283598285,2.71,...
1994-05-29,7.4686388343892425,2.71,...
1994-06-05,7.468604591527449,2.71,...
1994-06-12,7.467439635995218,2.71,...
1994-06-19,7.466862366122676,2.71,...
1994-06-26,7.463439060989923,2.71,...
1994-07-03,7.46187599663558,2.71,...
1994-07-10,7.46073768604136,2.71,...
1994-07-17,7.460565101647163,2.71,...
1994-07-24,7.458047739456676,2.71,...
1994-07-31,7.458047739456676,2.71,...
1994-08-07,7.458047739456676,2.71,...
1994-08-14,7.458047739456676,2.71,...
1994-08-21,7.458716581807797,2.71,...
1994-08-28,7.459183353170341,2.71,...
1994-09-04,7.462746102524635,2.71,...
1994-09-11,7.469112407047276,2.71,...
1994-09-18,7.47053747711687,2.71,...
1994-09-25,7.476885659286145,2.71,...
1994-10-02,7.477409088409526,2.71,...
1994-10-09,7.4786839768174715,2.71,...
1994-10-16,7.4786839768174715,2.71,...
1994-10-23,7.4786839768174715,2.71,...
1994-10-30,7.4786839768174715,2.71,...
1994-11-06,7.48787932754891,2.71,...
1994-11-13,7.48787932754891,2.71,...
1994-11-20,7.48787932754891,2.71,...
1994-11-27,7.484756208622421,2.71,...
1994-12-04,7.486317768085666,2.71,...
1994-12-11,7.483624749513728,2.71,...
1994-12-18,7.486466100743727,2.71,...
1994-12-25,7.483624749513728,,
1995-01-01,7.483624749513728,2.71,...
1995-01-08,7.478214240267617,2.71,...
1995-01-15,7.470818815354434,2.71,...
1995-01-22,7.473935190130197,2.71,...
1995-01-29,7.467702440578671,2.71,...
1995-02-05,7.467702440578671,2.71,...
1995-02-12,7.467702440578671,2.71,...
1995-02-19,7.475373249593729,2.71,...
1995-02-26,7.475373249593729,2.71,...
1995-03-05,7.475373249593729,2.71,...
1995-03-12,7.475373249593729,2.71,...
1995-03-19,7.47683471641856,2.71,...
1995-03-26,7.475401592899184,2.71,...
1995-04-02,7.475373249593729,2.71,...
1995-04-09,7.475401592899184,2.71,...
1995-04-16,7.475401592899184,2.71,...
1995-04-23,7.475401592899184,2.71,...
1995-04-30,7.473054883385857,2.71,...
1995-05-07,7.473054883385857,2.71,...
1995-05-14,7.473054883385857,2.71,...
1995-05-21,7.474309795309238,2.71,...
1995-05-28,7.473054883385857,2.71,...
1995-06-04,7.474309795309238,2.71,...
1995-06-11,7.474309795309238,2.71,...
1995-06-18,7.474309795309238,2.71,...
1995-06-25,7.466707989987777,2.71,...
1995-07-02,7.466707989987777,2.71,...
1995-07-09,7.466373426582747,2.71,...
1995-07-16,7.465535096841184,2.71,...
1995-07-23,7.465535096841184,2.71,...
1995-07-30,7.465535096841184,2.71,...
1995-08-06,7.469406137612908,2.71,...
1995-08-13,7.470349484168899,2.71,...
1995-08-20,7.470349484168899,2.71,...
1995-08-27,7.470349484168899,2.71,...
1995-09-03,7.470349484168899,2.71,...
1995-09-10,7.473020791411389,2.71,...
1995-09-17,7.473020791411389,2.71,...
1995-09-24,7.479985455633358,2.71,...
1995-10-01,7.480055986348808,2.71,...
1995-10-08,7.480055986348808,2.71,...
1995-10-15,7.480055986348808,2.71,...
1995-10-22,7.482223084793811,2.71,...
1995-10-29,7.482223084793811,2.71,...
1995-11-05,7.482223084793811,2.71,...
1995-11-12,7.478409914032776,2.71,...
1995-11-19,7.476359124467482,2.71,...
1995-11-26,7.478409914032776,2.71,...
1995-12-03,7.478621802384913,2.71,...
1995-12-10,7.478409914032776,2.71,...
1995-12-17,7.478621802384913,2.71,...
1995-12-24,7.478621802384913,,
1995-12-31,7.477596407602267,,
1996-01-07,7.4788336907370505,,
1996-01-14,7.472651387170974,2.71,...
1996-01-21,7.476589195569032,2.71,...
1996-01-28,7.472651387170974,,
1996-02-04,7.476589195569032,2.71,...
1996-02-11,7.476589195569032,2.71,...
1996-02-18,7.481282140020998,2.71,...
1996-02-25,7.480527003967088,2.71,...
1996-03-03,7.482037276074907,2.71,...
1996-03-10,7.482037276074907,2.71,...
1996-03-17,7.482037276074907,2.71,...
1996-03-24,7.473909643757143,2.71,...
1996-03-31,7.473526369826575,2.71,...
1996-04-07,7.473117382320555,2.71,...
1996-04-14,7.473117382320555,2.71,...
1996-04-21,7.473117382320555,2.71,...
1996-04-28,7.473526369826575,2.71,...
1996-05-05,7.473526369826575,2.71,...
1996-05-12,7.473117382320555,2.71,...
1996-05-19,7.470258323349757,2.71,...
1996-05-26,7.469448906712525,2.71,...
1996-06-02,7.470258323349757,2.71,...
1996-06-09,7.469448906712525,2.71,...
1996-06-16,7.468510417610986,2.71,...
1996-06-23,7.468510417610986,2.71,...
1996-06-30,7.469203672384194,2.71,...
1996-07-07,7.468510417610986,2.71,...
1996-07-14,7.469203672384194,2.71,...
1996-07-21,7.467816681902168,2.71,...
1996-07-28,7.467816681902168,2.71,...
1996-08-04,7.462553768057275,2.71,...
1996-08-11,7.4606916664485095,2.71,...
1996-08-18,7.4606916664485095,2.71,...
1996-08-25,7.462553768057275,2.71,...
1996-09-01,7.462553768057275,2.71,...
1996-09-08,7.472756539193897,2.71,...
1996-09-15,7.472756539193897,2.71,...
1996-09-22,7.480129333016222,2.71,...
1996-09-29,7.480129333016222,2.71,...
1996-10-06,7.483559327114084,2.71,...
1996-10-13,7.483559327114084,2.71,...
1996-10-20,7.480989344376263,2.71,...
1996-10-27,7.47698470743353,2.71,...
1996-11-03,7.480989344376263,2.71,...
1996-11-10,7.480989344376263,2.71,...
1996-11-17,7.482158337189802,2.71,...
1996-11-24,7.482158337189802,2.71,...
1996-12-01,7.482850637765946,2.71,...
1996-12-08,7.482901273810977,2.71,...
1996-12-15,7.482901273810977,2.71,...
1996-12-22,7.482901273810977,2.71,...
1996-12-29,7.482007266237714,,
1997-01-05,7.482007266237714,2.71,...
1997-01-12,7.477676278012817,2.71,...
1997-01-19,7.475494394744494,2.71,...
1997-01-26,7.476698856082776,2.71,...
1997-02-02,7.480408565326625,2.71,...
1997-02-09,7.480408565326625,2.71,...
1997-02-16,7.480408565326625,2.71,...
1997-02-23,7.476698856082776,2.71,...
1997-03-02,7.480408565326625,2.71,...
1997-03-09,7.48155288500414,2.71,...
1997-03-16,7.4829181536322,2.71,...
1997-03-23,7.483295033465434,2.71,...
1997-03-30,7.484641078082514,2.71,...
1997-04-06,7.484641078082514,2.71,...
1997-04-13,7.484641078082514,2.71,...
1997-04-20,7.485864714624341,2.71,...
1997-04-27,7.487103663750459,2.71,...
1997-05-04,7.485864714624341,2.71,...
1997-05-11,7.483148798454262,2.055,...
1997-05-18,7.483148798454262,2.055,...
1997-05-25,7.485864714624341,2.055,...
1997-06-01,7.485864714624341,1.7275,...
1997-06-08,7.475827779341798,1.924,...
1997-06-15,7.475827779341798,2.055,...
1997-06-22,7.475827779341798,2.055,...
1997-06-29,7.475827779341798,1.924,...
1997-07-06,7.473257990643521,1.924,...
1997-07-13,7.470803739976838,2.055,...
1997-07-20,7.468129350776244,2.055,...
1997-07-27,7.462436052598372,2.055,...
1997-08-03,7.462436052598372,1.4,...
1997-08-10,7.468129350776244,1.4,...
1997-08-17,7.473202601846104,1.4,...
1997-08-24,7.473202601846104,1.4,...
1997-08-31,7.4739398856110775,1.4,...
1997-09-07,7.476767198999253,1.4,...
1997-09-14,7.478889944827744,1.3999999999999997,...
1997-09-21,7.478889944827744,,
1997-09-28,7.48085322987969,1.4,...
1997-10-05,7.487091165123563,1.4,...
1997-10-12,7.488565248260893,1.4,...
1997-10-19,7.486683377949933,1.4,...
1997-10-26,7.485797397411585,1.4,...
1997-11-02,7.486683377949933,1.4,...
1997-11-09,7.486683377949933,1.4,...
1997-11-16,7.486683377949933,1.4,...
1997-11-23,7.486683377949933,1.4,...
1997-11-30,7.487243719773097,1.4,...
1997-12-07,7.487622401349407,1.4,...
1997-12-14,7.487622401349407,1.4,...
1997-12-21,7.486005579966839,1.4,...
1997-12-28,7.484244757255709,,
1998-01-04,7.479689372149956,1.4,...
1998-01-11,7.479689372149956,1.3999999999999997,...
1998-01-18,7.479689372149956,1.4,...
1998-01-25,7.478132949561591,1.4,...
1998-02-01,7.477436431229562,1.4,...
1998-02-08,7.475152144236126,1.4,...
1998-02-15,7.475152144236126,1.4,...
1998-02-22,7.4740245972968795,1.4,...
1998-03-01,7.4740245972968795,1.4,...
1998-03-08,7.4740245972968795,1.4,...
1998-03-15,7.484187447095811,1.4,...
1998-03-22,7.484531551364204,1.4,...
1998-03-29,7.484531551364204,1.4,...
1998-04-05,7.484187447095811,1.4,...
1998-04-12,7.484531551364204,1.4,...
1998-04-19,7.484187447095811,1.4,...
1998-04-26,7.483976712558732,1.4,...
1998-05-03,7.483976712558732,1.4,...
1998-05-10,7.483976712558732,1.4,...
1998-05-17,7.48448520952573,1.4,...
1998-05-24,7.484965375318511,1.4,...
1998-05-31,7.48448520952573,1.4,...
1998-06-07,7.48448520952573,1.4,...
1998-06-14,7.48448520952573,1.4,...
1998-06-21,7.483524185708579,1.4,...
1998-06-28,7.481766947201292,1.4,...
1998-07-05,7.477322812196885,1.4,...
1998-07-12,7.476843207076714,1.4,...
1998-07-19,7.473191239662293,1.3999999999999997,...
1998-07-26,7.470721637956252,1.4,...
1998-08-02,7.470721637956252,1.4,...
1998-08-09,7.473191239662293,1.4,...
1998-08-16,7.473191239662293,1.4,...
1998-08-23,7.473191239662293,1.4,...
1998-08-30,7.4748629326758556,1.4,...
1998-09-06,7.4750472438276265,1.4,...
1998-09-13,7.476551653219981,1.4,...
1998-09-20,7.477154481436445,1.4,...
1998-09-27,7.485053801769868,1.4,...
1998-10-04,7.4863680476388215,1.4,...
1998-10-11,7.487371153708927,1.4,...
1998-10-18,7.488539707571231,1.4,...
1998-10-25,7.488539707571231,1.4,...
1998-11-01,7.491072247434982,1.3999999999999997,...
1998-11-08,7.492988687096539,1.4,...
1998-11-15,7.494036644823226,1.4,...
1998-11-22,7.494036644823226,1.4,...
1998-11-29,7.495050156309901,1.4,...
1998-12-06,7.49726684427675,1.4,...
1998-12-13,7.49726684427675,1.4,...
1998-12-20,7.49726684427675,1.4,...
1998-12-27,7.49726684427675,1.4,...
1999-01-03,7.4916580223272895,1.4,...
1999-01-10,7.4916580223272895,1.4,...
1999-01-17,7.4916580223272895,1.4,...
1999-01-24,7.4916580223272895,1.4,...
1999-01-31,7.4916580223272895,1.4,...
1999-02-07,7.4916580223272895,1.4,...
1999-02-14,7.489822843182366,1.4,...
1999-02-21,7.493763975345633,1.4,...
1999-02-28,7.488637608163049,1.4,...
1999-03-07,7.488637608163049,1.4,...
1999-03-14,7.488637608163049,1.4,...
1999-03-21,7.489118580407359,1.4,...
1999-03-28,7.495384987122743,1.4,...
1999-04-04,7.495384987122743,1.4,...
1999-04-11,7.489118580407359,1.4,...
1999-04-18,7.489118580407359,1.4,...
1999-04-25,7.489059869448383,1.4,...
1999-05-02,7.480634150651,1.4,...
1999-05-09,7.4792699930746585,1.4,...
1999-05-16,7.4792699930746585,1.4,...
1999-05-23,7.4792699930746585,1.4,...
1999-05-30,7.4792699930746585,1.4,...
1999-06-06,7.4792699930746585,1.4,...
1999-06-13,7.4792699930746585,1.4,...
1999-06-20,7.4792699930746585,1.4,...
1999-06-27,7.47642141723786,1.4,...
1999-07-04,7.47642141723786,1.4,...
1999-07-11,7.4773358310693245,1.4,...
1999-07-18,7.4773358310693245,1.4,...
1999-07-25,7.475973855569107,1.4,...
1999-08-01,7.475230059750492,,
1999-08-08,7.475230059750492,1.4,...
1999-08-15,7.476329070234175,1.3999999999999997,...
1999-08-22,7.476329070234175,1.4,...
1999-08-29,7.477131846567995,1.4,...
1999-09-05,7.482382120894638,1.4,...
1999-09-12,7.48930447570691,1.4,...
1999-09-19,7.48930447570691,1.4,...
1999-09-26,7.493846062245097,1.4,...
1999-10-03,7.48930447570691,1.4,...
1999-10-10,7.495501665295307,1.4,...
1999-10-17,7.495501665295307,1.4,...
1999-10-24,7.495501665295307,1.4,...
1999-10-31,7.490272529317406,1.4,...
1999-11-07,7.493864148283163,1.4,...
1999-11-14,7.493864148283163,1.4,...
1999-11-21,7.493864148283163,1.4,...
1999-11-28,7.493795976124785,1.4,...
1999-12-05,7.493795976124785,1.4,...
1999-12-12,7.493795976124785,1.4,...
1999-12-19,7.493864148283163,1.4,...
1999-12-26,7.493795976124785,1.4,...
2000-01-02,7.493795976124785,1.4,...
2000-01-09,7.495807186482105,1.4,...
2000-01-16,7.495807186482105,1.4,...
2000-01-23,7.495807186482105,1.4,...
2000-01-30,7.493680490231676,1.4,...
2000-02-06,7.491713792520645,1.4,...
2000-02-13,7.493680490231676,1.4,...
2000-02-20,7.491713792520645,1.4,...
2000-02-27,7.491713792520645,1.4,...
2000-03-05,7.491713792520645,1.4,...
2000-03-12,7.491713792520645,1.4,...
2000-03-19,7.491713792520645,1.4,...
2000-03-26,7.491777924398114,1.4,...
2000-04-02,7.490412142254726,1.4,...
2000-04-09,7.490412142254726,1.3999999999999997,...
2000-04-16,7.489013736990906,1.4,...
2000-04-23,7.488967602405126,1.4,...
2000-04-30,7.487126074032298,1.4,...
2000-05-07,7.481223252288067,1.4,...
2000-05-14,7.480847000135503,1.4,...
2000-05-21,7.480847000135503,1.4,...
2000-05-28,7.4767483906349055,1.4,...
2000-06-04,7.480847000135503,1.4,...
2000-06-11,7.480474836294537,1.4,...
2000-06-18,7.480474836294537,1.4,...
2000-06-25,7.480474836294537,1.4,...
2000-07-02,7.478371765319196,1.4,...
2000-07-09,7.476625257359964,1.4,...
2000-07-16,7.477284621988425,1.4,...
2000-07-23,7.477284621988425,1.4,...
2000-07-30,7.476625257359964,1.4,...
2000-08-06,7.476088672222956,1.4,...
2000-08-13,7.4758408114373,1.4,...
2000-08-20,7.4758408114373,1.4,...
2000-08-27,7.4758408114373,1.4,...
2000-09-03,7.4758408114373,1.4,...
2000-09-10,7.4758408114373,1.4,...
2000-09-17,7.478885944092398,1.4,...
2000-09-24,7.482766236522385,1.4,...
2000-10-01,7.485119802858524,1.4,...
2000-10-08,7.489881403594676,1.3999999999999997,...
2000-10-15,7.492289437994692,1.4,...
2000-10-22,7.493811976479824,,
2000-10-29,7.495858885756556,1.4,...
2000-11-05,7.494336347271423,,
2000-11-12,7.493587523704581,,
2000-11-19,7.493587523704581,1.4,...
2000-11-26,7.4916513785404515,1.4,...
2000-12-03,7.490791790861007,1.4,...
2000-12-10,7.4897706368399035,,
2000-12-17,7.4893622857944795,1.4,...
2000-12-24,7.489126607445598,1.4,...
2000-12-31,7.489126607445598,1.4,...
2001-01-07,7.489975088770157,1.4,...
2001-01-14,7.48827812612104,1.4,...
2001-01-21,7.488213769394481,1.3999999999999997,...
2001-01-28,7.489975088770157,1.4,...
2001-02-04,7.490532193793275,1.4,...
2001-02-11,7.491587840414348,1.4,...
2001-02-18,7.492788155687635,1.4,...
2001-02-25,7.492788155687635,1.4,...
2001-03-04,7.497638355987108,1.4,...
2001-03-11,7.497638355987108,1.4,...
2001-03-18,7.492788155687635,1.4,...
2001-03-25,7.497638355987108,1.4,...
2001-04-01,7.497638355987108,1.3999999999999997,...
2001-04-08,7.49569054395383,1.4,...
2001-04-15,7.49569054395383,1.4,...
2001-04-22,7.489637044228871,1.4,...
2001-04-29,7.489637044228871,1.3999999999999997,...
2001-05-06,7.489637044228871,1.4,...
2001-05-13,7.4869831998803695,1.4,...
2001-05-20,7.485841341105695,1.4,...
2001-05-27,7.4849387054888945,1.4,...
2001-06-03,7.484913438678393,1.4,...
2001-06-10,7.484226779291326,1.4,...
2001-06-17,7.484226779291326,1.4,...
2001-06-24,7.482179450999571,1.4,...
2001-07-01,7.482179450999571,1.4,...
2001-07-08,7.478489032651407,1.4,...
2001-07-15,7.478489032651407,1.4,...
2001-07-22,7.477090819563025,1.4,...
2001-07-29,7.477090819563025,1.4,...
2001-08-05,7.477090819563025,1.4,...
2001-08-12,7.474811886657859,1.4,...
2001-08-19,7.474451654573737,1.4,...
2001-08-26,7.4741296050306545,1.4,...
2001-09-02,7.4741296050306545,1.4,...
2001-09-09,7.474451654573737,1.4,...
2001-09-16,7.474811886657859,1.4,...
2001-09-23,7.483210669722671,1.4,...
2001-09-30,7.486027379182337,1.4,...
2001-10-07,7.486027379182337,1.4,...
2001-10-14,7.489815858883768,1.3999999999999997,...
2001-10-21,7.487273129045843,1.4,...
2001-10-28,7.487273129045843,1.4,...
2001-11-04,7.492667983439665,1.4,...
2001-11-11,7.486650254114091,1.4,...
2001-11-18,7.491910755373028,1.4,...
2001-11-25,7.497358713642236,,
2001-12-02,7.492061277967606,1.4,...
2001-12-09,7.493702181796877,1.4,...
2001-12-16,7.48921507806427,1.4,...
2001-12-23,7.488245948275484,1.4,...
2001-12-30,7.490855981893541,1.4,...
2002-01-06,7.488245948275484,1.4,...
2002-01-13,7.487574174234999,1.4,...
2002-01-20,7.487021021495427,1.4,...
2002-01-27,7.487021021495427,1.4,...
2002-02-03,7.485383577504309,1.4,...
2002-02-10,7.485383577504309,1.4,...
2002-02-17,7.484949934977532,1.4,...
2002-02-24,7.484949934977532,1.4,...
2002-03-03,7.488069651267739,1.4,...
2002-03-10,7.488840371761664,1.4,...
2002-03-17,7.488069651267739,1.4,...
2002-03-24,7.488069651267739,1.4,...
2002-03-31,7.485596821350858,1.4,...
2002-04-07,7.49005329767456,1.4,...
2002-04-14,7.49005329767456,1.4,...
2002-04-21,7.485596821350858,1.4,...
2002-04-28,7.476462471715034,1.4,...
2002-05-05,7.485596821350858,1.4,...
2002-05-12,7.485777762370891,1.4,...
2002-05-19,7.485793189935321,1.4,...
2002-05-26,7.485777762370891,1.4,...
2002-06-02,7.485637500867114,1.4,...
2002-06-09,7.485637500867114,1.4,...
2002-06-16,7.485637500867114,1.4,...
2002-06-23,7.480316906750526,1.4,...
2002-06-30,7.479309519156938,1.4,...
2002-07-07,7.479309519156938,1.4,...
2002-07-14,7.4762585984046,1.4,...
2002-07-21,7.479309519156938,1.4,...
2002-07-28,7.4762585984046,1.4,...
2002-08-04,7.474546689023796,1.4,...
2002-08-11,7.474546689023796,1.4,...
2002-08-18,7.478138602664578,1.4,...
2002-08-25,7.475852363122525,1.4,...
2002-09-01,7.480696430604838,1.4,...
2002-09-08,7.481136333938814,1.4,...
2002-09-15,7.484685154776303,,
2002-09-22,7.4865241950809365,1.4,...
2002-09-29,7.4865241950809365,1.4,...
2002-10-06,7.489447079492239,1.4,...
2002-10-13,7.4910820131621625,1.4,...
2002-10-20,7.496406847525024,1.4,...
2002-10-27,7.496406847525024,1.4,...
2002-11-03,7.497137891903674,1.4,...
2002-11-10,7.496406847525024,1.4,...
2002-11-17,7.496406847525024,1.4,...
2002-11-24,7.496406847525024,1.4,...
2002-12-01,7.495183546334193,1.4,...
2002-12-08,7.49382241077867,1.4,...
2002-12-15,7.494502978556431,1.4,...
2002-12-22,7.491664757463251,1.4,...
2002-12-29,7.488377512649281,1.4,...
2003-01-05,7.488377512649281,,
2003-01-12,7.487898709606228,1.4,...
2003-01-19,7.4861550720398,1.4,...
2003-01-26,7.484475206868771,1.4,...
2003-02-02,7.485062222928872,1.4,...
2003-02-09,7.488549498061728,1.4,...
2003-02-16,7.492083191512693,1.4,...
2003-02-23,7.492083191512693,1.4,...
2003-03-02,7.492609871781185,1.4,...
2003-03-09,7.492609871781185,1.4,...
2003-03-16,7.492609871781185,1.4,...
2003-03-23,7.492083191512693,1.4,...
2003-03-30,7.492083191512693,1.4,...
2003-04-06,7.49376814941838,1.4,...
2003-04-13,7.491723551984712,1.4,...
2003-04-20,7.491723551984712,1.4,...
2003-04-27,7.491203379242166,1.87,...
2003-05-04,7.492296405038484,1.87,...
2003-05-11,7.492296405038484,1.87,...
2003-05-18,7.490643856705392,1.87,...
2003-05-25,7.490643856705392,1.87,...
2003-06-01,7.489867541538312,1.87,...
2003-06-08,7.489867541538312,1.87,...
2003-06-15,7.490970399167884,1.87,...
2003-06-22,7.490970399167884,1.87,...
2003-06-29,7.490970399167884,1.87,...
2003-07-06,7.49181869048647,1.87,...
2003-07-13,7.486515568922055,1.87,...
2003-07-20,7.486515568922055,1.87,...
2003-07-27,7.480898943304961,,
2003-08-03,7.477756398597533,1.87,...
2003-08-10,7.477671024939404,1.87,...
2003-08-17,7.477671024939404,1.87,...
2003-08-24,7.479566400617437,1.87,...
2003-08-31,7.479566400617437,1.87,...
2003-09-07,7.48380528238098,1.87,...
2003-09-14,7.48380528238098,1.87,...
2003-09-21,7.493246255250844,1.87,...
2003-09-28,7.496166748653098,1.87,...
2003-10-05,7.493246255250844,1.87,...
2003-10-12,7.490868540526661,1.87,...
2003-10-19,7.490868540526661,1.87,...
2003-10-26,7.501537821519074,1.87,...
2003-11-02,7.507138333979742,1.87,...
2003-11-09,7.507138333979742,1.87,...
2003-11-16,7.491673359440525,1.87,...
2003-11-23,7.499185298799055,1.87,...
2003-11-30,7.499185298799055,1.87,...
2003-12-07,7.494699922817329,1.87,...
2003-12-14,7.494430215031565,1.87,...
2003-12-21,7.491673359440525,1.87,...
2003-12-28,7.487809346485758,1.87,...
2004-01-04,7.488904688176074,1.87,...
2004-01-11,7.488904688176074,1.87,...
2004-01-18,7.488904688176074,1.87,...
2004-01-25,7.488904688176074,1.87,...
2004-02-01,7.489533652418529,1.87,...
2004-02-08,7.489533652418529,1.87,...
2004-02-15,7.489533652418529,1.87,...
2004-02-22,7.4922685365720705,1.87,...
2004-02-29,7.492981724874253,1.87,...
2004-03-07,7.489533652418529,1.87,...
2004-03-14,7.489533652418529,1.87,...
2004-03-21,7.4979044287956205,1.87,...
2004-03-28,7.498516681628061,1.87,...
2004-04-04,7.506957097949523,1.87,...
2004-04-11,7.498516681628061,1.87,...
2004-04-18,7.4979044287956205,1.87,...
2004-04-25,7.4979044287956205,1.87,...
2004-05-02,7.494377377150686,1.87,...
2004-05-09,7.494377377150686,1.87,...
2004-05-16,7.492712946040709,1.87,...
2004-05-23,7.484681796495737,1.87,...
2004-05-30,7.484681796495737,1.87,...
2004-06-06,7.483285191395506,1.87,...
2004-06-13,7.4821935266250925,1.87,...
2004-06-20,7.484032912777646,1.87,...
2004-06-27,7.484032912777646,1.87,...
2004-07-04,7.4821935266250925,1.87,...
2004-07-11,7.48201334365443,1.87,...
2004-07-18,7.4774600020261,1.87,...
2004-07-25,7.479077987020231,1.87,...
2004-08-01,7.479077987020231,1.87,...
2004-08-08,7.479077987020231,1.87,...
2004-08-15,7.479077987020231,1.87,...
2004-08-22,7.479077987020231,1.87,...
2004-08-29,7.479077987020231,1.87,...
2004-09-05,7.482762016273207,1.87,...
2004-09-12,7.482762016273207,1.87,...
2004-09-19,7.483251446420341,1.87,...
2004-09-26,7.482762016273207,1.87,...
2004-10-03,7.482762016273207,1.87,...
2004-10-10,7.486632931781589,1.87,...
2004-10-17,7.486632931781589,1.87,...
2004-10-24,7.486632931781589,1.87,...
2004-10-31,7.491861568492541,1.87,...
2004-11-07,7.491861568492541,1.87,...
2004-11-14,7.494524760061487,1.87,...
2004-11-21,7.494524760061487,1.87,...
2004-11-28,7.494524760061487,1.87,...
2004-12-05,7.494524760061487,1.87,...
2004-12-12,7.494227191086558,1.87,...
2004-12-19,7.493047167850122,1.87,...
2004-12-26,7.493047167850122,1.87,...
2005-01-02,7.490625712330601,1.87,...
2005-01-09,7.490441458495297,1.87,...
2005-01-16,7.490441458495297,1.87,...
2005-01-23,7.48790311999481,1.87,...
2005-01-30,7.490441458495297,1.87,...
2005-02-06,7.491098754186881,1.87,...
2005-02-13,7.491098754186881,1.87,...
2005-02-20,7.491098754186881,1.87,...
2005-02-27,7.498781136475322,1.87,...
2005-03-06,7.498781136475322,1.87,...
2005-03-13,7.500081623926288,1.87,...
2005-03-20,7.498781136475322,1.87,...
2005-03-27,7.495262738243322,1.87,...
2005-04-03,7.493723625077472,1.87,...
2005-04-10,7.493723625077472,1.87,...
2005-04-17,7.488559288456371,1.87,...
2005-04-24,7.488559288456371,1.87,...
2005-05-01,7.4875545740507565,1.87,...
2005-05-08,7.4875545740507565,1.87,...
2005-05-15,7.488559288456371,1.87,...
2005-05-22,7.482745135098389,1.87,...
2005-05-29,7.47964260550136,1.87,...
2005-06-05,7.482745135098389,1.87,...
2005-06-12,7.47964260550136,1.87,...
2005-06-19,7.47964260550136,1.87,...
2005-06-26,7.479453493817646,1.87,...
2005-07-03,7.479453493817646,1.87,...
2005-07-10,7.479453493817646,1.87,...
2005-07-17,7.479453493817646,1.87,...
2005-07-24,7.479303872669406,1.87,...
2005-07-31,7.475941379505323,1.87,...
2005-08-07,7.475941379505323,1.87,...
2005-08-14,7.47975549095238,2.05,...
2005-08-21,7.477332713123965,2.05,...
2005-08-28,7.477332713123965,2.05,...
2005-09-04,7.47975549095238,2.05,...
2005-09-11,7.483564949624366,2.05,...
2005-09-18,7.484890978755317,2.05,...
2005-09-25,7.4935441162215675,2.05,...
2005-10-02,7.497272390242407,2.05,...
2005-10-09,7.497588459453104,2.05,...
2005-10-16,7.497588459453104,2.05,...
2005-10-23,7.4980651468175825,2.05,...
2005-10-30,7.4980651468175825,2.05,...
2005-11-06,7.4980651468175825,2.05,...
2005-11-13,7.497588459453104,2.05,...
2005-11-20,7.4980651468175825,2.05,...
2005-11-27,7.496695445012621,2.05,...
2005-12-04,7.496695445012621,2.05,...
2005-12-11,7.494993182231007,2.05,...
2005-12-18,7.494993182231007,2.05,...
2005-12-25,7.494993182231007,2.05,...
2006-01-01,7.495262738243322,2.05,...
2006-01-08,7.494993182231007,2.05,...
2006-01-15,7.492939950522585,2.05,...
2006-01-22,7.492939950522585,2.05,...
2006-01-29,7.492939950522585,2.05,...
2006-02-05,7.491874114503293,2.05,...
2006-02-12,7.487093859094228,2.05,...
2006-02-19,7.487093859094228,2.05,...
2006-02-26,7.488873928667888,2.05,...
2006-03-05,7.488873928667888,2.05,...
2006-03-12,7.483746258633742,2.05,...
2006-03-19,7.483746258633742,2.05,...
2006-03-26,7.488873928667888,2.05,...
2006-04-02,7.491883872402836,2.05,...
2006-04-09,7.4941590436739425,2.05,...
2006-04-16,7.495066831036019,2.05,...
2006-04-23,7.497692407756242,2.05,...
2006-04-30,7.497692407756242,2.05,...
2006-05-07,7.497692407756242,2.05,...
2006-05-14,7.494749963684047,2.05,...
2006-05-21,7.4941590436739425,2.05,...
2006-05-28,7.490479149541794,2.05,...
2006-06-04,7.488364861243223,2.05,...
2006-06-11,7.487071448090425,2.05,...
2006-06-18,7.481748641042043,2.05,...
2006-06-25,7.481748641042043,2.05,...
2006-07-02,7.481025984169055,2.05,...
2006-07-09,7.476139653109383,2.05,...
2006-07-16,7.475411512866307,2.05,...
2006-07-23,7.475099695407389,2.05,...
2006-07-30,7.475099695407389,2.05,...
2006-08-06,7.475411512866307,2.05,...
2006-08-13,7.474881365319785,2.05,...
2006-08-20,7.474881365319785,2.05,...
2006-08-27,7.474881365319785,2.05,...
2006-09-03,7.477195505829696,2.05,...
2006-09-10,7.478450886956037,2.05,...
2006-09-17,7.481959845584571,2.05,...
2006-09-24,7.482179450999571,2.05,...
2006-10-01,7.482261086869856,2.05,...
2006-10-08,7.487354350163378,2.05,...
2006-10-15,7.488643202193099,2.05,...
2006-10-22,7.488643202193099,2.05,...
2006-10-29,7.488643202193099,2.05,...
2006-11-05,7.491358204237925,2.05,...
2006-11-12,7.491358204237925,2.05,...
2006-11-19,7.491358204237925,2.05,...
2006-11-26,7.490395389731377,2.05,...
2006-12-03,7.491358204237925,2.05,...
2006-12-10,7.491358204237925,2.05,...
2006-12-17,7.492216977861668,2.05,...
2006-12-24,7.49512796931972,2.05,...
2006-12-31,7.492216977861668,2.05,...
2007-01-07,7.492216977861668,2.05,...
2007-01-14,7.492216977861668,2.05,...
2007-01-21,7.492216977861668,2.05,...
2007-01-28,7.493455045603818,2.05,...
2007-02-04,7.495612774709027,2.05,...
2007-02-11,7.49832141091784,2.05,...
2007-02-18,7.49832141091784,2.05,...
2007-02-25,7.493455045603818,2.05,...
2007-03-04,7.49832141091784,2.05,...
2007-03-11,7.49832141091784,2.05,...
2007-03-18,7.49832141091784,2.05,...
2007-03-25,7.49670931779367,2.05,...
2007-04-01,7.49670931779367,2.05,...
2007-04-08,7.497362507873705,2.05,...
2007-04-15,7.497362507873705,2.05,...
2007-04-22,7.49670931779367,2.05,...
2007-04-29,7.4936930134431,2.05,...
2007-05-06,7.4936930134431,2.05,...
2007-05-13,7.49326017596403,2.05,...
2007-05-20,7.49190199396366,2.05,...
2007-05-27,7.491289861023857,2.05,...
2007-06-03,7.489888493204913,2.05,...
2007-06-10,7.489888493204913,2.05,...
2007-06-17,7.489888493204913,2.05,...
2007-06-24,7.481180983824139,2.05,...
2007-07-01,7.4804057451880155,2.05,...
2007-07-08,7.4804057451880155,2.05,...
2007-07-15,7.479003151147268,2.05,...
2007-07-22,7.478154148533017,2.05,...
2007-07-29,7.479003151147268,2.05,...
2007-08-05,7.479346220548772,2.05,...
2007-08-12,7.479346220548772,2.05,...
2007-08-19,7.481089396022725,2.05,...
2007-08-26,7.481089396022725,2.05,...
2007-09-02,7.482794371061753,2.05,...
2007-09-09,7.483941585817935,2.05,...
2007-09-16,7.4927839775223095,2.05,...
2007-09-23,7.4927839775223095,2.05,...
2007-09-30,7.4927839775223095,2.05,...
2007-10-07,7.4927839775223095,2.05,...
2007-10-14,7.4927839775223095,2.05,...
2007-10-21,7.495934922213713,2.05,...
2007-10-28,7.496950673380975,2.05,...
2007-11-04,7.496950673380975,2.05,...
2007-11-11,7.496950673380975,2.05,...
2007-11-18,7.49702140449805,2.05,...
2007-11-25,7.497067169025695,2.05,...
2007-12-02,7.497067169025695,2.05,...
2007-12-09,7.497067169025695,2.05,...
2007-12-16,7.501369375816872,2.05,...
2007-12-23,7.497067169025695,2.05,...
2007-12-30,7.501369375816872,2.05,...
2008-01-06,7.50187876818079,2.05,...
2008-01-13,7.502956057956583,1.31,...
2008-01-20,7.50187876818079,1.31,...
2008-01-27,7.50187876818079,1.31,...
2008-02-03,7.50168967447049,1.31,...
2008-02-10,7.50168967447049,2.05,...
2008-02-17,7.50168967447049,1.31,...
2008-02-24,7.493580298893968,2.05,...
2008-03-02,7.489983468588203,1.31,...
2008-03-09,7.487568574221559,1.31,...
2008-03-16,7.487568574221559,2.05,...
2008-03-23,7.487277330299917,2.05,...
2008-03-30,7.487277330299917,2.05,...
2008-04-06,7.487277330299917,1.31,...
2008-04-13,7.487568574221559,2.05,...
2008-04-20,7.487735161211501,1.31,...
2008-04-27,7.488764864605228,1.31,...
2008-05-04,7.488764864605228,1.31,...
2008-05-11,7.488764864605228,1.31,...
2008-05-18,7.488813805078939,1.31,...
2008-05-25,7.494524760061487,1.31,...
2008-06-01,7.495019585256518,1.31,...
2008-06-08,7.494524760061487,1.31,...
2008-06-15,7.488813805078939,1.31,...
2008-06-22,7.486150762233588,1.31,...
2008-06-29,7.488813805078939,2.05,...
2008-07-06,7.486150762233588,1.31,...
2008-07-13,7.484150922957567,1.31,...
2008-07-20,7.484150922957567,2.05,...
2008-07-27,7.482472183220643,1.31,...
2008-08-03,7.482472183220643,1.31,...
2008-08-10,7.487088256390363,1.31,...
2008-08-17,7.482923779748633,1.31,...
2008-08-24,7.487088256390363,2.05,...
2008-08-31,7.487088256390363,2.05,...
2008-09-07,7.48544250469277,2.05,...
2008-09-14,7.488420815394406,1.31,...
2008-09-21,7.490423310447713,2.05,...
2008-09-28,7.496834164163438,2.05,...
2008-10-05,7.505398761014217,1.31,...
2008-10-12,7.505398761014217,2.05,...
2008-10-19,7.505398761014217,1.31,...
2008-10-26,7.50640632331436,1.31,...
2008-11-02,7.506598648179124,1.31,...
2008-11-09,7.50640632331436,1.68,...
2008-11-16,7.504079010322939,1.31,...
2008-11-23,7.500201902724392,1.31,...
2008-11-30,7.504079010322939,1.31,...
2008-12-07,7.506469519850112,2.05,...
2008-12-14,7.504079010322939,1.31,...
2008-12-21,7.503420548235104,2.05,...
2008-12-28,7.504079010322939,1.31,...
2009-01-04,7.505442768561519,2.05,...
2009-01-11,7.506469519850112,2.05,...
2009-01-18,7.505442768561519,2.05,...
2009-01-25,7.503420548235104,2.05,...
2009-02-01,7.503420548235104,2.05,...
2009-02-08,7.505442768561519,1.68,...
2009-02-15,7.504033565573762,2.05,...
2009-02-22,7.504033565573762,1.31,...
2009-03-01,7.499111952701623,1.31,...
2009-03-08,7.504033565573762,1.31,...
2009-03-15,7.505727395609197,2.05,...
2009-03-22,7.505727395609197,1.31,...
2009-03-29,7.504033565573762,2.05,...
2009-04-05,7.50220028341724,1.31,...
2009-04-12,7.501427368523615,2.05,...
2009-04-19,7.501427368523615,1.31,...
2009-04-26,7.500646946710928,1.31,...
2009-05-03,7.500646946710928,2.05,...
2009-05-10,7.493854409687927,1.31,...
2009-05-17,7.500338754106078,1.68,...
2009-05-24,7.500338754106078,1.31,...
2009-05-31,7.499601747274418,1.68,...
2009-06-07,7.500338754106078,1.31,...
2009-06-14,7.500338754106078,1.31,...
2009-06-21,7.499601747274418,1.31,...
2009-06-28,7.499601747274418,1.31,...
2009-07-05,7.491914539467247,2.05,...
2009-07-12,7.490345130477381,2.05,...
2009-07-19,7.490345130477381,2.05,...
2009-07-26,7.48974601321473,2.05,...
2009-08-02,7.4890738485607935,1.31,...
2009-08-09,7.488683757975136,1.31,...
2009-08-16,7.488683757975136,2.05,...
2009-08-23,7.490209697135859,2.05,...
2009-08-30,7.490209697135859,1.31,...
2009-09-06,7.490209697135859,1.31,...
2009-09-13,7.4938126717769595,1.31,...
2009-09-20,7.494085327978656,1.31,...
2009-09-27,7.49806791759146,1.31,...
2009-10-04,7.49806791759146,1.31,...
2009-10-11,7.49806791759146,1.31,...
2009-10-18,7.498296479997264,2.05,...
2009-10-25,7.503284117980725,1.31,...
2009-11-01,7.503284117980725,1.31,...
2009-11-08,7.503284117980725,1.31,...
2009-11-15,7.503284117980725,1.31,...
2009-11-22,7.503284117980725,1.31,...
2009-11-29,7.503284117980725,1.31,...
2009-12-06,7.507135588224337,1.31,...
2009-12-13,7.507135588224337,1.31,...
2009-12-20,7.501610989910638,1.31,...
2009-12-27,7.501383183909243,1.31,...
2010-01-03,7.501383183909243,1.31,...
2010-01-10,7.500500463415289,1.31,...
2010-01-17,7.501383183909243,1.31,...
2010-01-24,7.501383183909243,1.31,...
2010-01-31,7.501383183909243,1.31,...
2010-02-07,7.495857171972439,1.31,...
2010-02-14,7.5017504091950356,1.31,...
2010-02-21,7.511587522302723,1.31,...
2010-02-28,7.511587522302723,1.31,...
2010-03-07,7.50770379891128,1.31,...
2010-03-14,7.499437125582302,1.11,...
2010-03-21,7.50770379891128,1.31,...
2010-03-28,7.50770379891128,0.91,...
2010-04-04,7.507687333579036,1.31,...
2010-04-11,7.507176773763825,1.31,...
2010-04-18,7.504709515215784,0.91,...
2010-04-25,7.504709515215784,0.91,...
2010-05-02,7.507176773763825,0.91,...
2010-05-09,7.507176773763825,0.91,...
2010-05-16,7.506179607227196,1.31,...
2010-05-23,7.504709515215784,1.31,...
2010-05-30,7.501615131357618,1.31,...
2010-06-06,7.501615131357618,0.91,...
2010-06-13,7.497610635997805,1.31,...
2010-06-20,7.4937389305432625,0.91,...
2010-06-27,7.4937389305432625,0.91,...
2010-07-04,7.491121075117219,1.11,...
2010-07-11,7.4909955134027735,1.31,...
2010-07-18,7.491121075117219,1.31,...
2010-07-25,7.492827151055547,1.31,...
2010-08-01,7.493148804832148,0.91,...
2010-08-08,7.493148804832148,0.91,...
2010-08-15,7.492827151055547,0.91,...
2010-08-22,7.493148804832148,0.91,...
2010-08-29,7.498306175429123,1.31,...
2010-09-05,7.498306175429123,1.31,...
2010-09-12,7.501787676404382,1.31,...
2010-09-19,7.501787676404382,1.11,...
2010-09-26,7.504555367329851,1.31,...
2010-10-03,7.504555367329851,1.31,...
2010-10-10,7.504555367329851,1.31,...
2010-10-17,7.508963964215897,1.31,...
2010-10-24,7.512369015705269,1.31,...
2010-10-31,7.512369015705269,1.31,...
2010-11-07,7.512369015705269,0.91,...
2010-11-14,7.513265887158534,0.91,...
2010-11-21,7.514140142443554,0.91,...
2010-11-28,7.514140142443554,0.91,...
2010-12-05,7.5115137133939545,0.91,...
2010-12-12,7.5097297087617685,1.31,...
2010-12-19,7.5097297087617685,0.91,...
2010-12-26,7.508639133361511,1.31,...
2011-01-02,7.508639133361511,0.91,...
2011-01-09,7.5035610932745085,0.91,...
2011-01-16,7.508639133361511,1.31,...
2011-01-23,7.508639133361511,1.31,...
2011-01-30,7.508639133361511,1.31,...
2011-02-06,7.506274422025796,1.31,...
2011-02-13,7.506274422025796,1.31,...
2011-02-20,7.503461887061913,0.91,...
2011-02-27,7.503222098075072,1.31,...
2011-03-06,7.501666207793515,1.11,...
2011-03-13,7.501666207793515,1.31,...
2011-03-20,7.501991864496745,1.31,...
2011-03-27,7.503003175132029,1.31,...
2011-04-03,7.499467416114408,0.91,...
2011-04-10,7.503003175132029,,
2011-04-17,7.5017089603280205,1.31,...
2011-04-24,7.501061634786764,1.31,...
2011-05-01,7.501061634786764,0.91,...
2011-05-08,7.505244719345641,1.31,...
2011-05-15,7.496878550227886,1.31,...
2011-05-22,7.496878550227886,1.31,...
2011-05-29,7.496878550227886,1.31,...
2011-06-05,7.497707652598808,0.91,...
2011-06-12,7.501795957817853,0.91,...
2011-06-19,7.497707652598808,1.31,...
2011-06-26,7.497179491260277,1.31,...
2011-07-03,7.497707652598808,0.91,...
2011-07-10,7.497707652598808,0.91,...
2011-07-17,7.497179491260277,0.91,...
2011-07-24,7.496415173619281,0.91,...
2011-07-31,7.496260204391927,1.31,...
2011-08-07,7.496082075764543,1.31,...
2011-08-14,7.496082075764543,1.31,...
2011-08-21,7.496082075764543,1.31,...
2011-08-28,7.495923815406488,1.31,...
2011-09-04,7.49519466136644,1.31,...
2011-09-11,7.495923815406488,0.91,...
2011-09-18,7.496200060611262,0.91,...
2011-09-25,7.505433142076032,0.91,...
2011-10-02,7.5103552935567786,0.91,...
2011-10-09,7.501083505474387,1.31,...
2011-10-16,7.512748611999614,1.31,...
2011-10-23,7.512748611999614,0.91,...
2011-10-30,7.512748611999614,0.91,...
2011-11-06,7.512748611999614,0.91,...
2011-11-13,7.515292826922335,0.91,...
2011-11-20,7.5127254034124356,0.91,...
2011-11-27,7.5127254034124356,0.91,...
2011-12-04,7.5127254034124356,0.91,...
2011-12-11,7.513545568323831,1.31,...
2011-12-18,7.5127254034124356,1.31,...
2011-12-25,7.513545568323831,0.91,...
2012-01-01,7.5127254034124356,1.31,...
2012-01-08,7.511066643030349,0.91,...
2012-01-15,7.511066643030349,0.91,...
2012-01-22,7.509889906695557,1.31,...
2012-01-29,7.509889906695557,1.31,...
2012-02-05,7.511066643030349,1.11,...
2012-02-12,7.506829389202193,0.91,...
2012-02-19,7.506829389202193,0.91,...
2012-02-26,7.503820085328481,0.91,...
2012-03-04,7.506829389202193,0.91,...
2012-03-11,7.509555789644675,0.91,...
2012-03-18,7.509327046804732,0.91,...
2012-03-25,7.509327046804732,0.91,...
2012-04-01,7.509555789644675,0.91,...
2012-04-08,7.512819599628685,0.91,...
2012-04-15,7.515014996179393,0.91,...
2012-04-22,7.515014996179393,1.11,...
2012-04-29,7.515014996179393,1.11,...
2012-05-06,7.515014996179393,0.91,...
2012-05-13,7.515014996179393,0.91,...
2012-05-20,7.515014996179393,1.31,...
2012-05-27,7.510433293101136,1.31,...
2012-06-03,7.502860927990365,0.91,...
2012-06-10,7.501565432861816,0.91,...
2012-06-17,7.501565432861816,0.91,...
2012-06-24,7.501565432861816,0.91,...
2012-07-01,7.498260467570203,0.91,...
2012-07-08,7.49817735701927,0.91,...
2012-07-15,7.497663303320516,0.91,...
2012-07-22,7.4969576080254186,0.91,...
2012-07-29,7.4969576080254186,0.91,...
2012-08-05,7.4969576080254186,0.91,...
2012-08-12,7.495904378197005,0.91,...
2012-08-19,7.497663303320516,0.91,...
2012-08-26,7.500067797850031,0.91,...
2012-09-02,7.501096857116352,0.91,...
2012-09-09,7.50279888183214,0.91,...
2012-09-16,7.502968006008293,0.91,...
2012-09-23,7.503142155633587,0.91,...
2012-09-30,7.503262066899394,0.91,...
2012-10-07,7.504984720210841,0.91,...
2012-10-14,7.5092325210124775,0.91,...
2012-10-21,7.5092325210124775,0.91,...
2012-10-28,7.515777483996107,0.91,...
2012-11-04,7.515675398803884,0.91,...
2012-11-11,7.515777483996107,0.91,...
2012-11-18,7.515675398803884,0.91,...
2012-11-25,7.515675398803884,0.91,...
2012-12-02,7.515675398803884,0.91,...
2012-12-09,7.516736575748587,0.91,...
2012-12-16,7.515675398803884,1.31,...
2012-12-23,7.515418097889046,0.91,...
2012-12-30,7.513366854259718,0.91,...
2013-01-06,7.513366854259718,0.91,...
2013-01-13,7.513366854259718,0.91,...
2013-01-20,7.513366854259718,1.11,...
2013-01-27,7.512999776366171,1.11,...
2013-02-03,7.513366854259718,1.31,...
2013-02-10,7.5119264266064985,0.91,...
2013-02-17,7.517869974434822,1.31,...
2013-02-24,7.517869974434822,1.31,...
2013-03-03,7.521916068769356,1.31,...
2013-03-10,7.513376404673967,0.91,...
2013-03-17,7.521916068769356,1.31,...
2013-03-24,7.513376404673967,1.31,...
2013-03-31,7.513376404673967,0.91,...
2013-04-07,7.512807313668874,0.91,...
2013-04-14,7.513376404673967,0.91,...
2013-04-21,7.512807313668874,0.91,...
2013-04-28,7.510923045922558,0.91,...
2013-05-05,7.510923045922558,1.31,...
2013-05-12,7.510923045922558,1.31,...
2013-05-19,7.510923045922558,0.91,...
2013-05-26,7.510923045922558,1.31,...
2013-06-02,7.506759348448059,1.31,...
2013-06-09,7.501334854751769,1.31,...
2013-06-16,7.501334854751769,0.91,...
2013-06-23,7.500967476804125,1.31,...
2013-06-30,7.500961951293533,0.91,...
2013-07-07,7.500113423176243,0.91,...
2013-07-14,7.500113423176243,0.91,...
2013-07-21,7.500113423176243,0.91,...
2013-07-28,7.500113423176243,0.91,...
2013-08-04,7.500113423176243,0.91,...
2013-08-11,7.500265492564416,0.91,...
2013-08-18,7.501474312537364,0.91,...
2013-08-25,7.503279983440014,1.11,...
2013-09-01,7.505954214231566,1.31,...
2013-09-08,7.508303226797961,1.11,...
2013-09-15,7.513616499403405,1.31,...
2013-09-22,7.5179813423865,0.91,...
2013-09-29,7.5179813423865,1.31,...
2013-10-06,7.5179813423865,0.91,...
2013-10-13,7.5189505346393295,1.11,...
2013-10-20,7.5179813423865,1.31,...
2013-10-27,7.5179813423865,1.31,...
2013-11-03,7.517193351328824,1.31,...
2013-11-10,7.517193351328824,1.11,...
2013-11-17,7.523646074796323,0.91,...
2013-11-24,7.523646074796323,0.91,...
2013-12-01,7.523646074796323,0.91,...
2013-12-08,7.523646074796323,0.91,...
2013-12-15,7.520769643642255,1.31,...
2013-12-22,7.523423234171691,0.91,...
2013-12-29,7.520769643642255,0.91,...
2014-01-05,7.519673423459184,0.91,...
2014-01-12,7.520769643642255,0.91,...
2014-01-19,7.519673423459184,1.31,...
2014-01-26,7.518786353863716,1.31,...
2014-02-02,7.512196920998122,0.91,...
2014-02-09,7.51196331651404,1.31,...
2014-02-16,7.51196331651404,1.31,...
2014-02-23,7.51196331651404,1.11,...
2014-03-02,7.51196331651404,1.31,...
2014-03-09,7.516225174620792,0.91,...
2014-03-16,7.517952822507124,1.31,...
2014-03-23,7.521571061327979,0.91,...
2014-03-30,7.522369133012823,0.91,...
2014-04-06,7.522369133012823,0.91,...
2014-04-13,7.525328605816452,0.91,...
2014-04-20,7.523053073944828,0.91,...
2014-04-27,7.523053073944828,0.91,...
2014-05-04,7.523053073944828,0.91,...
2014-05-11,7.51802887371135,0.91,...
2014-05-18,7.51802887371135,0.91,...
2014-05-25,7.517697465440495,0.91,...
2014-06-01,7.517697465440495,0.91,...
2014-06-08,7.517425737384261,0.91,...
2014-06-15,7.517425737384261,0.91,...
2014-06-22,7.514564037885393,0.91,...
2014-06-29,7.5116777257936596,0.91,...
2014-07-06,7.510512654814078,0.91,...
2014-07-13,7.504448000299685,0.91,...
2014-07-20,7.504448000299685,0.91,...
2014-07-27,7.504448000299685,0.91,...
2014-08-03,7.505442768561519,0.91,...
2014-08-10,7.505442768561519,0.91,...
2014-08-17,7.506935127713699,0.91,...
2014-08-24,7.508792653075388,0.91,...
2014-08-31,7.512868741958532,0.91,...
2014-09-07,7.513694244999394,0.91,...
2014-09-14,7.515185244763166,0.91,...
2014-09-21,7.513694244999394,0.91,...
2014-09-28,7.5194496957064505,0.91,...
2014-10-05,7.5194496957064505,0.91,...
2014-10-12,7.52071682498832,0.91,...
2014-10-19,7.519604276589171,0.91,...
2014-10-26,7.519604276589171,0.91,...
2014-11-02,7.519604276589171,0.91,.S.
2014-11-09,7.521554822750803,0.91,...
2014-11-16,7.5308970220116915,0.91,...
2014-11-23,7.5308970220116915,0.91,...
2014-11-30,7.527743290164793,0.91,...
2014-12-07,7.531704107390349,0.91,...
2014-12-14,7.532550676376971,0.91,...
2014-12-21,7.52855037554345,,
2014-12-28,7.532550676376971,0.91,...
2015-01-04,7.52855037554345,0.91,...
2015-01-11,7.528521368508224,0.91,...
2015-01-18,7.524531544247443,0.91,...
2015-01-25,7.521833548408086,0.91,...
2015-02-01,7.521732079613374,0.91,...
2015-02-08,7.521732079613374,0.91,...
2015-02-15,7.521732079613374,0.91,...
2015-02-22,7.521833548408086,0.91,...
2015-03-01,7.521833548408086,0.91,...
2015-03-08,7.520051612912206,0.91,...
2015-03-15,7.52546475753551,0.91,...
2015-03-22,7.527491359900913,0.91,...
2015-03-29,7.527491359900913,0.91,...
2015-04-05,7.527491359900913,0.91,...
2015-04-12,7.527491359900913,0.91,...
2015-04-19,7.533443678593423,0.91,...
2015-04-26,7.533443678593423,0.91,...
2015-05-03,7.533443678593423,0.91,...
2015-05-10,7.53097611679208,0.91,...
2015-05-17,7.529838695236035,0.91,...
2015-05-24,7.53097611679208,0.91,...
2015-05-31,7.529838695236035,0.91,...
2015-06-07,7.5265842729871695,0.91,...
2015-06-14,7.521769962501137,0.91,...
2015-06-21,7.514536783133865,0.91,...
2015-06-28,7.513561937481065,0.91,...
2015-07-05,7.513561937481065,0.91,...
2015-07-12,7.512325311918602,0.91,...
2015-07-19,7.512325311918602,0.91,...
2015-07-26,7.512325311918602,0.91,...
2015-08-02,7.511301824223501,0.91,...
2015-08-09,7.511021514732643,0.91,...
2015-08-16,7.511021514732643,0.91,...
2015-08-23,7.511021514732643,0.91,...
2015-08-30,7.511021514732643,0.91,...
2015-09-06,7.511021514732643,0.91,...
2015-09-13,7.518854200427381,0.91,...
2015-09-20,7.519718163003865,0.91,...
2015-09-27,7.519718163003865,0.91,...
2015-10-04,7.522558412494006,0.91,...
2015-10-11,7.531221404882831,0.91,...
2015-10-18,7.531221404882831,0.91,...
2015-10-25,7.531797528205232,0.91,...
2015-11-01,7.533021023753016,0.91,...
2015-11-08,7.533021023753016,0.91,...
2015-11-15,7.533021023753016,0.91,...
2015-11-22,7.530022093571918,0.91,...
2015-11-29,7.530022093571918,0.91,...
2015-12-06,7.533021023753016,0.91,...
2015-12-13,7.530022093571918,0.91,...
2015-12-20,7.527410643678926,0.91,...
2015-12-27,7.527410643678926,0.91,...
2016-01-03,7.526476552236952,0.91,...
2016-01-10,7.526476552236952,0.91,...
2016-01-17,7.524847208054622,0.91,...
2016-01-24,7.524847208054622,0.91,...
2016-01-31,7.524847208054622,0.91,...
2016-02-07,7.524847208054622,0.91,...
2016-02-14,7.528682511640663,0.91,...
2016-02-21,7.528682511640663,0.91,...
2016-02-28,7.528682511640663,0.91,...
2016-03-06,7.5313862368450595,0.91,...
2016-03-13,7.5313862368450595,0.91,...
2016-03-20,7.53330593413859,0.91,...
2016-03-27,7.53330593413859,0.91,...
2016-04-03,7.53473861828707,0.91,...
2016-04-10,7.53473861828707,0.91,...
2016-04-17,7.53473861828707,0.91,...
2016-04-24,7.535156543129438,0.91,...
2016-05-01,7.53473861828707,0.91,...
2016-05-08,7.537699046750589,0.91,...
2016-05-15,7.534687867916114,0.91,...
2016-05-22,7.533075871967286,0.91,...
2016-05-29,7.533075871967286,0.91,...
2016-06-05,7.529077456353538,0.91,...
2016-06-12,7.52589735431557,0.91,...
2016-06-19,7.52589735431557,0.91,...
2016-06-26,7.5247554869622135,0.91,...
2016-07-03,7.519560887876467,0.91,...
2016-07-10,7.515674037597583,0.91,...
2016-07-17,7.513979260482847,0.91,...
2016-07-24,7.513641051297244,0.91,...
2016-07-31,7.513641051297244,0.91,...
2016-08-07,7.513585126661813,0.91,...
2016-08-14,7.513585126661813,0.91,...
2016-08-21,7.513979260482847,0.91,...
2016-08-28,7.520283335772703,0.91,...
2016-09-04,7.520979536360763,0.91,...
2016-09-11,7.52522479452641,0.91,...
2016-09-18,7.532222039237176,0.91,...
2016-09-25,7.53223007240882,0.91,...
2016-10-02,7.533568033502493,0.91,...
2016-10-09,7.533568033502493,0.91,...
2016-10-16,7.534972303863524,0.91,...
2016-10-23,7.534972303863524,0.91,...
2016-10-30,7.535037726040197,0.91,...
2016-11-06,7.535979864657631,0.91,...
2016-11-13,7.535037726040197,0.91,...
2016-11-20,7.535037726040197,0.91,...
2016-11-27,7.538879438546122,0.91,...
2016-12-04,7.538879438546122,0.91,...
2016-12-11,7.534619751527886,0.91,...
2016-12-18,7.534575673745286,0.91,...
2016-12-25,7.529148637278692,0.91,...
2017-01-01,7.529148637278692,0.91,...
2017-01-08,7.5344340774201415,0.91,...
2017-01-15,7.5344340774201415,0.91,...
2017-01-22,7.5344340774201415,0.91,...
2017-01-29,7.5344340774201415,0.91,...
2017-02-05,7.5344340774201415,0.91,...
2017-02-12,7.5347559796648165,0.91,...
2017-02-19,7.5347559796648165,0.91,...
2017-02-26,7.529227870462665,0.91,...
2017-03-05,7.526553304459942,0.91,...
2017-03-12,7.529227870462665,0.91,...
2017-03-19,7.532867165146096,0.91,...
2017-03-26,7.530265379942642,0.91,...
2017-04-02,7.530265379942642,0.91,...
2017-04-09,7.530265379942642,0.91,...
2017-04-16,7.530265379942642,0.91,...
2017-04-23,7.532867165146096,0.91,...
2017-04-30,7.532867165146096,0.91,...
2017-05-07,7.5332403985624445,0.91,...
2017-05-14,7.53393432261029,0.91,...
2017-05-21,7.53393432261029,0.91,...
2017-05-28,7.53393432261029,0.91,...
2017-06-04,7.53393432261029,0.91,...
2017-06-11,7.53393432261029,0.91,...
2017-06-18,7.527820883540491,0.91,...
2017-06-25,7.52052584196017,0.91,...
2017-07-02,7.52052584196017,0.91,...
2017-07-09,7.518062823274524,0.91,...
2017-07-16,7.518062823274524,0.91,...
2017-07-23,7.517880840146845,0.91,...
2017-07-30,7.517034319222353,0.91,...
2017-08-06,7.5174420431499795,0.91,...
2017-08-13,7.5169663490693805,0.91,...
2017-08-20,7.5169663490693805,0.91,...
2017-08-27,7.5174420431499795,0.91,...
2017-09-03,7.5174420431499795,0.91,...
2017-09-10,7.520994430298999,0.91,...
2017-09-17,7.5350003424633325,0.91,...
2017-09-24,7.53509112872583,0.91,...
2017-10-01,7.535282020008486,0.91,...
2017-10-08,7.537232894086476,0.91,...
2017-10-15,7.537232894086476,0.91,...
2017-10-22,7.540231117884293,0.91,...
2017-10-29,7.540231117884293,0.91,...
2017-11-05,7.541529241892731,0.91,...
2017-11-12,7.543990779966614,0.91,...
2017-11-19,7.544961539549745,0.91,...
2017-11-26,7.544961539549745,0.91,...
2017-12-03,7.544961539549745,0.91,...
2017-12-10,7.538307382027304,0.91,...
2017-12-17,7.537378090644907,0.91,...
2017-12-24,7.537378090644907,0.91,...
2017-12-31,7.537378090644907,0.91,...
2018-01-07,7.537378090644907,0.91,...
2018-01-14,7.53776695371807,0.91,...
2018-01-21,7.53776695371807,0.91,...
2018-01-28,7.53776695371807,0.91,...
2018-02-04,7.538566843559595,0.91,...
2018-02-11,7.538566843559595,0.91,...
2018-02-18,7.538566843559595,0.91,...
2018-02-25,7.53471057234782,0.91,...
2018-03-04,7.532505838833729,0.91,...
2018-03-11,7.53471057234782,0.91,...
2018-03-18,7.53471057234782,0.91,...
2018-03-25,7.531485390953404,0.91,...
2018-04-01,7.531295113590074,0.91,...
2018-04-08,7.531295113590074,0.91,...
2018-04-15,7.531295113590074,0.91,...
2018-04-22,7.531295113590074,0.91,...
2018-04-29,7.531295113590074,0.91,...
2018-05-06,7.531295113590074,0.91,...
2018-05-13,7.5350190344264565,0.91,...
2018-05-20,7.5350190344264565,0.91,...
2018-05-27,7.531777540671175,0.91,...
2018-06-03,7.531777540671175,0.91,...
2018-06-10,7.5268682861569225,0.91,...
2018-06-17,7.5268682861569225,,
2018-06-24,7.5268682861569225,0.91,...
2018-07-01,7.5268682861569225,0.91,...
2018-07-08,7.523688142973544,0.91,...
2018-07-15,7.523228714492846,0.91,...
2018-07-22,7.525200525397953,0.91,...
2018-07-29,7.5290787994367605,0.907,...
2018-08-05,7.523228714492846,0.907,...
2018-08-12,7.523228714492846,0.907,...
2018-08-19,7.523228714492846,0.907,...
2018-08-26,7.525664233507404,0.907,...
2018-09-02,7.528909556743678,0.907,...
2018-09-09,7.527212861396211,0.907,...
2018-09-16,7.525664233507404,0.907,...
2018-09-23,7.527212861396211,0.907,...
2018-09-30,7.528909556743678,0.907,...
2018-10-07,7.541380666885958,0.907,...
2018-10-14,7.541380666885958,0.907,...
2018-10-21,7.54572135424438,0.907,...
2018-10-28,7.546993906238934,0.907,...
2018-11-04,7.546993906238934,0.907,...
2018-11-11,7.546993906238934,0.907,...
2018-11-18,7.546224496251305,0.907,...
2018-11-25,7.546224496251305,0.907,...
2018-12-02,7.546224496251305,0.907,...
2018-12-09,7.546224496251305,0.907,...
2018-12-16,7.544686542588844,0.907,...
2018-12-23,7.544686542588844,0.907,...
2018-12-30,7.542592500575532,0.907,...
2019-01-06,7.542592500575532,0.907,...
2019-01-13,7.542592500575532,0.907,...
2019-01-20,7.551536254492955,0.907,...
2019-01-27,7.551780490331446,0.907,...
2019-02-03,7.551780490331446,0.907,...
2019-02-10,7.551692519779203,0.907,...
2019-02-17,7.551692519779203,0.907,...
2019-02-24,7.551536254492955,0.907,...
2019-03-03,7.549673636760404,0.907,...
2019-03-10,7.54791035457155,0.907,...
2019-03-17,7.54224527604898,0.907,...
2019-03-24,7.54224527604898,0.907,...
2019-03-31,7.54224527604898,0.907,...
2019-04-07,7.544511986054564,0.907,...
2019-04-14,7.544511986054564,0.907,...
2019-04-21,7.5440304752655045,0.907,...
2019-04-28,7.5440304752655045,0.907,...
2019-05-05,7.5440304752655045,0.907,...
2019-05-12,7.544511986054564,0.907,...
2019-05-19,7.5440304752655045,0.907,...
2019-05-26,7.541802456154094,0.907,...
2019-06-02,7.5400305415254625,0.907,...
2019-06-09,7.539606675046357,0.907,...
2019-06-16,7.533810013245557,0.907,...
2019-06-23,7.530997565145786,0.907,...
2019-06-30,7.53099086258467,0.907,...
2019-07-07,7.52944136592804,0.907,...
2019-07-14,7.52944136592804,0.907,...
2019-07-21,7.527727417458356,0.575,...
2019-07-28,7.5272236260644165,0.575,...
2019-08-04,7.5272236260644165,0.575,...
2019-08-11,7.52944136592804,0.575,...
2019-08-18,7.529807827331205,0.575,...
2019-08-25,7.5298762722689565,0.575,...
2019-09-01,7.5298762722689565,0.575,...
2019-09-08,7.531111501811868,0.575,...
2019-09-15,7.5314331352838195,0.575,...
2019-09-22,7.5314331352838195,0.575,...
2019-09-29,7.533110652203019,0.575,...
2019-10-06,7.54097329896141,0.575,...
2019-10-13,7.542983315243608,0.575,...
2019-10-20,7.543456063062643,0.575,...
2019-10-27,7.544465697013884,0.575,...
2019-11-03,7.545544335971405,0.575,...
2019-11-10,7.545544335971405,0.575,...
2019-11-17,7.54638159372401,0.575,...
2019-11-24,7.54638159372401,0.575,...
2019-12-01,7.548756169878532,0.575,...
2019-12-08,7.548756169878532,0.575,...
2019-12-15,7.5489286705126695,0.575,...
2019-12-22,7.549588112301343,0.575,...
2019-12-29,7.549588112301343,0.575,...
2020-01-05,7.550803188866522,0.575,...
2020-01-12,7.550803188866522,0.575,...
2020-01-19,7.550803188866522,0.575,...
2020-01-26,7.548371557528788,0.575,...
2020-02-02,7.54633407104182,0.575,...
2020-02-09,7.54633407104182,0.575,...
2020-02-16,7.54633407104182,0.575,...
2020-02-23,7.54633407104182,0.575,...
2020-03-01,7.54633407104182,0.575,...
2020-03-08,7.54633407104182,0.575,...
2020-03-15,7.547510912730178,0.575,...
2020-03-22,7.547510912730178,0.575,...
2020-03-29,7.545825701082799,0.575,...
2020-04-05,7.5470031408420475,0.575,...
2020-04-12,7.544980046244542,0.575,...
2020-04-19,7.544980046244542,0.575,...
2020-04-26,7.544980046244542,0.575,...
2020-05-03,7.544980046244542,0.575,...
2020-05-10,7.546200731459372,0.575,...
2020-05-17,7.546538666520974,0.575,...
2020-05-24,7.546200731459372,0.575,...
2020-05-31,7.546200731459372,0.575,...
2020-06-07,7.546538666520974,0.575,...
2020-06-14,7.546200731459372,0.575,...
2020-06-21,7.538914017520513,0.575,...
2020-06-28,7.538149010880864,0.575,...
2020-07-05,7.536298602936863,0.575,...
2020-07-12,7.534570330851735,0.575,...
2020-07-19,7.534570330851735,0.575,...
2020-07-26,7.534498198994669,0.575,...
2020-08-02,7.534570330851735,0.575,...
2020-08-09,7.534570330851735,0.575,...
2020-08-16,7.534917559569435,0.575,...
2020-08-23,7.536086566607177,0.575,...
2020-08-30,7.538121060427699,0.575,...
2020-09-06,7.538121060427699,0.575,...
2020-09-13,7.539314248622748,0.575,...
2020-09-20,7.541821021404983,0.575,...
2020-09-27,7.5431594631023104,0.575,...
2020-10-04,7.546273344327856,0.575,...
2020-10-11,7.54955916390449,0.575,...
2020-10-18,7.54955916390449,0.575,...
2020-10-25,7.552123107814196,0.575,...
2020-11-01,7.552123107814196,0.575,...
2020-11-08,7.553740094788018,0.575,...
2020-11-15,7.557552532908843,0.575,...
2020-11-22,7.557552532908843,0.575,...
2020-11-29,7.546281265412729,0.575,...
2020-12-06,7.557552532908843,0.575,...
2020-12-13,7.557552532908843,0.575,...
2020-12-20,7.557552532908843,0.575,...
2020-12-27,7.553084697436481,0.575,...
2021-01-03,7.552452487500746,0.575,...
2021-01-10,7.552452487500746,0.575,...
2021-01-17,7.553084697436481,0.575,...
2021-01-24,7.553084697436481,0.575,...
2021-01-31,7.552452487500746,0.575,...
2021-02-07,7.552452487500746,0.575,...
2021-02-14,7.556331258020519,0.575,...
2021-02-21,7.556331258020519,0.575,...
2021-02-28,7.556331258020519,0.575,...
2021-03-07,7.556893099096995,0.575,.S.
2021-03-14,7.554772129874511,0.575,...
2021-03-21,7.556893099096995,0.575,...
2021-03-28,7.564316272974039,0.575,...
2021-04-04,7.554772129874511,0.575,...
2021-04-11,7.561264659420123,0.575,...
2021-04-18,7.563980402453505,0.575,...
2021-04-25,7.561264659420123,0.575,...
2021-05-02,7.563688531448038,0.575,...
2021-05-09,7.561264659420123,0.575,...
2021-05-16,7.552420997719177,0.575,...
2021-05-23,7.552420997719177,0.575,...
2021-05-30,7.552420997719177,0.575,...
2021-06-06,7.548866784394956,0.575,...
2021-06-13,7.547494650441435,0.575,...
2021-06-20,7.547494650441435,0.575,...
2021-06-27,7.547494650441435,0.575,...
2021-07-04,7.547494650441435,0.575,...
2021-07-11,7.547494650441435,0.575,...
2021-07-18,7.547494650441435,0.575,...
2021-07-25,7.544378403278344,0.575,...
2021-08-01,7.544378403278344,0.575,...
2021-08-08,7.544378403278344,0.575,...
2021-08-15,7.544599268130452,0.575,...
2021-08-22,7.549498632730259,0.575,...
2021-08-29,7.552760772565858,0.575,...
2021-09-05,7.558131953321956,0.575,...
2021-09-12,7.559766613692317,0.575,...
2021-09-19,7.559766613692317,0.575,...
2021-09-26,7.559766613692317,0.575,...
2021-10-03,7.559766613692317,0.575,...
2021-10-10,7.563249916167592,0.575,...
2021-10-17,7.564020609115754,0.575,...
2021-10-24,7.568566492044513,0.575,...
2021-10-31,7.564020609115754,0.575,...
2021-11-07,7.567956916261957,0.575,...
2021-11-14,7.567956916261957,0.575,...
2021-11-21,7.567015993959502,0.575,...
2021-11-28,7.567015993959502,0.575,...
2021-12-05,7.567956916261957,0.575,...
2021-12-12,7.567956916261957,0.575,...
2021-12-19,7.567956916261957,0.575,...
2021-12-26,7.568336653292172,0.575,...
2022-01-02,7.568336653292172,0.575,...
2022-01-09,7.570306644788881,0.575,...
2022-01-16,7.570367218239041,0.575,...
2022-01-23,7.570367218239041,0.575,...
2022-01-30,7.570367218239041,0.575,...
2022-02-06,7.572515845019999,0.575,...
2022-02-13,7.572515845019999,0.575,...
2022-02-20,7.572515845019999,0.575,...
2022-02-27,7.567894904683858,0.575,...
2022-03-06,7.5645937025262135,0.575,...
2022-03-13,7.564430365472062,0.575,...
2022-03-20,7.561966705784016,0.575,...
2022-03-27,7.561158009262453,0.575,...
2022-04-03,7.561158009262453,0.575,...
2022-04-10,7.561966705784016,0.575,...
2022-04-17,7.559668922016287,0.575,...
2022-04-24,7.563175496854535,0.575,...
2022-05-01,7.563175496854535,0.575,...
2022-05-08,7.563175496854535,0.575,...
2022-05-15,7.563175496854535,0.575,...
2022-05-22,7.561087770019759,0.575,...
2022-05-29,7.5599691306993915,0.575,...
2022-06-05,7.5599691306993915,0.575,...
2022-06-12,7.5599691306993915,0.575,...
2022-06-19,7.559816541308138,0.575,...
2022-06-26,7.5599691306993915,0.575,...
2022-07-03,7.5599691306993915,0.575,...
2022-07-10,7.559816541308138,0.575,...
2022-07-17,7.5566231063503215,0.575,...
2022-07-24,7.556429276287282,0.575,...
2022-07-31,7.555809639264931,0.575,...
2022-08-07,7.554017853642712,0.575,...
2022-08-14,7.553844045028267,0.575,...
2022-08-21,7.553844045028267,0.575,...
2022-08-28,7.553844045028267,0.575,...
2022-09-04,7.553844045028267,0.575,...
2022-09-11,7.5540213469735065,0.575,...
2022-09-18,7.559413576034124,0.575,...
2022-09-25,7.559413576034124,0.575,...
2022-10-02,7.566606864724357,0.575,...
2022-10-09,7.566606864724357,0.575,...
2022-10-16,7.567170721033536,0.575,...
2022-10-23,7.573080664496344,0.575,...
2022-10-30,7.576749357639644,0.575,...
2022-11-06,7.577148812235802,0.575,...
2022-11-13,7.577835512636906,0.575,...
2022-11-20,7.577148812235802,0.575,...
2022-11-27,7.5769490849377235,0.575,...
2022-12-04,7.5769490849377235,,
2022-12-11,7.576742872430893,,
2022-12-18,7.576001175076444,,
2022-12-25,7.571340705743202,0.575,...
2023-01-01,7.567015993959502,0.575,...
2023-01-08,7.569016911591918,0.575,...
2023-01-15,7.567764409428339,0.575,...
2023-01-22,7.567015993959502,0.575,...
2023-01-29,7.567015993959502,0.575,...
2023-02-05,7.56739020169392,0.575,...
2023-02-12,7.567764409428339,0.575,...
2023-02-19,7.5685961864567375,0.575,...
2023-02-26,7.5685961864567375,,
2023-03-05,7.5685961864567375,,
2023-03-12,7.5685961864567375,0.575,...
2023-03-19,7.5685961864567375,0.575,...
2023-03-26,7.568909166221362,0.575,...
2023-04-02,7.568909166221362,0.575,...
2023-04-09,7.570805977939013,0.575,...
2023-04-16,7.572230944664374,0.575,...
2023-04-23,7.572230944664374,,
2023-04-30,7.572389809892042,0.575,...
2023-05-07,7.572072079436706,0.575,...
2023-05-14,7.572072079436706,0.575,...
2023-05-21,7.572230944664374,,
2023-05-28,7.572072079436706,0.575,...
2023-06-04,7.571388681286943,0.575,...
2023-06-11,7.5773804740004245,0.575,...
2023-06-18,7.574384577643684,,
2023-06-25,7.574384577643684,0.575,...
2023-07-02,7.5695112892142635,0.575,...
2023-07-09,7.566599646196991,0.575,...
2023-07-16,7.566599646196991,0.575,...
2023-07-23,7.5616640360553085,0.575,...
2023-07-30,7.558793950487763,0.575,...
2023-08-06,7.558793950487763,,
2023-08-13,7.557438253090664,0.575,...
2023-08-20,7.557438253090664,0.575,...
2023-08-27,7.558469526720207,0.575,...
2023-09-03,7.557113829323108,0.575,...
2023-09-10,7.559825224117305,0.575,...
2023-09-17,7.560999313584496,0.575,...
2023-09-24,7.561453220278699,0.575,...
2023-10-01,7.574145154440319,0.575,.S.
2023-10-08,7.577233291803317,0.575,...
2023-10-15,7.574145154440319,0.575,...
2023-10-22,7.578084089461402,0.575,.S.
2023-10-29,7.578084089461402,0.575,...
2023-11-05,7.5781007142464,0.575,...
2023-11-12,7.5781007142464,0.575,...
2023-11-19,7.573845970561312,0.575,...
2023-11-26,7.573862595346309,,
2023-12-03,7.57692278501238,0.575,...
2023-12-10,7.5742486921457655,0.575,...
2023-12-17,7.572769153298169,0.575,...
2023-12-24,7.572769153298169,0.575,...
2023-12-31,7.5742486921457655,0.575,...
