,value,value_unc,qcflag
1991-01-04,1719.845,2.71,...
1991-01-11,1736.94,2.71,...
1991-01-18,1728.335,2.71,...
1991-01-25,1716.08,2.71,...
1991-02-01,1727.43,2.71,...
1991-02-08,1722.565,2.71,...
1991-02-15,1748.25,2.71,...
1991-02-22,1739.58,2.71,...
1991-03-01,1712.24,2.71,...
1991-03-08,1770.59,2.71,...
1991-03-15,1763.3899999999999,2.71,...
1991-03-22,1736.425,2.71,...
1991-03-29,1758.555,2.71,...
1991-04-05,1745.325,2.71,...
1991-04-12,1723.255,2.71,...
1991-04-19,1768.575,2.71,...
1991-04-26,1739.695,2.71,...
1991-05-03,1753.25,2.71,...
1991-05-10,1744.185,2.71,...
1991-05-17,1752.04,2.71,...
1991-05-24,1762.85,2.71,...
1991-05-31,1752.585,2.71,...
1991-06-07,1732.5900000000001,2.71,...
1991-06-14,1729.005,2.71,...
1991-06-21,1723.465,2.71,...
1991-06-28,1750.515,2.71,...
1991-07-05,1736.065,2.71,...
1991-07-12,1728.5,2.71,...
1991-07-19,1737.8766666666668,2.7099999999999995,...
1991-07-26,1725.525,2.71,...
1991-08-02,1731.2800000000002,2.71,...
1991-08-16,1716.095,2.71,...
1991-08-23,1725.13,2.71,...
1991-08-30,1713.1799999999998,2.71,...
1991-09-06,1710.285,2.71,...
1991-09-13,1736.88,2.71,...
1991-09-20,1752.695,2.71,...
1991-09-27,1741.71,2.71,...
1991-10-04,1755.915,2.71,...
1991-10-11,1745.78,2.71,...
1991-10-18,1747.655,2.71,...
1991-10-25,1749.47,2.71,...
1991-11-01,1758.705,2.71,...
1991-11-08,1760.1799999999998,2.71,...
1991-11-15,1758.02,2.71,...
1991-11-22,1733.075,2.71,...
1991-11-29,1745.04,2.71,...
1991-12-06,1758.025,2.71,...
1991-12-13,1733.97,2.71,...
1991-12-20,1747.455,2.71,...
1991-12-27,1787.175,2.71,...
1991-12-31,1762.46,2.71,...
1992-01-10,1745.46,2.71,...
1992-01-17,1757.7350000000001,2.71,...
1992-01-24,1759.025,2.71,...
1992-01-31,1752.945,2.71,...
1992-02-07,1745.15,2.71,...
1992-02-14,1761.23,2.71,...
1992-02-21,1741.7350000000001,2.71,...
1992-02-28,1737.42,2.71,...
1992-03-06,1756.54,2.71,...
1992-03-13,1763.915,2.71,...
1992-03-26,1747.82,2.71,...
1992-04-03,1745.375,2.71,...
1992-04-10,1752.0300000000002,2.71,...
1992-04-17,1760.425,2.71,...
1992-04-24,1751.77,2.71,...
1992-05-01,1755.395,2.71,...
1992-05-08,1767.9650000000001,2.71,...
1992-05-15,1719.13,2.71,...
1992-05-22,1726.565,2.71,...
1992-05-29,1746.3400000000001,2.71,...
1992-06-05,1744.7849999999999,2.71,...
1992-06-12,1746.63,2.71,...
1992-06-19,1754.6149999999998,2.71,...
1992-06-26,1734.625,2.71,...
1992-07-01,1729.52,2.71,...
1992-07-10,1761.6399999999999,2.71,...
1992-07-17,1739.345,2.71,...
1992-07-24,1709.02,2.71,...
1992-07-31,1744.595,2.71,...
1992-08-07,1721.4499999999998,2.71,...
1992-08-14,1721.67,2.71,...
1992-08-21,1727.7350000000001,2.71,...
1992-09-04,1725.79,2.71,...
1992-09-11,1713.43,2.71,...
1992-09-18,1763.245,2.71,...
1992-09-25,1725.31,2.71,...
1992-10-02,1735.865,2.71,...
1992-10-09,1736.0500000000002,2.71,...
1992-10-16,1723.23,2.71,...
1992-10-23,1742.395,2.71,...
1992-10-30,1771.815,2.71,...
1992-11-06,1712.6550000000002,2.71,...
1992-11-13,1779.005,2.71,...
1992-11-27,1756.52,2.71,...
1992-12-04,1751.4250000000002,2.71,...
1992-12-11,1770.62,2.71,...
1992-12-18,1750.82,2.71,...
1992-12-31,1751.025,2.71,...
1993-01-08,1742.275,2.71,...
1993-01-15,1772.84,2.71,...
1993-01-22,1736.495,2.71,...
1993-01-27,1744.74,2.71,...
1993-01-29,1739.72,2.71,...
1993-02-05,1740.8400000000001,2.71,...
1993-02-12,1743.81,2.71,...
1993-02-19,1734.955,2.71,...
1993-02-26,1738.8049999999998,2.71,...
1993-03-05,1767.955,2.71,...
1993-03-12,1766.5549999999998,2.71,...
1993-03-19,1751.51,2.71,...
1993-03-26,1736.625,2.71,...
1993-04-02,1740.44,2.71,...
1993-04-09,1726.27,2.71,...
1993-04-16,1750.5500000000002,2.71,...
1993-04-23,1756.12,2.71,...
1993-04-30,1749.585,2.71,...
1993-05-07,1748.395,2.71,...
1993-05-14,1753.53,2.71,...
1993-05-21,1755.52,2.71,...
1993-05-28,1754.595,2.71,...
1993-06-04,1729.975,2.71,...
1993-06-11,1747.165,2.71,...
1993-06-18,1742.2399999999998,2.71,...
1993-06-25,1745.8600000000001,2.71,...
1993-07-02,1756.775,2.71,...
1993-07-09,1724.71,2.71,...
1993-07-16,1727.315,2.71,...
1993-07-23,1723.8000000000002,2.71,...
1993-07-30,1731.1399999999999,2.71,...
1993-08-06,1726.995,2.71,...
1993-08-13,1724.495,2.71,...
1993-08-20,1727.99,2.71,...
1993-08-27,1737.855,2.71,...
1993-09-03,1756.4850000000001,2.71,...
1993-09-10,1760.2649999999999,2.71,...
1993-09-23,1729.19,2.71,...
1993-10-08,1751.755,2.71,...
1993-10-15,1776.6799999999998,2.71,...
1993-10-22,1762.0749999999998,2.71,...
1993-10-29,1776.6599999999999,2.71,...
1993-11-05,1754.45,2.71,...
1993-11-12,1775.465,2.71,...
1993-11-19,1776.38,2.71,...
1993-11-26,1767.5500000000002,2.71,...
1993-12-03,1762.5300000000002,2.71,...
1993-12-10,1759.205,2.71,...
1993-12-17,1755.63,2.71,...
1993-12-23,1773.7350000000001,2.71,...
1993-12-30,1756.7350000000001,2.71,...
1994-01-07,1759.045,2.71,...
1994-01-14,1750.295,2.71,...
1994-01-21,1766.48,2.71,...
1994-01-28,1779.005,2.71,...
1994-02-04,1754.65,2.71,...
1994-02-11,1754.8000000000002,2.71,...
1994-02-18,1730.415,2.71,...
1994-02-25,1769.3249999999998,2.71,...
1994-03-04,1731.49,2.71,...
1994-03-11,1735.085,2.71,...
1994-03-18,1768.6950000000002,2.71,...
1994-03-25,1780.42,2.71,...
1994-04-01,1754.09,2.71,...
1994-04-08,1763.255,2.71,...
1994-04-15,1753.3600000000001,2.71,...
1994-04-22,1786.455,2.71,...
1994-04-29,1759.585,2.71,...
1994-05-06,1752.22,2.71,...
1994-05-13,1754.45,2.71,...
1994-05-20,1753.635,2.71,...
1994-05-27,1752.1599999999999,2.71,...
1994-06-03,1753.1,2.71,...
1994-06-08,1738.78,2.71,...
1994-06-10,1747.4850000000001,2.71,...
1994-06-17,1738.43,2.71,...
1994-06-24,1750.12,2.71,...
1994-07-01,1749.1100000000001,2.71,...
1994-07-08,1738.13,2.71,...
1994-07-14,1740.4099999999999,2.71,...
1994-07-21,1731.4099999999999,2.71,...
1994-07-28,1729.815,2.71,...
1994-08-05,1733.76,2.71,...
1994-08-12,1731.14,2.71,...
1994-08-19,1735.73,2.71,...
1994-08-26,1741.9250000000002,2.71,...
1994-09-02,1734.92,2.71,...
1994-09-09,1753.0500000000002,2.71,...
1994-09-16,1755.55,2.71,...
1994-09-23,1774.125,2.71,...
1994-09-30,1766.73,2.71,...
1994-10-07,1769.9099999999999,2.71,...
1994-10-14,1767.655,2.71,...
1994-10-21,1802.2649999999999,2.71,...
1994-10-28,1790.84,2.71,...
1994-11-02,1768.595,2.71,...
1994-11-10,1786.2600000000002,2.71,...
1994-11-18,1765.3200000000002,2.71,...
1994-11-25,1789.5349999999999,2.71,...
1994-11-30,1773.385,2.71,...
1994-12-09,1786.79,2.71,...
1994-12-16,1780.69,2.71,...
1994-12-30,1776.665,2.71,...
1995-01-06,1791.57,2.71,...
1995-01-13,1761.525,2.71,...
1995-01-20,1750.58,2.71,...
1995-01-27,1748.245,2.71,...
1995-02-03,1746.81,2.71,...
1995-02-10,1772.3000000000002,2.71,...
1995-02-17,1747.375,2.71,...
1995-02-24,1766.6399999999999,2.71,...
1995-03-03,1774.85,2.71,...
1995-03-10,1764.06,2.71,...
1995-03-17,1749.5549999999998,2.71,...
1995-03-24,1762.98,2.71,...
1995-03-31,1771.625,2.71,...
1995-04-07,1774.095,2.71,...
1995-04-14,1764.11,2.71,...
1995-04-21,1754.6,2.71,...
1995-04-26,1782.615,2.71,...
1995-05-05,1733.1799999999998,2.71,...
1995-05-12,1754.2649999999999,2.71,...
1995-05-19,1759.975,2.71,...
1995-05-26,1779.66,2.71,...
1995-06-02,1776.2150000000001,2.71,...
1995-06-09,1762.185,2.71,...
1995-06-16,1748.8400000000001,2.71,...
1995-06-21,1765.865,2.71,...
1995-06-30,1748.255,2.71,...
1995-07-07,1746.79,2.71,...
1995-07-14,1745.73,2.71,...
1995-07-21,1753.565,2.71,...
1995-07-28,1736.8049999999998,2.71,...
1995-08-03,1745.44,2.71,...
1995-08-11,1755.2199999999998,2.71,...
1995-08-18,1766.32,2.71,...
1995-08-25,1759.915,2.71,...
1995-09-01,1772.2150000000001,2.71,...
1995-09-08,1740.62,2.71,...
1995-09-15,1742.8249999999998,2.71,...
1995-09-22,1751.0100000000002,2.71,...
1995-09-29,1772.3400000000001,2.71,...
1995-10-06,1776.245,2.71,...
1995-10-13,1791.1799999999998,2.71,...
1995-10-18,1780.17,2.71,...
1995-10-27,1764.025,2.71,...
1995-11-03,1744.405,2.71,...
1995-11-09,1776.185,2.71,...
1995-11-17,1754.955,2.71,...
1995-11-24,1785.41,2.71,...
1995-12-01,1769.4250000000002,2.71,...
1995-12-08,1765.8000000000002,2.71,...
1995-12-15,1770.1750000000002,2.71,...
1996-01-12,1787.835,2.71,...
1996-01-19,1755.6,2.71,...
1996-02-02,1759.2649999999999,2.71,...
1996-02-09,1773.1750000000002,2.71,...
1996-02-16,1759.005,2.71,...
1996-02-23,1793.45,2.71,...
1996-03-01,1780.92,2.71,...
1996-03-08,1775.855,2.71,...
1996-03-15,1756.6950000000002,2.71,...
1996-03-22,1787.23,2.71,...
1996-03-29,1759.43,2.71,...
1996-04-05,1741.21,2.71,...
1996-04-12,1761.48,2.71,...
1996-04-19,1760.8049999999998,2.71,...
1996-04-26,1760.085,2.71,...
1996-05-03,1743.95,2.71,...
1996-05-10,1769.605,2.71,...
1996-05-17,1766.46,2.71,...
1996-05-24,1753.6399999999999,2.71,...
1996-05-31,1740.29,2.71,...
1996-06-07,1755.06,2.71,...
1996-06-14,1751.995,2.71,...
1996-06-21,1761.245,2.71,...
1996-06-28,1742.1750000000002,2.71,...
1996-07-05,1750.78,2.71,...
1996-07-12,1753.575,2.71,...
1996-07-19,1753.21,2.71,...
1996-07-26,1737.1599999999999,2.71,...
1996-08-02,1756.435,2.71,...
1996-08-09,1738.35,2.71,...
1996-08-16,1741.59,2.71,...
1996-08-23,1738.21,2.71,...
1996-08-30,1737.365,2.71,...
1996-09-06,1759.4499999999998,2.71,...
1996-09-13,1772.47,2.71,...
1996-09-20,1782.63,2.71,...
1996-09-27,1793.3899999999999,2.71,...
1996-10-04,1758.295,2.71,...
1996-10-11,1779.94,2.71,...
1996-10-18,1766.905,2.71,...
1996-10-25,1778.56,2.71,...
1996-11-01,1773.995,2.71,...
1996-11-08,1756.115,2.71,...
1996-11-15,1755.725,2.71,...
1996-11-22,1776.0700000000002,2.71,...
1996-11-29,1777.3,2.71,...
1996-12-06,1780.305,2.71,...
1996-12-13,1777.48,2.71,...
1996-12-20,1780.37,2.71,...
1997-01-03,1759.0149999999999,2.71,...
1997-01-10,1759.4450000000002,2.71,...
1997-01-17,1774.125,2.71,...
1997-01-24,1783.475,2.71,...
1997-01-31,1762.15,2.71,...
1997-02-07,1766.4,2.71,...
1997-02-14,1772.965,2.71,...
1997-02-21,1774.995,2.71,...
1997-02-28,1763.48,2.71,...
1997-03-07,1778.0900000000001,2.71,...
1997-03-14,1757.355,2.71,...
1997-03-21,1777.42,2.71,...
1997-03-28,1780.485,2.71,...
1997-04-04,1785.9299999999998,2.71,...
1997-04-11,1786.275,2.71,...
1997-04-18,1787.0700000000002,2.71,...
1997-04-25,1777.83,2.71,...
1997-05-02,1766.245,2.71,...
1997-05-09,1782.665,2.0549999999999997,...
1997-05-16,1784.875,2.0549999999999997,...
1997-05-23,1764.275,2.0549999999999997,...
1997-05-30,1755.5925,1.7275,...
1997-06-06,1785.688,1.924,...
1997-06-13,1788.8,2.0549999999999997,...
1997-06-20,1756.0175,2.0549999999999997,...
1997-06-27,1764.8619999999999,1.924,...
1997-07-03,1765.2599999999998,1.924,...
1997-07-11,1740.6075,2.0549999999999997,...
1997-07-18,1751.3274999999999,2.0549999999999997,...
1997-07-25,1760.3325,2.0549999999999997,...
1997-08-01,1740.2375,1.4,...
1997-08-08,1741.385,1.4,...
1997-08-15,1730.8375,1.4,...
1997-08-22,1760.2350000000001,1.4,...
1997-08-29,1770.3325,1.4,...
1997-09-05,1762.8325,1.4,...
1997-09-12,1770.2166666666665,1.3999999999999997,...
1997-09-26,1802.8775,1.4,...
1997-10-03,1777.2975000000001,1.4,...
1997-10-10,1759.2375,1.4,...
1997-10-17,1793.755,1.4,...
1997-10-24,1792.44,1.4,...
1997-10-31,1782.545,1.4,...
1997-11-07,1784.125,1.4,...
1997-11-14,1773.85,1.4,...
1997-11-21,1791.19,1.4,...
1997-11-28,1780.71,1.4,...
1997-12-05,1785.125,1.4,...
1997-12-12,1792.045,1.4,...
1997-12-19,1786.4775,1.4,...
1998-01-02,1774.45,1.4,...
1998-01-09,1767.7033333333336,1.3999999999999997,...
1998-01-16,1768.935,1.4,...
1998-01-23,1763.67,1.4,...
1998-01-30,1782.9699999999998,1.4,...
1998-02-06,1777.5475,1.4,...
1998-02-13,1753.8925,1.4,...
1998-02-20,1758.6399999999999,1.4,...
1998-02-27,1761.6825,1.4,...
1998-03-06,1783.6525,1.4,...
1998-03-13,1761.55,1.4,...
1998-03-20,1780.29,1.4,...
1998-03-27,1779.6775,1.4,...
1998-04-03,1781.585,1.4,...
1998-04-10,1791.5925,1.4,...
1998-04-17,1772.9525,1.4,...
1998-04-24,1779.3025,1.4,...
1998-05-01,1787.3925,1.4,...
1998-05-08,1779.1175,1.4,...
1998-05-15,1768.3274999999999,1.4,...
1998-05-22,1781.39,1.4,...
1998-05-29,1780.2075,1.4,...
1998-06-05,1781.0625,1.4,...
1998-06-12,1801.355,1.4,...
1998-06-19,1778.4975,1.4,...
1998-06-26,1775.375,1.4,...
1998-07-02,1767.5025,1.4,...
1998-07-10,1755.0149999999999,1.4,...
1998-07-17,1755.8733333333332,1.3999999999999997,...
1998-07-23,1766.655,1.4,...
1998-07-31,1760.215,1.4,...
1998-08-07,1752.7649999999999,1.4,...
1998-08-14,1751.47,1.4,...
1998-08-21,1763.1599999999999,1.4,...
1998-08-28,1766.1399999999999,1.4,...
1998-09-04,1757.5275000000001,1.4,...
1998-09-11,1763.485,1.4,...
1998-09-18,1783.5625,1.4,...
1998-09-25,1781.22,1.4,...
1998-10-02,1767.205,1.4,...
1998-10-09,1787.44,1.4,...
1998-10-16,1785.3525,1.4,...
1998-10-23,1806.17,1.4,...
1998-10-30,1795.4099999999999,1.3999999999999997,...
1998-11-06,1791.9725,1.4,...
1998-11-13,1780.13,1.4,...
1998-11-20,1797.2925,1.4,...
1998-11-27,1799.115,1.4,...
1998-12-04,1819.72,1.4,...
1998-12-11,1809.2475,1.4,...
1998-12-18,1808.8600000000001,1.4,...
1998-12-23,1803.1075,1.4,...
1998-12-30,1792.895,1.4,...
1999-01-08,1788.4975,1.4,...
1999-01-15,1793.0225,1.4,...
1999-01-22,1789.7350000000001,1.4,...
1999-01-29,1808.495,1.4,...
1999-02-05,1800.1025,1.4,...
1999-02-12,1796.8025,1.4,...
1999-02-19,1772.8725,1.4,...
1999-02-26,1779.9625,1.4,...
1999-03-05,1751.875,1.4,...
1999-03-12,1800.4775,1.4,...
1999-03-19,1787.615,1.4,...
1999-03-26,1788.475,1.4,...
1999-04-02,1804.875,1.4,...
1999-04-09,1811.6375,1.4,...
1999-04-16,1799.7175,1.4,...
1999-04-23,1761.5825,1.4,...
1999-04-30,1767.3375,1.4,...
1999-05-07,1788.37,1.4,...
1999-05-14,1773.365,1.4,...
1999-05-21,1766.5025,1.4,...
1999-05-28,1770.9475,1.4,...
1999-06-04,1787.7175,1.4,...
1999-06-11,1757.875,1.4,...
1999-06-18,1761.3575,1.4,...
1999-06-25,1774.6225,1.4,...
1999-07-02,1787.805,1.4,...
1999-07-09,1765.9099999999999,1.4,...
1999-07-16,1761.1924999999999,1.4,...
1999-07-23,1769.1425,1.4,...
1999-08-06,1759.2025,1.4,...
1999-08-13,1764.33,1.3999999999999997,...
1999-08-20,1763.285,1.4,...
1999-08-27,1767.165,1.4,...
1999-09-03,1796.95,1.4,...
1999-09-10,1788.8075,1.4,...
1999-09-17,1776.4675,1.4,...
1999-09-24,1808.525,1.4,...
1999-10-01,1802.54,1.4,...
1999-10-08,1769.35,1.4,...
1999-10-15,1799.9275,1.4,...
1999-10-22,1786.2325,1.4,...
1999-10-29,1801.6,1.4,...
1999-11-05,1785.725,1.4,...
1999-11-12,1815.4575,1.4,...
1999-11-19,1790.54,1.4,...
1999-11-26,1796.9825,1.4,...
1999-12-01,1808.225,1.4,...
1999-12-10,1796.0925,1.4,...
1999-12-17,1796.8600000000001,1.4,...
1999-12-22,1795.6175,1.4,...
1999-12-29,1812.5725,1.4,...
2000-01-07,1800.4775,1.4,...
2000-01-14,1790.37,1.4,...
2000-01-21,1818.075,1.4,...
2000-01-28,1814.2725,1.4,...
2000-02-04,1785.445,1.4,...
2000-02-11,1796.6525000000001,1.4,...
2000-02-18,1783.265,1.4,...
2000-02-25,1793.1225,1.4,...
2000-03-03,1802.7575,1.4,...
2000-03-10,1768.6875,1.4,...
2000-03-17,1803.8975,1.4,...
2000-03-24,1788.2875,1.4,...
2000-03-31,1793.2375,1.4,...
2000-04-07,1790.79,1.3999999999999997,...
2000-04-14,1800.535,1.4,...
2000-04-21,1788.205,1.4,...
2000-04-28,1784.915,1.4,...
2000-05-05,1766.4875,1.4,...
2000-05-12,1774.41,1.4,...
2000-05-19,1765.3325,1.4,...
2000-05-26,1765.44,1.4,...
2000-06-02,1773.7425,1.4,...
2000-06-09,1785.7150000000001,1.4,...
2000-06-16,1763.27,1.4,...
2000-06-23,1785.1174999999998,1.4,...
2000-06-30,1773.0825,1.4,...
2000-07-07,1769.3575,1.4,...
2000-07-14,1765.3225,1.4,...
2000-07-21,1763.0675,1.4,...
2000-07-28,1766.27,1.4,...
2000-08-04,1767.435,1.4,...
2000-08-11,1770.2725,1.4,...
2000-08-18,1764.885,1.4,...
2000-08-25,1761.675,1.4,...
2000-09-01,1758.4299999999998,1.4,...
2000-09-08,1763.325,1.4,...
2000-09-15,1770.2675,1.4,...
2000-09-22,1777.15,1.4,...
2000-09-29,1785.5349999999999,1.4,...
2000-10-06,1799.6266666666668,1.3999999999999997,...
2000-10-13,1794.155,1.4,...
2000-10-27,1804.1975,1.4,...
2000-11-17,1801.5149999999999,1.4,...
2000-11-24,1787.815,1.4,...
2000-12-01,1791.47,1.4,...
2000-12-15,1794.5525,1.4,...
2000-12-22,1786.9724999999999,1.4,...
2000-12-29,1786.8575,1.4,...
2001-01-05,1790.0075,1.4,...
2001-01-12,1785.1625,1.4,...
2001-01-19,1792.8966666666668,1.3999999999999997,...
2001-01-26,1803.3925,1.4,...
2001-02-02,1785.8675,1.4,...
2001-02-09,1767.18,1.4,...
2001-02-16,1812.6775,1.4,...
2001-02-23,1791.005,1.4,...
2001-02-28,1795.05,1.4,...
2001-03-07,1803.7775,1.4,...
2001-03-14,1810.3725,1.4,...
2001-03-21,1814.2825,1.4,...
2001-03-28,1780.0233333333333,1.3999999999999997,...
2001-04-04,1780.365,1.4,...
2001-04-11,1826.3775,1.4,...
2001-04-18,1800.2675,1.4,...
2001-04-25,1782.6233333333332,1.3999999999999997,...
2001-05-02,1801.3125,1.4,...
2001-05-09,1789.4025,1.4,...
2001-05-16,1762.2925,1.4,...
2001-05-23,1784.66,1.4,...
2001-05-30,1781.0149999999999,1.4,...
2001-06-06,1779.7475,1.4,...
2001-06-13,1766.0025,1.4,...
2001-06-20,1780.97,1.4,...
2001-06-27,1757.6375,1.4,...
2001-07-03,1758.6425,1.4,...
2001-07-11,1776.1075,1.4,...
2001-07-18,1783.925,1.4,...
2001-07-25,1769.565,1.4,...
2001-08-01,1767.0925,1.4,...
2001-08-08,1761.385,1.4,...
2001-08-15,1762.435,1.4,...
2001-08-22,1761.8675,1.4,...
2001-08-29,1763.07,1.4,...
2001-09-05,1760.615,1.4,...
2001-09-12,1759.115,1.4,...
2001-09-19,1789.7224999999999,1.4,...
2001-09-26,1821.375,1.4,...
2001-10-03,1777.94,1.4,...
2001-10-10,1804.5433333333333,1.3999999999999997,...
2001-10-17,1782.955,1.4,...
2001-10-24,1760.885,1.4,...
2001-10-31,1804.735,1.4,...
2001-11-07,1785.1775,1.4,...
2001-11-14,1805.995,1.4,...
2001-11-28,1778.1975,1.4,...
2001-12-05,1801.8125,1.4,...
2001-12-12,1821.2775000000001,1.4,...
2001-12-19,1785.7150000000001,1.4,...
2001-12-26,1791.585,1.4,...
2002-01-02,1784.7275,1.4,...
2002-01-09,1786.915,1.4,...
2002-01-16,1798.385,1.4,...
2002-01-23,1781.8075000000001,1.4,...
2002-01-30,1780.12,1.4,...
2002-02-06,1777.37,1.4,...
2002-02-13,1787.9775,1.4,...
2002-02-20,1779.4925,1.4,...
2002-03-01,1786.6,1.4,...
2002-03-06,1781.0349999999999,1.4,...
2002-03-13,1791.6275,1.4,...
2002-03-20,1805.0625,1.4,...
2002-03-27,1790.1475,1.4,...
2002-04-03,1764.5075000000002,1.4,...
2002-04-10,1765.9825,1.4,...
2002-04-17,1782.1875,1.4,...
2002-04-24,1796.715,1.4,...
2002-05-01,1798.6625,1.4,...
2002-05-08,1759.385,1.4,...
2002-05-15,1763.1675,1.4,...
2002-05-22,1782.5375,1.4,...
2002-05-29,1782.51,1.4,...
2002-06-05,1790.2350000000001,1.4,...
2002-06-12,1782.26,1.4,...
2002-06-19,1764.4724999999999,1.4,...
2002-06-26,1771.0175,1.4,...
2002-07-05,1772.8025,1.4,...
2002-07-10,1765.6225,1.4,...
2002-07-17,1762.6025,1.4,...
2002-07-24,1771.1675,1.4,...
2002-07-31,1757.53,1.4,...
2002-08-07,1778.0175,1.4,...
2002-08-14,1759.615,1.4,...
2002-08-21,1760.875,1.4,...
2002-08-28,1768.945,1.4,...
2002-09-04,1779.5825,1.4,...
2002-09-18,1781.545,1.4,...
2002-09-25,1786.1399999999999,1.4,...
2002-10-02,1791.99,1.4,...
2002-10-09,1802.875,1.4,...
2002-10-16,1764.8375,1.4,...
2002-10-23,1814.735,1.4,...
2002-10-30,1822.4075,1.4,...
2002-11-06,1801.5575,1.4,...
2002-11-13,1779.63,1.4,...
2002-11-20,1805.1975,1.4,...
2002-11-27,1796.9075,1.4,...
2002-12-04,1799.355,1.4,...
2002-12-11,1811.995,1.4,...
2002-12-18,1789.17,1.4,...
2002-12-26,1785.1325,1.4,...
2003-01-08,1778.45,1.4,...
2003-01-15,1777.6075,1.4,...
2003-01-22,1803.55,1.4,...
2003-01-29,1787.4575,1.4,...
2003-02-05,1781.235,1.4,...
2003-02-12,1779.145,1.4,...
2003-02-19,1812.1325,1.4,...
2003-02-26,1794.73,1.4,...
2003-03-05,1793.7849999999999,1.4,...
2003-03-12,1800.4825,1.4,...
2003-03-19,1796.81,1.4,...
2003-03-26,1793.14,1.4,...
2003-04-02,1792.2075,1.4,...
2003-04-09,1786.0475000000001,1.4,...
2003-04-16,1801.6925,1.4,...
2003-04-23,1802.5325,1.87,...
2003-04-29,1791.205,1.87,...
2003-05-07,1794.1675,1.87,...
2003-05-14,1765.8899999999999,1.87,...
2003-05-21,1802.1100000000001,1.87,...
2003-05-28,1778.0175,1.87,...
2003-05-30,1776.255,1.87,...
2003-06-04,1778.69,1.87,...
2003-06-06,1800.94,1.87,...
2003-06-11,1796.4,1.87,...
2003-06-13,1793.2649999999999,1.87,...
2003-06-17,1764.85,1.87,...
2003-06-20,1764.57,1.87,...
2003-06-25,1799.125,1.87,...
2003-06-27,1784.455,1.87,...
2003-07-02,1804.3625,1.87,...
2003-07-09,1821.5075,1.87,...
2003-07-16,1775.8966666666668,1.87,...
2003-07-30,1771.775,1.87,...
2003-08-06,1764.77,1.87,...
2003-08-13,1762.77,1.87,...
2003-08-20,1762.165,1.87,...
2003-08-27,1771.4725,1.87,...
2003-09-03,1801.125,1.87,...
2003-09-10,1795.8725,1.87,...
2003-09-17,1804.755,1.87,...
2003-09-24,1778.9975,1.87,...
2003-10-01,1773.21,1.87,...
2003-10-08,1810.825,1.87,...
2003-10-15,1833.63,1.87,...
2003-10-22,1791.6075,1.87,...
2003-10-29,1789.345,1.87,...
2003-11-05,1820.995,1.87,...
2003-11-12,1823.2775,1.87,...
2003-11-19,1829.595,1.87,...
2003-11-26,1793.05,1.87,...
2003-12-03,1777.3825,1.87,...
2003-12-10,1806.57,1.87,...
2003-12-17,1798.4850000000001,1.87,...
2003-12-24,1798.0,1.87,...
2003-12-31,1779.585,1.87,...
2004-01-07,1786.135,1.87,...
2004-01-14,1781.6875,1.87,...
2004-01-21,1788.0925,1.87,...
2004-01-28,1794.1175,1.87,...
2004-02-04,1795.3975,1.87,...
2004-02-11,1831.695,1.87,...
2004-02-18,1789.2175,1.87,...
2004-02-25,1778.165,1.87,...
2004-03-03,1785.5375,1.87,...
2004-03-10,1825.8775,1.87,...
2004-03-17,1820.665,1.87,...
2004-03-24,1784.7725,1.87,...
2004-03-31,1822.5275000000001,1.87,...
2004-04-07,1804.2575,1.87,...
2004-04-14,1805.3625,1.87,...
2004-04-21,1822.04,1.87,...
2004-04-28,1794.915,1.87,...
2004-05-05,1797.905,1.87,...
2004-05-12,1778.0725,1.87,...
2004-05-19,1767.2224999999999,1.87,...
2004-05-26,1808.33,1.87,...
2004-06-02,1780.5575,1.87,...
2004-06-09,1776.1325,1.87,...
2004-06-16,1786.6,1.87,...
2004-06-23,1767.745,1.87,...
2004-06-30,1762.06,1.87,...
2004-07-07,1779.4025,1.87,...
2004-07-14,1806.02,1.87,...
2004-07-21,1775.8125,1.87,...
2004-07-28,1766.4925,1.87,...
2004-08-04,1755.8525,1.87,...
2004-08-11,1770.6075,1.87,...
2004-08-18,1760.3533333333335,1.87,...
2004-08-25,1778.0125,1.87,...
2004-09-01,1786.4499999999998,1.87,...
2004-09-08,1777.1425,1.87,...
2004-09-15,1765.465,1.87,...
2004-09-22,1786.6174999999998,1.87,...
2004-09-29,1773.5125,1.87,...
2004-10-06,1816.9225,1.87,...
2004-10-13,1776.7350000000001,1.87,...
2004-10-20,1793.3875,1.87,...
2004-10-27,1784.0349999999999,1.87,...
2004-11-02,1778.62,1.87,...
2004-11-10,1812.5675,1.87,...
2004-11-17,1812.5775,1.87,...
2004-11-24,1798.17,1.87,...
2004-12-01,1809.9099999999999,1.87,...
2004-12-08,1797.635,1.87,...
2004-12-15,1791.1725000000001,1.87,...
2004-12-22,1795.515,1.87,...
2004-12-29,1784.035,1.87,...
2005-01-05,1790.8425,1.87,...
2005-01-12,1803.175,1.87,...
2005-01-19,1774.6875,1.87,...
2005-01-26,1786.3025,1.87,...
2005-02-02,1792.02,1.87,...
2005-02-09,1781.5375,1.87,...
2005-02-16,1808.19,1.87,...
2005-02-23,1805.8400000000001,1.87,...
2005-03-02,1819.2275,1.87,...
2005-03-09,1776.615,1.87,...
2005-03-16,1822.4,1.87,...
2005-03-23,1780.7075,1.87,...
2005-03-30,1812.2649999999999,1.87,...
2005-04-06,1799.4975,1.87,...
2005-04-13,1785.68,1.87,...
2005-04-19,1796.73,1.87,...
2005-04-27,1787.475,1.87,...
2005-05-04,1771.2425,1.87,...
2005-05-11,1777.1125000000002,1.87,...
2005-05-18,1770.68,1.87,...
2005-05-25,1790.76,1.87,...
2005-06-01,1794.5600000000002,1.87,...
2005-06-08,1771.6075,1.87,...
2005-06-15,1765.375,1.87,...
2005-06-22,1803.145,1.87,...
2005-06-29,1771.0075,1.87,...
2005-07-06,1771.2725,1.87,...
2005-07-13,1761.6025,1.87,...
2005-07-20,1773.4175,1.87,...
2005-07-26,1774.4275,1.87,...
2005-08-03,1764.4524999999999,1.87,...
2005-08-10,1765.0625,2.05,...
2005-08-16,1761.255,2.05,...
2005-08-24,1778.57,2.05,...
2005-08-31,1771.8075,2.05,...
2005-09-07,1767.52,2.05,...
2005-09-14,1780.93,2.05,...
2005-09-21,1796.4075,2.05,...
2005-09-28,1805.2625,2.05,...
2005-10-05,1803.1175,2.05,...
2005-10-12,1809.48,2.05,...
2005-10-19,1803.6875,2.05,...
2005-10-26,1804.5475000000001,2.05,...
2005-11-02,1797.31,2.05,...
2005-11-09,1811.9975,2.05,...
2005-11-16,1814.3175,2.05,...
2005-11-23,1792.0625,2.05,...
2005-11-30,1777.8274999999999,2.05,...
2005-12-07,1814.8274999999999,2.05,...
2005-12-14,1802.0775,2.05,...
2005-12-21,1791.01,2.05,...
2005-12-28,1799.0125,2.05,...
2006-01-04,1799.5900000000001,2.05,...
2006-01-11,1795.3225,2.05,...
2006-01-18,1799.4975,2.05,...
2006-01-25,1779.835,2.05,...
2006-02-01,1784.8575,2.05,...
2006-02-08,1793.4099999999999,2.05,...
2006-02-15,1802.0549999999998,2.05,...
2006-02-22,1778.8925,2.05,...
2006-03-01,1764.7166666666665,2.05,...
2006-03-08,1793.4275,2.05,...
2006-03-15,1788.0375,2.05,...
2006-03-22,1777.7325,2.05,...
2006-03-29,1771.4775,2.05,...
2006-04-05,1799.145,2.05,...
2006-04-12,1811.8925,2.05,...
2006-04-19,1803.875,2.05,...
2006-04-26,1797.5125,2.05,...
2006-05-03,1814.1825,2.05,...
2006-05-10,1803.885,2.05,...
2006-05-17,1787.1275,2.05,...
2006-05-24,1798.575,2.05,...
2006-05-31,1784.8175,2.05,...
2006-06-07,1775.3425,2.05,...
2006-06-14,1790.9099999999999,2.05,...
2006-06-21,1774.06,2.05,...
2006-06-29,1762.81,2.05,...
2006-07-05,1763.5775,2.05,...
2006-07-12,1779.83,2.05,...
2006-07-19,1765.4125,2.05,...
2006-07-26,1764.1275,2.05,...
2006-08-02,1752.5625,2.05,...
2006-08-09,1757.48,2.05,...
2006-08-16,1763.1925,2.05,...
2006-08-23,1769.4975,2.05,...
2006-08-30,1761.8125,2.05,...
2006-09-06,1776.2525,2.05,...
2006-09-13,1767.2775,2.05,...
2006-09-20,1785.3225,2.05,...
2006-09-27,1776.1075,2.05,...
2006-10-04,1775.7175,2.05,...
2006-10-11,1794.065,2.05,...
2006-10-18,1798.31,2.05,...
2006-10-25,1803.26,2.05,...
2006-11-01,1787.625,2.05,...
2006-11-08,1779.62,2.05,...
2006-11-15,1780.7475,2.05,...
2006-11-22,1792.485,2.05,...
2006-11-29,1799.9450000000002,2.05,...
2006-12-06,1799.255,2.05,...
2006-12-13,1790.76,2.05,...
2006-12-20,1804.27,2.05,...
2006-12-27,1792.115,2.05,...
2007-01-03,1794.025,2.05,...
2007-01-10,1800.1275,2.05,...
2007-01-17,1789.3775,2.05,...
2007-01-24,1806.4099999999999,2.05,...
2007-01-31,1788.2475,2.05,...
2007-02-07,1796.2475,2.05,...
2007-02-14,1829.22,2.05,...
2007-02-21,1817.6025,2.05,...
2007-02-28,1805.01,2.05,...
2007-03-06,1770.66,2.05,...
2007-03-13,1785.1825,2.05,...
2007-03-21,1815.4375,2.05,...
2007-03-28,1802.1025,2.05,...
2007-04-05,1805.14,2.05,...
2007-04-11,1796.675,2.05,...
2007-04-18,1817.295,2.05,...
2007-04-25,1803.28,2.05,...
2007-05-02,1795.8975,2.05,...
2007-05-09,1779.565,2.05,...
2007-05-16,1789.6525,2.05,...
2007-05-23,1801.4733333333334,2.05,...
2007-05-30,1792.3625,2.05,...
2007-06-06,1793.46,2.05,...
2007-06-13,1789.8525,2.05,...
2007-06-20,1772.96,2.05,...
2007-06-27,1765.75,2.05,...
2007-07-05,1767.6950000000002,2.05,...
2007-07-11,1774.335,2.05,...
2007-07-18,1770.475,2.05,...
2007-07-25,1785.455,2.05,...
2007-08-01,1764.9975,2.05,...
2007-08-08,1768.9724999999999,2.05,...
2007-08-15,1771.0825,2.05,...
2007-08-22,1802.7275,2.05,...
2007-08-29,1777.2,2.05,...
2007-09-05,1774.1725,2.05,...
2007-09-13,1809.6875,2.05,...
2007-09-20,1779.24,2.05,...
2007-09-27,1795.0425,2.05,...
2007-10-04,1816.9775,2.05,...
2007-10-11,1800.7075,2.05,...
2007-10-17,1792.7375,2.05,...
2007-10-25,1794.51,2.05,...
2007-11-01,1819.1575,2.05,...
2007-11-08,1802.5375,2.05,...
2007-11-15,1802.665,2.05,...
2007-11-21,1819.67,2.05,...
2007-11-28,1781.9075,2.05,...
2007-12-07,1810.52,2.05,...
2007-12-13,1802.7475,2.05,...
2007-12-20,1813.6025,2.05,...
2007-12-26,1794.085,2.05,...
2008-01-02,1816.9375,2.05,...
2008-01-10,1794.655,1.31,...
2008-01-17,1813.395,1.31,...
2008-01-24,1811.4425,1.31,...
2008-01-31,1828.5575000000001,1.31,...
2008-02-07,1796.4724999999999,2.05,...
2008-02-14,1811.1,1.31,...
2008-02-20,1790.0225,2.05,...
2008-02-28,1774.3025,1.31,...
2008-03-06,1820.0975,1.31,...
2008-03-13,1785.185,2.05,...
2008-03-20,1784.5725,2.05,...
2008-03-27,1785.705,2.05,...
2008-04-03,1825.3899999999999,1.31,...
2008-04-10,1773.3374999999999,2.05,...
2008-04-17,1779.6475,1.31,...
2008-04-24,1786.0025,1.31,...
2008-05-01,1787.8425,1.31,...
2008-05-08,1816.4925,1.31,...
2008-05-14,1806.705,1.31,...
2008-05-22,1798.17,1.31,...
2008-05-29,1782.0925,1.31,...
2008-06-05,1787.93,1.31,...
2008-06-10,1799.305,1.31,...
2008-06-19,1799.06,1.31,...
2008-06-26,1783.175,2.05,...
2008-07-03,1779.6125000000002,1.31,...
2008-07-10,1776.6275,1.31,...
2008-07-17,1793.81,2.05,...
2008-07-24,1776.07,1.31,...
2008-07-31,1775.1525000000001,1.31,...
2008-08-08,1784.8474999999999,1.31,...
2008-08-14,1770.465,1.31,...
2008-08-21,1787.2275,2.05,...
2008-08-26,1790.81,2.05,...
2008-09-04,1777.43,2.05,...
2008-09-11,1802.3274999999999,1.31,...
2008-09-18,1781.9125,2.05,...
2008-09-25,1776.905,2.05,...
2008-10-02,1817.83,1.31,...
2008-10-09,1833.0825,2.05,...
2008-10-16,1819.6625,1.31,...
2008-10-23,1828.0075,1.31,...
2008-10-30,1808.4075,1.31,...
2008-11-06,1789.7375,1.68,...
2008-11-13,1824.365,1.31,...
2008-11-20,1820.0125,1.31,...
2008-11-26,1799.865,1.31,...
2008-12-04,1815.4325,2.05,...
2008-12-11,1797.135,1.31,...
2008-12-17,1819.7775000000001,2.05,...
2008-12-24,1820.415,1.31,...
2009-01-02,1807.805,2.05,...
2009-01-08,1814.2375,2.05,...
2009-01-15,1817.91,2.05,...
2009-01-22,1825.57,2.05,...
2009-01-29,1832.0700000000002,2.05,...
2009-02-05,1806.4375,1.68,...
2009-02-12,1798.3600000000001,2.05,...
2009-02-19,1802.5225,1.31,...
2009-02-26,1819.2325,1.31,...
2009-03-05,1815.35,1.31,...
2009-03-12,1844.0,2.05,...
2009-03-19,1793.275,1.31,...
2009-03-25,1818.4275,2.05,...
2009-04-02,1819.145,1.31,...
2009-04-09,1812.025,2.05,...
2009-04-16,1794.88,1.31,...
2009-04-23,1785.385,1.31,...
2009-04-30,1810.625,2.05,...
2009-05-07,1796.965,1.31,...
2009-05-14,1809.2125,1.68,...
2009-05-21,1814.19,1.31,...
2009-05-28,1796.2175,1.68,...
2009-06-03,1808.655,1.31,...
2009-06-11,1807.3225,1.31,...
2009-06-17,1793.4825,1.31,...
2009-06-24,1811.925,1.31,...
2009-07-02,1811.6825,2.05,...
2009-07-09,1788.395,2.05,...
2009-07-16,1789.5975,2.05,...
2009-07-21,1787.6975,2.05,...
2009-07-30,1790.67,1.31,...
2009-08-06,1797.105,1.31,...
2009-08-13,1780.2150000000001,2.05,...
2009-08-18,1787.5075,2.05,...
2009-08-25,1786.3674999999998,1.31,...
2009-09-01,1797.3799999999999,1.31,...
2009-09-08,1790.4275,1.31,...
2009-09-15,1804.5525,1.31,...
2009-09-22,1796.8899999999999,1.31,...
2009-09-30,1824.6799999999998,1.31,...
2009-10-06,1815.88,1.31,...
2009-10-13,1822.445,2.05,...
2009-10-20,1797.84,1.31,...
2009-10-27,1803.1325,1.31,...
2009-11-03,1804.965,1.31,...
2009-11-10,1813.99,1.31,...
2009-11-17,1822.6475,1.31,...
2009-11-23,1820.99,1.31,...
2009-12-01,1824.1575,1.31,...
2009-12-09,1810.9575,1.31,...
2009-12-15,1801.205,1.31,...
2009-12-23,1835.1575,1.31,...
2009-12-29,1808.9475,1.31,...
2010-01-05,1810.545,1.31,...
2010-01-12,1800.5675,1.31,...
2010-01-20,1811.21,1.31,...
2010-01-26,1791.3025,1.31,...
2010-02-02,1835.585,1.31,...
2010-02-09,1829.115,1.31,...
2010-02-16,1797.3,1.31,...
2010-02-23,1799.71,1.31,...
2010-03-02,1850.4850000000001,1.31,...
2010-03-09,1839.15,1.11,...
2010-03-16,1822.025,1.31,...
2010-03-23,1807.025,0.91,...
2010-03-30,1799.53,1.31,...
2010-04-07,1824.9375,1.31,...
2010-04-13,1821.065,0.91,...
2010-04-20,1821.995,0.91,...
2010-04-28,1816.5774999999999,0.91,...
2010-05-04,1808.79,0.91,...
2010-05-11,1810.9650000000001,1.31,...
2010-05-18,1822.9175,1.31,...
2010-05-26,1832.705,1.31,...
2010-06-01,1819.25,0.91,...
2010-06-08,1803.7275,1.31,...
2010-06-15,1790.4325,0.91,...
2010-06-22,1791.835,0.91,...
2010-06-29,1782.9225000000001,1.11,...
2010-07-06,1796.7575,1.31,...
2010-07-13,1804.685,1.31,...
2010-07-20,1792.06,1.31,...
2010-07-27,1788.4975,0.91,...
2010-08-03,1807.8725,0.91,...
2010-08-10,1795.12,0.91,...
2010-08-17,1795.6975,0.91,...
2010-08-24,1811.2775,1.31,...
2010-08-31,1793.79,1.31,...
2010-09-07,1819.8325,1.31,...
2010-09-14,1804.9825,1.11,...
2010-09-21,1816.2975,1.31,...
2010-09-28,1824.3225,1.31,...
2010-10-05,1810.725,1.31,...
2010-10-12,1830.545,1.31,...
2010-10-19,1811.9225000000001,1.31,...
2010-10-26,1832.1875,1.31,...
2010-11-02,1837.225,0.91,...
2010-11-09,1849.125,0.91,...
2010-11-16,1828.98,0.91,...
2010-11-23,1825.72,0.91,...
2010-11-30,1834.8725,0.91,...
2010-12-07,1833.79,1.31,...
2010-12-14,1797.835,0.91,...
2010-12-21,1814.4925,1.31,...
2010-12-28,1793.8975,0.91,...
2011-01-04,1840.5525,0.91,...
2011-01-11,1823.73,1.31,...
2011-01-18,1845.0975,1.31,...
2011-01-25,1814.3125,1.31,...
2011-02-01,1837.2775,1.31,...
2011-02-08,1819.4225000000001,1.31,...
2011-02-15,1811.0575,0.91,...
2011-02-22,1813.8775,1.31,...
2011-03-01,1823.5225,1.31,...
2011-03-05,1815.4675,0.91,...
2011-03-09,1799.225,1.31,...
2011-03-15,1809.42,1.31,...
2011-03-22,1804.7425,1.31,...
2011-03-29,1841.7150000000001,0.91,...
2011-04-12,1817.55,1.31,...
2011-04-19,1798.4325,1.31,...
2011-04-26,1826.7975,0.91,...
2011-05-03,1802.4075,1.31,...
2011-05-10,1788.08,1.31,...
2011-05-17,1825.095,1.31,...
2011-05-24,1839.9975,1.31,...
2011-05-31,1801.8175,0.91,...
2011-06-07,1801.405,0.91,...
2011-06-14,1803.9025,1.31,...
2011-06-21,1811.2925,1.31,...
2011-06-28,1817.7275,0.91,...
2011-07-05,1801.2933333333333,0.91,...
2011-07-12,1802.95,0.91,...
2011-07-19,1806.8475,0.91,...
2011-07-26,1800.9725,1.31,...
2011-08-02,1801.5725,1.31,...
2011-08-09,1787.1325000000002,1.31,...
2011-08-17,1792.7225,1.31,...
2011-08-23,1799.375,1.31,...
2011-08-30,1817.8925,1.31,...
2011-09-06,1826.8625,0.91,...
2011-09-13,1800.6875,0.91,...
2011-09-19,1793.1375,0.91,...
2011-09-27,1839.3375,0.91,...
2011-10-04,1801.185,1.31,...
2011-10-11,1831.24,1.31,...
2011-10-18,1838.3600000000001,0.91,...
2011-10-25,1810.0025,0.91,...
2011-11-01,1835.905,0.91,...
2011-11-08,1817.665,0.91,...
2011-11-15,1836.15,0.91,...
2011-11-22,1812.7,0.91,...
2011-11-29,1842.3633333333335,0.91,...
2011-12-06,1831.1975,1.31,...
2011-12-13,1826.025,1.31,...
2011-12-20,1832.6999999999998,0.91,...
2011-12-27,1835.7625,1.31,...
2012-01-03,1826.0125,0.91,...
2012-01-10,1850.6025,0.91,...
2012-01-17,1811.3274999999999,1.31,...
2012-01-24,1828.1625,1.31,...
2012-01-31,1814.9625,1.11,...
2012-02-07,1811.1875,0.91,...
2012-02-14,1829.4375,0.91,...
2012-02-23,1833.415,0.91,...
2012-02-28,1820.4325000000001,0.91,...
2012-03-06,1806.73,0.91,...
2012-03-13,1808.0233333333333,0.91,...
2012-03-20,1825.4025000000001,0.91,...
2012-03-27,1841.7325,0.91,...
2012-04-03,1824.9850000000001,0.91,...
2012-04-10,1843.3274999999999,0.91,...
2012-04-17,1831.3700000000001,1.11,...
2012-04-24,1838.335,1.11,...
2012-05-01,1835.395,0.91,...
2012-05-08,1827.005,0.91,...
2012-05-14,1844.39,1.31,...
2012-05-22,1803.48,1.31,...
2012-05-29,1847.6725000000001,0.91,...
2012-06-05,1804.9,0.91,...
2012-06-12,1813.2225,0.91,...
2012-06-19,1810.875,0.91,...
2012-06-26,1804.75,0.91,...
2012-07-03,1818.88,0.91,...
2012-07-10,1802.55,0.91,...
2012-07-17,1799.9424999999999,0.91,...
2012-07-24,1803.8225,0.91,...
2012-07-31,1796.7775,0.91,...
2012-08-07,1800.6525,0.91,...
2012-08-14,1813.1100000000001,0.91,...
2012-08-21,1810.0266666666666,0.91,...
2012-08-30,1797.15,0.91,...
2012-09-04,1808.165,0.91,...
2012-09-11,1813.4166666666667,0.91,...
2012-09-18,1817.0775,0.91,...
2012-09-25,1813.95,0.91,...
2012-10-02,1837.0425,0.91,...
2012-10-09,1813.7325,0.91,...
2012-10-16,1836.795,0.91,...
2012-10-23,1824.8125,0.91,...
2012-10-30,1842.69,0.91,...
2012-11-06,1820.6875,0.91,...
2012-11-13,1847.0900000000001,0.91,...
2012-11-20,1836.6075,0.91,...
2012-11-27,1858.3125,0.91,...
2012-12-04,1805.9525,0.91,...
2012-12-11,1836.135,1.31,...
2012-12-18,1849.605,0.91,...
2012-12-27,1838.5575000000001,0.91,...
2013-01-03,1831.7,0.91,...
2013-01-08,1832.3725,0.91,...
2013-01-15,1828.885,1.11,...
2013-01-22,1821.835,1.11,...
2013-01-29,1840.6425,1.31,...
2013-02-05,1850.455,0.91,...
2013-02-12,1819.885,1.31,...
2013-02-19,1848.105,1.31,...
2013-02-26,1829.735,1.31,...
2013-03-05,1857.855,0.91,...
2013-03-12,1824.7,1.31,...
2013-03-19,1848.63,1.31,...
2013-03-26,1832.3899999999999,0.91,...
2013-04-02,1850.6399999999999,0.91,...
2013-04-09,1831.3474999999999,0.91,...
2013-04-15,1808.8674999999998,0.91,...
2013-04-23,1819.2825,0.91,...
2013-04-30,1835.6425,1.31,...
2013-05-07,1827.9,1.31,...
2013-05-14,1820.305,0.91,...
2013-05-21,1839.0375,1.31,...
2013-05-28,1845.95,1.31,...
2013-06-04,1809.7825,1.31,...
2013-06-11,1800.345,0.91,...
2013-06-18,1809.7925,1.31,...
2013-06-25,1810.4575,0.91,...
2013-07-02,1815.925,0.91,...
2013-07-09,1808.2475,0.91,...
2013-07-16,1806.9925,0.91,...
2013-07-23,1798.3575,0.91,...
2013-07-30,1799.79,0.91,...
2013-08-06,1808.5225,0.91,...
2013-08-13,1823.1175,0.91,...
2013-08-20,1810.71,1.11,...
2013-08-27,1818.8400000000001,1.31,...
2013-09-03,1813.9825,1.11,...
2013-09-10,1832.83,1.31,...
2013-09-17,1855.1175,0.91,...
2013-09-24,1854.6275,1.31,...
2013-10-03,1842.6325,0.91,...
2013-10-08,1840.8475,1.11,...
2013-10-15,1839.3975,1.31,...
2013-10-22,1836.84,1.31,...
2013-10-29,1852.7325,1.31,...
2013-11-05,1831.4175,1.11,...
2013-11-12,1858.4125,0.91,...
2013-11-19,1809.3175,0.91,...
2013-11-26,1855.595,0.91,...
2013-12-03,1851.305,0.91,...
2013-12-10,1820.9775,1.31,...
2013-12-17,1878.28,0.91,...
2013-12-24,1845.9875,0.91,...
2013-12-31,1843.9650000000001,0.91,...
2014-01-07,1850.8925,0.91,...
2014-01-14,1830.23,1.31,...
2014-01-21,1842.33,1.31,...
2014-01-28,1860.0900000000001,0.91,...
2014-01-30,1834.72,0.91,...
2014-02-04,1829.8025,1.31,...
2014-02-11,1820.875,1.31,...
2014-02-18,1828.3175,1.11,...
2014-02-25,1820.35,1.31,...
2014-03-06,1837.6174999999998,0.91,...
2014-03-11,1840.795,1.31,...
2014-03-18,1872.055,0.91,...
2014-03-25,1847.4675,0.91,...
2014-04-02,1848.9425,0.91,...
2014-04-08,1865.945,0.91,...
2014-04-15,1862.9575,0.91,...
2014-04-22,1840.935,0.91,...
2014-04-28,1854.4225000000001,0.91,...
2014-05-06,1850.2075,0.91,...
2014-05-13,1839.3125,0.91,...
2014-05-20,1839.825,0.91,...
2014-05-27,1840.325,0.91,...
2014-06-03,1843.73,0.91,...
2014-06-10,1827.15,0.91,...
2014-06-17,1840.3275,0.91,...
2014-06-24,1834.5675,0.91,...
2014-07-01,1810.4825,0.91,...
2014-07-08,1829.28,0.91,...
2014-07-15,1814.0575,0.91,...
2014-07-22,1811.49,0.91,...
2014-07-29,1816.1025,0.91,...
2014-08-05,1820.625,0.91,...
2014-08-12,1817.9099999999999,0.91,...
2014-08-19,1835.7075,0.91,...
2014-08-26,1831.46,0.91,...
2014-09-02,1832.9725,0.91,...
2014-09-09,1824.01,0.91,...
2014-09-16,1845.8899999999999,0.91,...
2014-09-23,1862.795,0.91,...
2014-09-30,1852.135,0.91,...
2014-10-07,1832.82,0.91,...
2014-10-14,1843.5525,0.91,...
2014-10-21,1828.6175,0.91,...
2014-10-28,1909.77,0.91,.S.
2014-11-04,1843.8375,0.91,...
2014-11-12,1864.7775000000001,0.91,...
2014-11-18,1878.15,0.91,...
2014-11-25,1847.4375,0.91,...
2014-12-02,1867.9375,0.91,...
2014-12-09,1855.7775,0.91,...
2014-12-14,1850.3275,0.91,...
2014-12-23,1867.79,0.91,...
2014-12-31,1875.5625,0.91,...
2015-01-06,1852.945,0.91,...
2015-01-13,1869.1175,0.91,...
2015-01-20,1839.005,0.91,...
2015-01-27,1847.7649999999999,0.91,...
2015-02-03,1847.9524999999999,0.91,...
2015-02-10,1831.1825,0.91,...
2015-02-17,1832.46,0.91,...
2015-02-24,1873.6225,0.91,...
2015-03-03,1854.6750000000002,0.91,...
2015-03-10,1885.5625,0.91,...
2015-03-17,1844.6625,0.91,...
2015-03-24,1842.5725,0.91,...
2015-03-31,1858.4375,0.91,...
2015-04-07,1875.5175,0.91,...
2015-04-14,1872.2125,0.91,...
2015-04-21,1857.24,0.91,...
2015-04-28,1869.915,0.91,...
2015-05-05,1869.5325,0.91,...
2015-05-12,1864.925,0.91,...
2015-05-19,1862.8049999999998,0.91,...
2015-05-26,1856.7525,0.91,...
2015-06-02,1847.835,0.91,...
2015-06-09,1869.7825,0.91,...
2015-06-16,1834.5175,0.91,...
2015-06-23,1825.4325000000001,0.91,...
2015-06-30,1830.465,0.91,...
2015-07-07,1832.73,0.91,...
2015-07-14,1827.7849999999999,0.91,...
2015-07-21,1852.6875,0.91,...
2015-07-28,1828.5925,0.91,...
2015-08-04,1836.295,0.91,...
2015-08-13,1828.08,0.91,...
2015-08-18,1822.3325,0.91,...
2015-08-25,1809.6825,0.91,...
2015-09-02,1821.415,0.91,...
2015-09-08,1849.2925,0.91,...
2015-09-15,1842.455,0.91,...
2015-09-22,1844.0475000000001,0.91,...
2015-09-29,1866.4575,0.91,...
2015-10-06,1865.3825000000002,0.91,...
2015-10-13,1827.2649999999999,0.91,...
2015-10-20,1871.0875,0.91,...
2015-10-27,1877.9175,0.91,...
2015-11-03,1854.6225,0.91,...
2015-11-10,1868.7425,0.91,...
2015-11-17,1875.0025,0.91,...
2015-11-24,1856.1925,0.91,...
2015-12-01,1858.2875,0.91,...
2015-12-08,1863.1466666666665,0.91,...
2015-12-15,1883.82,0.91,...
2015-12-22,1870.295,0.91,...
2015-12-29,1849.8700000000001,0.91,...
2016-01-05,1856.5525,0.91,...
2016-01-12,1850.355,0.91,...
2016-01-19,1844.8400000000001,0.91,...
2016-01-26,1870.3525,0.91,...
2016-02-02,1853.53,0.91,...
2016-02-09,1878.4225000000001,0.91,...
2016-02-16,1849.7649999999999,0.91,...
2016-02-23,1870.7275,0.91,...
2016-03-01,1860.6525,0.91,...
2016-03-08,1838.7975000000001,0.91,...
2016-03-15,1865.69,0.91,...
2016-03-24,1869.275,0.91,...
2016-03-29,1872.7375,0.91,...
2016-04-05,1871.955,0.91,...
2016-04-12,1880.81,0.91,...
2016-04-19,1883.14,0.91,...
2016-04-26,1864.3225,0.91,...
2016-05-03,1868.845,0.91,...
2016-05-10,1887.59,0.91,...
2016-05-17,1848.1125,0.91,...
2016-05-24,1877.5049999999999,0.91,...
2016-05-31,1871.8600000000001,0.91,...
2016-06-07,1855.4775,0.91,...
2016-06-16,1861.3874999999998,0.91,...
2016-06-21,1853.3600000000001,0.91,...
2016-06-28,1836.605,0.91,...
2016-07-05,1832.875,0.91,...
2016-07-13,1843.7575,0.91,...
2016-07-19,1832.7725,0.91,...
2016-07-26,1833.495,0.91,...
2016-08-03,1828.3474999999999,0.91,...
2016-08-09,1831.43,0.91,...
2016-08-16,1846.375,0.91,...
2016-08-23,1828.7124999999999,0.91,...
2016-08-30,1854.23,0.91,...
2016-09-06,1891.3825,0.91,...
2016-09-13,1845.09,0.91,...
2016-09-20,1874.8775,0.91,...
2016-09-27,1867.2649999999999,0.91,...
2016-10-04,1867.25,0.91,...
2016-10-11,1874.28,0.91,...
2016-10-18,1869.7649999999999,0.91,...
2016-10-25,1872.515,0.91,...
2016-11-01,1872.3925,0.91,...
2016-11-08,1884.2125,0.91,...
2016-11-15,1901.0,0.91,...
2016-11-22,1879.7224999999999,0.91,...
2016-11-29,1871.7325,0.91,...
2016-12-06,1819.3125,0.91,...
2016-12-13,1887.78,0.91,...
2016-12-20,1852.9375,0.91,...
2016-12-27,1861.52,0.91,...
2017-01-03,1871.65,0.91,...
2017-01-11,1853.8975,0.91,...
2017-01-18,1871.385,0.91,...
2017-01-25,1906.98,0.91,...
2017-02-01,1883.825,0.91,...
2017-02-08,1856.695,0.91,...
2017-02-16,1844.6299999999999,0.91,...
2017-02-23,1871.9875,0.91,...
2017-02-28,1888.5875,0.91,...
2017-03-07,1855.9,0.91,...
2017-03-14,1861.6675,0.91,...
2017-03-21,1849.045,0.91,...
2017-03-28,1868.56,0.91,...
2017-04-04,1868.455,0.91,...
2017-04-11,1863.6,0.91,...
2017-04-18,1892.6425,0.91,...
2017-04-25,1859.865,0.91,...
2017-05-02,1853.2425,0.91,...
2017-05-09,1869.1525,0.91,...
2017-05-16,1873.4725,0.91,...
2017-05-23,1871.82,0.91,...
2017-05-30,1870.45,0.91,...
2017-06-06,1876.6,0.91,...
2017-06-13,1859.05,0.91,...
2017-06-19,1840.9975,0.91,...
2017-06-27,1845.5375,0.91,...
2017-07-03,1839.105,0.91,...
2017-07-11,1840.6625,0.91,...
2017-07-18,1851.6875,0.91,...
2017-07-25,1833.485,0.91,...
2017-08-01,1846.5575,0.91,...
2017-08-08,1832.7525,0.91,...
2017-08-15,1838.98,0.91,...
2017-08-22,1839.855,0.91,...
2017-08-29,1834.3375,0.91,...
2017-09-05,1846.4025,0.91,...
2017-09-12,1872.4450000000002,0.91,...
2017-09-19,1872.9725,0.91,...
2017-09-26,1876.63,0.91,...
2017-10-03,1872.615,0.91,...
2017-10-10,1884.71,0.91,...
2017-10-17,1889.355,0.91,...
2017-10-26,1882.2649999999999,0.91,...
2017-10-31,1854.5525,0.91,...
2017-11-07,1898.19,0.91,...
2017-11-13,1878.6475,0.91,...
2017-11-21,1894.5225,0.91,...
2017-11-28,1891.19,0.91,...
2017-12-05,1895.6325,0.91,...
2017-12-12,1873.355,0.91,...
2017-12-19,1858.1325,0.91,...
2017-12-26,1876.9025,0.91,...
2018-01-02,1866.2725,0.91,...
2018-01-09,1884.0625,0.91,...
2018-01-16,1877.6325,0.91,...
2018-01-23,1887.0025,0.91,...
2018-01-30,1885.305,0.91,...
2018-02-06,1867.78,0.91,...
2018-02-13,1864.1975,0.91,...
2018-02-20,1879.135,0.91,...
2018-02-27,1879.8,0.91,...
2018-03-06,1871.9025,0.91,...
2018-03-13,1859.6375,0.91,...
2018-03-20,1865.875,0.91,...
2018-03-27,1902.2199999999998,0.91,...
2018-03-29,1876.5149999999999,0.91,...
2018-04-03,1852.1025,0.91,...
2018-04-10,1878.635,0.91,...
2018-04-12,1852.405,0.91,...
2018-04-17,1863.8125,0.91,...
2018-04-24,1891.855,0.91,...
2018-05-01,1832.385,0.91,...
2018-05-08,1873.885,0.91,...
2018-05-15,1895.92,0.91,...
2018-05-22,1849.05,0.91,...
2018-05-31,1872.48,0.91,...
2018-06-05,1860.38,0.91,...
2018-06-19,1845.73,0.91,...
2018-06-26,1854.185,0.91,...
2018-07-03,1861.39,0.91,...
2018-07-12,1848.585,0.91,...
2018-07-17,1862.85,0.91,...
2018-07-24,1847.1975,0.907,...
2018-08-02,1850.5325,0.907,...
2018-08-07,1867.6975,0.907,...
2018-08-14,1862.0425,0.907,...
2018-08-21,1847.955,0.907,...
2018-08-28,1846.01,0.907,...
2018-09-04,1855.045,0.907,...
2018-09-11,1861.075,0.907,...
2018-09-18,1884.4299999999998,0.907,...
2018-09-25,1857.92,0.907,...
2018-10-02,1848.05,0.907,...
2018-10-09,1896.4775,0.907,...
2018-10-16,1895.555,0.907,...
2018-10-23,1895.0375000000001,0.907,...
2018-10-30,1877.4475,0.907,...
2018-11-06,1892.6275,0.907,...
2018-11-15,1906.8175,0.907,...
2018-11-20,1893.58,0.907,...
2018-11-27,1901.1825,0.907,...
2018-12-04,1890.67,0.907,...
2018-12-11,1899.2350000000001,0.907,...
2018-12-18,1886.7150000000001,0.907,...
2018-12-27,1871.005,0.907,...
2019-01-03,1884.4175,0.907,...
2019-01-08,1905.115,0.907,...
2019-01-15,1876.9175,0.907,...
2019-01-22,1918.5225,0.907,...
2019-01-29,1907.02,0.907,...
2019-02-05,1903.665,0.907,...
2019-02-12,1904.13,0.907,...
2019-02-19,1865.76,0.907,...
2019-02-21,1878.13,0.907,...
2019-02-26,1903.9625,0.907,...
2019-03-08,1886.06,0.907,...
2019-03-12,1896.775,0.907,...
2019-03-19,1900.1225,0.907,...
2019-03-26,1864.0475000000001,0.907,...
2019-04-04,1880.945,0.907,...
2019-04-09,1870.75,0.907,...
2019-04-16,1892.445,0.907,...
2019-04-22,1890.3400000000001,0.907,...
2019-04-30,1893.1625,0.907,...
2019-05-07,1889.43,0.907,...
2019-05-14,1885.225,0.907,...
2019-05-24,1881.8875,0.907,...
2019-05-28,1891.81,0.907,...
2019-06-06,1881.09,0.907,...
2019-06-11,1870.2175,0.907,...
2019-06-18,1864.965,0.907,...
2019-06-25,1858.87625,0.907,...
2019-07-02,1864.9525,0.907,...
2019-07-09,1857.94,0.907,...
2019-07-18,1855.79,0.575,...
2019-07-23,1862.065,0.575,...
2019-07-30,1869.41,0.575,...
2019-08-06,1854.7575,0.575,...
2019-08-13,1857.9375,0.575,...
2019-08-20,1862.7475,0.575,...
2019-08-27,1865.1775,0.575,...
2019-09-05,1862.875,0.575,...
2019-09-10,1865.7775,0.575,...
2019-09-17,1868.9099999999999,0.575,...
2019-09-24,1888.345,0.575,...
2019-10-01,1887.4524999999999,0.575,...
2019-10-10,1857.03,0.575,...
2019-10-15,1883.6625,0.575,...
2019-10-22,1899.1666666666667,0.575,...
2019-10-29,1890.2525,0.575,...
2019-11-05,1902.54,0.575,...
2019-11-14,1892.2925,0.575,...
2019-11-19,1893.8775,0.575,...
2019-11-26,1886.975,0.575,...
2019-12-03,1898.7075,0.575,...
2019-12-10,1898.38,0.575,...
2019-12-17,1899.96,0.575,...
2019-12-26,1904.245,0.575,...
2020-01-02,1902.27,0.575,...
2020-01-09,1915.3775,0.575,...
2020-01-14,1878.2675,0.575,...
2020-01-21,1916.1725000000001,0.575,...
2020-01-28,1887.4825,0.575,...
2020-02-04,1897.6499999999999,0.575,...
2020-02-13,1874.205,0.575,...
2020-02-18,1893.7875,0.575,...
2020-02-25,1898.145,0.575,...
2020-03-05,1892.825,0.575,...
2020-03-12,1896.0175,0.575,...
2020-03-17,1874.8175,0.575,...
2020-03-24,1902.78,0.575,...
2020-03-31,1903.355,0.575,...
2020-04-07,1890.7,0.575,...
2020-04-14,1891.225,0.575,...
2020-04-21,1895.0549999999998,0.575,...
2020-04-28,1884.905,0.575,...
2020-05-05,1883.475,0.575,...
2020-05-12,1894.175,0.575,...
2020-05-19,1893.535,0.575,...
2020-05-26,1901.5575,0.575,...
2020-06-02,1897.0325,0.575,...
2020-06-09,1874.8775,0.575,...
2020-06-16,1878.35,0.575,...
2020-06-23,1894.71,0.575,...
2020-06-30,1871.505,0.575,...
2020-07-07,1879.7875000000001,0.575,...
2020-07-14,1870.215,0.575,...
2020-07-21,1865.72,0.575,...
2020-07-28,1871.64,0.575,...
2020-08-04,1872.29,0.575,...
2020-08-11,1869.75,0.575,...
2020-08-18,1874.48,0.575,...
2020-08-25,1885.26,0.575,...
2020-09-01,1878.2975000000001,0.575,...
2020-09-08,1887.785,0.575,...
2020-09-15,1880.54,0.575,...
2020-09-22,1877.145,0.575,...
2020-09-29,1893.6725000000001,0.575,...
2020-10-06,1904.7825,0.575,...
2020-10-13,1907.865,0.575,...
2020-10-20,1899.905,0.575,...
2020-10-29,1917.6675,0.575,...
2020-11-03,1880.2625,0.575,...
2020-11-13,1920.1425,0.575,...
2020-11-17,1884.4875,0.575,...
2020-11-24,1919.395,0.575,...
2020-12-01,1915.1525,0.575,...
2020-12-08,1887.1375,0.575,...
2020-12-15,1893.6875,0.575,...
2020-12-22,1919.04,0.575,...
2020-12-31,1922.9575,0.575,...
2021-01-05,1906.615,0.575,...
2021-01-12,1890.3725,0.575,...
2021-01-19,1905.4099999999999,0.575,...
2021-01-26,1903.9175,0.575,...
2021-02-02,1912.815,0.575,...
2021-02-09,1931.195,0.575,...
2021-02-16,1893.58,0.575,...
2021-02-23,1913.89,0.575,...
2021-03-04,1946.73,0.575,.S.
2021-03-09,1896.0,0.575,...
2021-03-16,1909.835,0.575,...
2021-03-23,1933.4650000000001,0.575,...
2021-03-29,1905.0900000000001,0.575,...
2021-04-06,1928.15,0.575,...
2021-04-13,1929.4524999999999,0.575,...
2021-04-20,1888.2775,0.575,...
2021-04-27,1922.275,0.575,...
2021-05-04,1927.5025,0.575,...
2021-05-11,1905.35,0.575,...
2021-05-18,1926.94,0.575,...
2021-05-25,1895.2525,0.575,...
2021-06-01,1877.83,0.575,...
2021-06-08,1887.2275,0.575,...
2021-06-15,1906.875,0.575,...
2021-06-22,1898.5900000000001,0.575,...
2021-06-29,1895.9866666666667,0.575,...
2021-07-06,1898.355,0.575,...
2021-07-13,1881.2325,0.575,...
2021-07-20,1890.0874999999999,0.575,...
2021-07-27,1889.5925,0.575,...
2021-08-03,1905.9975,0.575,...
2021-08-10,1887.5149999999999,0.575,...
2021-08-17,1899.79,0.575,...
2021-08-24,1890.505,0.575,...
2021-08-31,1927.9675,0.575,...
2021-09-07,1916.2625,0.575,...
2021-09-14,1919.3975,0.575,...
2021-09-21,1926.095,0.575,...
2021-09-28,1943.8825,0.575,...
2021-10-05,1909.4475,0.575,...
2021-10-12,1914.845,0.575,...
2021-10-19,1939.8725,0.575,...
2021-10-26,1936.555,0.575,...
2021-11-02,1927.58,0.575,...
2021-11-09,1936.3625,0.575,...
2021-11-16,1904.2725,0.575,...
2021-11-23,1935.1825000000001,0.575,...
2021-11-30,1933.3625,0.575,...
2021-12-09,1928.29,0.575,...
2021-12-14,1939.735,0.575,...
2021-12-21,1935.9175,0.575,...
2021-12-28,1946.185,0.575,...
2022-01-06,1931.0075,0.575,...
2022-01-11,1939.8525,0.575,...
2022-01-18,1924.8675,0.575,...
2022-01-25,1945.1799999999998,0.575,...
2022-02-01,1945.8225,0.575,...
2022-02-08,1935.0625,0.575,...
2022-02-15,1951.175,0.575,...
2022-02-22,1944.025,0.575,...
2022-03-01,1928.685,0.575,...
2022-03-08,1921.4399999999998,0.575,...
2022-03-10,1922.6999999999998,0.575,...
2022-03-15,1923.625,0.575,...
2022-03-22,1898.0775,0.575,...
2022-03-29,1928.37,0.575,...
2022-04-05,1919.21,0.575,...
2022-04-12,1916.4,0.575,...
2022-04-14,1921.78,0.575,...
2022-04-19,1935.8366666666668,0.575,...
2022-04-26,1925.9516666666666,0.575,...
2022-05-05,1904.8633333333335,0.575,...
2022-05-10,1926.9683333333332,0.575,...
2022-05-17,1927.316,0.575,...
2022-05-25,1918.6883333333335,0.575,...
2022-06-02,1908.5833333333333,0.575,...
2022-06-07,1926.6899999999998,0.575,...
2022-06-09,1917.18,0.575,...
2022-06-16,1921.955,0.575,...
2022-06-17,1917.6175,0.575,...
2022-06-21,1919.493333333333,0.575,...
2022-06-28,1921.6499999999999,0.575,...
2022-07-05,1913.3733333333332,0.575,...
2022-07-14,1925.87,0.575,...
2022-07-18,1911.8174999999999,0.575,...
2022-07-26,1908.395,0.575,...
2022-08-02,1913.0025,0.575,...
2022-08-09,1903.02,0.575,...
2022-08-18,1898.2825,0.575,...
2022-08-23,1896.94,0.575,...
2022-08-30,1908.0633333333333,0.575,...
2022-09-06,1935.135,0.575,...
2022-09-13,1918.72,0.575,...
2022-09-20,1908.4016666666666,0.575,...
2022-09-27,1932.5716666666667,0.575,...
2022-10-04,1945.1233333333332,0.575,...
2022-10-14,1906.4524999999999,0.575,...
2022-10-20,1970.875,0.575,...
2022-10-25,1955.7366666666667,0.575,...
2022-11-01,1933.6616666666666,0.575,...
2022-11-08,1952.2725,0.575,...
2022-11-15,1953.0525,0.575,...
2022-11-22,1958.5475000000001,0.575,...
2022-12-21,1950.1575,0.575,...
2022-12-28,1951.4675,0.575,...
2023-01-04,1931.1,0.575,...
2023-01-11,1933.3625,0.575,...
2023-01-18,1929.8025,0.575,...
2023-01-25,1941.115,0.575,...
2023-02-02,1934.81,0.575,...
2023-02-07,1932.49,0.575,...
2023-02-15,1950.12,0.575,...
2023-03-07,1936.42,0.575,...
2023-03-14,1937.6325000000002,0.575,...
2023-03-21,1926.81,0.575,...
2023-03-29,1929.2175,0.575,...
2023-04-06,1948.7,0.575,...
2023-04-11,1946.405,0.575,...
2023-04-24,1943.78,0.575,...
2023-05-02,1943.1625,0.575,...
2023-05-09,1937.89,0.575,...
2023-05-23,1932.055,0.575,...
2023-05-30,1961.0325,0.575,...
2023-06-06,1953.505,0.575,...
2023-06-20,1941.835,0.575,...
2023-06-27,1959.9524999999999,0.575,...
2023-07-05,1930.56,0.575,...
2023-07-11,1934.5575,0.575,...
2023-07-17,1906.6,0.575,...
2023-07-25,1915.8000000000002,0.575,...
2023-07-26,1915.31,0.575,...
2023-08-10,1913.2375,0.575,...
2023-08-15,1919.51,0.575,...
2023-08-24,1921.7649999999999,0.575,...
2023-08-29,1914.3125,0.575,...
2023-09-05,1906.9499999999998,0.575,...
2023-09-12,1953.2175,0.575,...
2023-09-19,1909.6525,0.575,...
2023-09-26,1965.72,0.575,.S.
2023-10-03,1922.6375,0.575,...
2023-10-10,1947.1950000000002,0.575,...
2023-10-17,1978.76,0.575,.S.
2023-10-24,1954.88,0.575,...
2023-10-31,1920.9425,0.575,...
2023-11-07,1954.945,0.575,...
2023-11-17,1982.3325,0.575,...
2023-11-28,1938.38,0.575,...
2023-12-05,1932.335,0.575,...
2023-12-12,1961.23,0.575,...
2023-12-19,1950.28,0.575,...
2023-12-26,1944.5175,0.575,...
2024-01-02,1949.8274999999999,0.575,...
2024-01-11,1946.6875,0.575,...
2024-01-16,1958.1425,0.575,...
2024-01-25,1926.575,0.575,...
2024-01-30,1934.3566666666666,0.575,...
2024-02-06,1978.2,0.575,.S.
2024-02-13,1952.87,0.575,..C
2024-03-05,1961.05,0.575,...
2024-03-19,1937.8474999999999,0.575,...
2024-04-09,1945.165,0.575,...
2024-04-30,1925.2275,0.575,...
2024-05-07,1918.2925,0.575,...
2024-05-23,1920.03,0.575,...
2024-05-28,1942.115,0.575,...
2024-06-04,1908.4675,0.575,...
2024-06-11,1942.915,0.575,...
2024-06-18,1930.975,0.575,...
2024-06-25,1925.42,0.575,...
2024-07-02,1925.5149999999999,0.575,...
2024-07-09,1930.7325,0.575,...
2024-07-16,1929.6,0.575,...
2024-07-23,1938.065,0.575,..C
2024-07-30,1908.955,0.575,...
2024-08-06,1911.4080000000001,0.575,...
2024-08-13,1937.195,0.575,..C
2024-08-20,1918.8500000000001,0.575,...
2024-08-27,1989.3775,0.575,.S.
2024-09-03,1916.4175,0.575,...
2024-09-10,1920.355,0.575,...
2024-09-17,1935.9775,0.575,...
2024-10-01,1953.37,0.575,...
2024-10-08,1952.3875,0.575,...
2024-10-15,1986.4,0.575,.S.
2024-10-22,1970.1075,0.575,...
2024-10-30,1961.6775,0.575,...
2024-11-08,1967.2,0.575,...
2024-11-12,1967.2675,0.575,...
2024-11-19,1967.0925,0.575,...
2024-11-25,1970.825,0.575,...
2024-12-06,1959.45,0.575,...
2024-12-17,1923.0025,0.575,...
2024-12-24,1952.38,0.575,...
2024-12-31,1977.445,0.575,.S.
