date,log_ch4
1983-05-08,7.40081
1983-05-15,7.40560
1983-05-22,7.40560
1983-05-29,7.40081
1983-06-05,7.39649
1983-06-12,7.39649
1983-06-19,7.39353
1983-06-26,7.40066
1983-07-03,7.39695
1983-07-10,7.39788
1983-07-17,7.39788
1983-07-24,7.39508
1983-07-31,7.39119
1983-08-07,7.39508
1983-08-14,7.39508
1983-08-21,7.39881
1983-08-28,7.40252
1983-09-04,7.40313
1983-09-11,7.40313
1983-09-18,7.40313
1983-09-25,7.40406
1983-10-02,7.41752
1983-10-09,7.41752
1983-10-16,7.41752
1983-10-23,7.41934
1983-10-30,7.41934
1983-11-06,7.41630
1983-11-13,7.41356
1983-11-20,7.41112
1983-11-27,7.41112
1983-12-04,7.41005
1983-12-11,7.41020
1983-12-18,7.41265
1983-12-25,7.40989
1984-01-01,7.40897
1984-01-08,7.41265
1984-01-15,7.41265
1984-01-22,7.41478
1984-01-29,7.41944
1984-02-05,7.41478
1984-02-12,7.41478
1984-02-19,7.41478
1984-02-26,7.41341
1984-03-04,7.41173
1984-03-11,7.41142
1984-03-18,7.41142
1984-03-25,7.41173
1984-04-01,7.40874
1984-04-08,7.41462
1984-04-15,7.41188
1984-04-22,7.41188
1984-04-29,7.40995
1984-05-06,7.40743
1984-05-13,7.40803
1984-05-20,7.40995
1984-05-27,7.40803
1984-06-03,7.40803
1984-06-10,7.46296
1984-06-17,7.48816
1984-06-24,7.48816
1984-07-01,7.51336
1984-07-08,7.45840
1984-07-15,7.40468
1984-07-22,7.40468
1984-07-29,7.40344
1984-08-05,7.40313
1984-08-12,7.40313
1984-08-19,7.40344
1984-08-26,7.40468
1984-09-02,7.40621
1984-09-09,7.41387
1984-09-16,7.41387
1984-09-23,7.41830
1984-09-30,7.41830
1984-10-07,7.41830
1984-10-14,7.42321
1984-10-21,7.42321
1984-10-28,7.42321
1984-11-04,7.42547
1984-11-11,7.42773
1984-11-18,7.42773
1984-11-25,7.42321
1984-12-02,7.42773
1984-12-09,7.42154
1984-12-16,7.41941
1984-12-23,7.41728
1984-12-30,7.41714
1985-01-06,7.41797
1985-01-13,7.41704
1985-01-20,7.41441
1985-01-27,7.41407
1985-02-03,7.41475
1985-02-10,7.41475
1985-02-17,7.41585
1985-02-24,7.41585
1985-03-03,7.41732
1985-03-10,7.42410
1985-03-17,7.42410
1985-03-24,7.42410
1985-03-31,7.42410
1985-04-07,7.42187
1985-04-14,7.42187
1985-04-21,7.42187
1985-04-28,7.42187
1985-05-05,7.42187
1985-05-12,7.42399
1985-05-19,7.42399
1985-05-26,7.42399
1985-06-02,7.41344
1985-06-09,7.41241
1985-06-16,7.41241
1985-06-23,7.41241
1985-06-30,7.41241
1985-07-07,7.41293
1985-07-14,7.41208
1985-07-21,7.40988
1985-07-28,7.41047
1985-08-04,7.41047
1985-08-11,7.41370
1985-08-18,7.41222
1985-08-25,7.41063
1985-09-01,7.41381
1985-09-08,7.42448
1985-09-15,7.42294
1985-09-22,7.42294
1985-09-29,7.42294
1985-10-06,7.42294
1985-10-13,7.42294
1985-10-20,7.42294
1985-10-27,7.41634
1985-11-03,7.41634
1985-11-10,7.41506
1985-11-17,7.35343
1985-11-24,7.31188
1985-12-01,7.42141
1985-12-08,7.41634
1985-12-15,7.42635
1985-12-22,7.42635
1985-12-29,7.42338
1986-01-05,7.42527
1986-01-12,7.42527
1986-01-19,7.42490
1986-01-26,7.42419
1986-02-02,7.42237
1986-02-09,7.42041
1986-02-16,7.41958
1986-02-23,7.41950
1986-03-02,7.41958
1986-03-09,7.41739
1986-03-16,7.41739
1986-03-23,7.42318
1986-03-30,7.42868
1986-04-06,7.43575
1986-04-13,7.43058
1986-04-20,7.42958
1986-04-27,7.42858
1986-05-04,7.42858
1986-05-11,7.42858
1986-05-18,7.42623
1986-05-25,7.42571
1986-06-01,7.42533
1986-06-08,7.42533
1986-06-15,7.42533
1986-06-22,7.42687
1986-06-29,7.42533
1986-07-06,7.42517
1986-07-13,7.42436
1986-07-20,7.42436
1986-07-27,7.41880
1986-08-03,7.41880
1986-08-10,7.41880
1986-08-17,7.41970
1986-08-24,7.41970
1986-08-31,7.41736
1986-09-07,7.41970
1986-09-14,7.42336
1986-09-21,7.42336
1986-09-28,7.43013
1986-10-05,7.43379
1986-10-12,7.43379
1986-10-19,7.43379
1986-10-26,7.43135
1986-11-02,7.43433
1986-11-09,7.43433
1986-11-16,7.43433
1986-11-23,7.43588
1986-11-30,7.43753
1986-12-07,7.43753
1986-12-14,7.43753
1986-12-21,7.43753
1986-12-28,7.43697
1987-01-04,7.43622
1987-01-11,7.43249
1987-01-18,7.42937
1987-01-25,7.42937
1987-02-01,7.42937
1987-02-08,7.43171
1987-02-15,7.43141
1987-02-22,7.43141
1987-03-01,7.43141
1987-03-08,7.43171
1987-03-15,7.43753
1987-03-22,7.43141
1987-03-29,7.43141
1987-04-05,7.43266
1987-04-12,7.43266
1987-04-19,7.43266
1987-04-26,7.43229
1987-05-03,7.43229
1987-05-10,7.43229
1987-05-17,7.43229
1987-05-24,7.43229
1987-05-31,7.43237
1987-06-07,7.43237
1987-06-14,7.43237
1987-06-21,7.42544
1987-06-28,7.42551
1987-07-05,7.42544
1987-07-12,7.42438
1987-07-19,7.42438
1987-07-26,7.42438
1987-08-02,7.42180
1987-08-09,7.42180
1987-08-16,7.42146
1987-08-23,7.42180
1987-08-30,7.42514
1987-09-06,7.42514
1987-09-13,7.42626
1987-09-20,7.42636
1987-09-27,7.42802
1987-10-04,7.42884
1987-10-11,7.43205
1987-10-18,7.44220
1987-10-25,7.44220
1987-11-01,7.44220
1987-11-08,7.44533
1987-11-15,7.45162
1987-11-22,7.45162
1987-11-29,7.45162
1987-12-06,7.44211
1987-12-13,7.44211
1987-12-20,7.44037
1987-12-27,7.44010
1988-01-03,7.43811
1988-01-10,7.43811
1988-01-17,7.43911
1988-01-24,7.43815
1988-01-31,7.43673
1988-02-07,7.43677
1988-02-14,7.44065
1988-02-21,7.44102
1988-02-28,7.44022
1988-03-06,7.43895
1988-03-13,7.44150
1988-03-20,7.44310
1988-03-27,7.44310
1988-04-03,7.44230
1988-04-10,7.44230
1988-04-17,7.44151
1988-04-24,7.44151
1988-05-01,7.44042
1988-05-08,7.44042
1988-05-15,7.43944
1988-05-22,7.43991
1988-05-29,7.43897
1988-06-05,7.43897
1988-06-12,7.43394
1988-06-19,7.43277
1988-06-26,7.43248
1988-07-03,7.43248
1988-07-10,7.43142
1988-07-17,7.43142
1988-07-24,7.42971
1988-07-31,7.42971
1988-08-07,7.42971
1988-08-14,7.42940
1988-08-21,7.42971
1988-08-28,7.43520
1988-09-04,7.43791
1988-09-11,7.43791
1988-09-18,7.43942
1988-09-25,7.43942
1988-10-02,7.43942
1988-10-09,7.43942
1988-10-16,7.43942
1988-10-23,7.44072
1988-10-30,7.44595
1988-11-06,7.44595
1988-11-13,7.45019
1988-11-20,7.45120
1988-11-27,7.45120
1988-12-04,7.45120
1988-12-11,7.44972
1988-12-18,7.08466
1988-12-25,7.44818
1989-01-01,7.44818
1989-01-08,7.44724
1989-01-15,7.44583
1989-01-22,7.44435
1989-01-29,7.44583
1989-02-05,7.44912
1989-02-12,7.44583
1989-02-19,7.44435
1989-02-26,7.44435
1989-03-05,7.44618
1989-03-12,7.44818
1989-03-19,7.44618
1989-03-26,7.44618
1989-04-02,7.44818
1989-04-09,7.45317
1989-04-16,7.45317
1989-04-23,7.45387
1989-04-30,7.45317
1989-05-07,7.45324
1989-05-14,7.45324
1989-05-21,7.45317
1989-05-28,7.45010
1989-06-04,7.45010
1989-06-11,7.44974
1989-06-18,7.44807
1989-06-25,7.44165
1989-07-02,7.43945
1989-07-09,7.43907
1989-07-16,7.43746
1989-07-23,7.43713
1989-07-30,7.43713
1989-08-06,7.43713
1989-08-13,7.44288
1989-08-20,7.44794
1989-08-27,7.44814
1989-09-03,7.44964
1989-09-10,7.44964
1989-09-17,7.44980
1989-09-24,7.45096
1989-10-01,7.44980
1989-10-08,7.45096
1989-10-15,7.45135
1989-10-22,7.45135
1989-10-29,7.45240
1989-11-05,7.45240
1989-11-12,7.45346
1989-11-19,7.45434
1989-11-26,7.45480
1989-12-03,7.45480
1989-12-10,7.45370
1989-12-17,7.45480
1989-12-24,7.45459
1989-12-31,7.45322
1990-01-07,7.45137
1990-01-14,7.45137
1990-01-21,7.45299
1990-01-28,7.45658
1990-02-04,7.45251
1990-02-11,7.45413
1990-02-18,7.45235
1990-02-25,7.45658
1990-03-04,7.45902
1990-03-11,7.45902
1990-03-18,7.45993
1990-03-25,7.45993
1990-04-01,7.45580
1990-04-08,7.45861
1990-04-15,7.45861
1990-04-22,7.45728
1990-04-29,7.45728
1990-05-06,7.45728
1990-05-13,7.45728
1990-05-20,7.45728
1990-05-27,7.45100
1990-06-03,7.44869
1990-06-10,7.45100
1990-06-17,7.44642
1990-06-24,7.44624
1990-07-01,7.44468
1990-07-08,7.44468
1990-07-15,7.44199
1990-07-22,7.44199
1990-07-29,7.43876
1990-08-05,7.43876
1990-08-12,7.44456
1990-08-19,7.44826
1990-08-26,7.44826
1990-09-02,7.44826
1990-09-09,7.44826
1990-09-16,7.45795
1990-09-23,7.46158
1990-09-30,7.46158
1990-10-07,7.46061
1990-10-14,7.46061
1990-10-21,7.46158
1990-10-28,7.46158
1990-11-04,7.46349
1990-11-11,7.45800
1990-11-18,7.46308
1990-11-25,7.46597
1990-12-02,7.46637
1990-12-09,7.46731
1990-12-16,7.46556
1990-12-23,7.46047
1990-12-30,7.46024
1991-01-06,7.45437
1991-01-13,7.45410
1991-01-20,7.45382
1991-01-27,7.45382
1991-02-03,7.45439
1991-02-10,7.45439
1991-02-17,7.45439
1991-02-24,7.46140
1991-03-03,7.46140
1991-03-10,7.46637
1991-03-17,7.46470
1991-03-24,7.46470
1991-03-31,7.47225
1991-04-07,7.46470
1991-04-14,7.46470
1991-04-21,7.46470
1991-04-28,7.46470
1991-05-05,7.46854
1991-05-12,7.46885
1991-05-19,7.46854
1991-05-26,7.46854
1991-06-02,7.46404
1991-06-09,7.46767
1991-06-16,7.45938
1991-06-23,7.45737
1991-06-30,7.45737
1991-07-07,7.45530
1991-07-14,7.45662
1991-07-21,7.45800
1991-07-28,7.45581
1991-08-04,7.45415
1991-08-11,7.45317
1991-08-18,7.45043
1991-08-25,7.45043
1991-09-01,7.45043
1991-09-08,7.45306
1991-09-15,7.45985
1991-09-22,7.46262
1991-09-29,7.46496
1991-10-06,7.46603
1991-10-13,7.46707
1991-10-20,7.46707
1991-10-27,7.47075
1991-11-03,7.46707
1991-11-10,7.46707
1991-11-17,7.47194
1991-11-24,7.47194
1991-12-01,7.46592
1991-12-08,7.46592
1991-12-15,7.46592
1991-12-22,7.46592
1991-12-29,7.47178
1992-01-05,7.47178
1992-01-12,7.47178
1992-01-19,7.47178
1992-01-26,7.47178
1992-02-02,7.46905
1992-02-09,7.46905
1992-02-16,7.46905
1992-02-23,7.46905
1992-03-01,7.47011
1992-03-08,7.47011
1992-03-15,7.46629
1992-03-22,7.46749
1992-03-29,7.47092
1992-04-05,7.46846
1992-04-12,7.46846
1992-04-19,7.46853
1992-04-26,7.46853
1992-05-03,7.46853
1992-05-10,7.46838
1992-05-17,7.46528
1992-05-24,7.46528
1992-05-31,7.46528
1992-06-07,7.46439
1992-06-14,7.46439
1992-06-21,7.46528
1992-06-28,7.46439
1992-07-05,7.46126
1992-07-12,7.46126
1992-07-19,7.45855
1992-07-26,7.45560
1992-08-02,7.45457
1992-08-09,7.45281
1992-08-16,7.45225
1992-08-23,7.45225
1992-08-30,7.45225
1992-09-06,7.45330
1992-09-13,7.45400
1992-09-20,7.45635
1992-09-27,7.45344
1992-10-04,7.45926
1992-10-11,7.45937
1992-10-18,7.45926
1992-10-25,7.45937
1992-11-01,7.46302
1992-11-08,7.46548
1992-11-15,7.46819
1992-11-22,7.47109
1992-11-29,7.46819
1992-12-06,7.46964
1992-12-13,7.46807
1992-12-20,7.46807
1992-12-27,7.46807
1993-01-03,7.46790
1993-01-10,7.46539
1993-01-17,7.46293
1993-01-24,7.46295
1993-01-31,7.46292
1993-02-07,7.46212
1993-02-14,7.46212
1993-02-21,7.46292
1993-02-28,7.46383
1993-03-07,7.46383
1993-03-14,7.46189
1993-03-21,7.46189
1993-03-28,7.46769
1993-04-04,7.46769
1993-04-11,7.46713
1993-04-18,7.46645
1993-04-25,7.46713
1993-05-02,7.46769
1993-05-09,7.46939
1993-05-16,7.46939
1993-05-23,7.46713
1993-05-30,7.46645
1993-06-06,7.46575
1993-06-13,7.46575
1993-06-20,7.46500
1993-06-27,7.46293
1993-07-04,7.46293
1993-07-11,7.45654
1993-07-18,7.45432
1993-07-25,7.45414
1993-08-01,7.45414
1993-08-08,7.45432
1993-08-15,7.45471
1993-08-22,7.45654
1993-08-29,7.45756
1993-09-05,7.45791
1993-09-12,7.46041
1993-09-19,7.46837
1993-09-26,7.47107
1993-10-03,7.47322
1993-10-10,7.47425
1993-10-17,7.47208
1993-10-24,7.47803
1993-10-31,7.48182
1993-11-07,7.48182
1993-11-14,7.47735
1993-11-21,7.47735
1993-11-28,7.47451
1993-12-05,7.47735
1993-12-12,7.47451
1993-12-19,7.47262
1993-12-26,7.47253
1994-01-02,7.47253
1994-01-09,7.47253
1994-01-16,7.47253
1994-01-23,7.47121
1994-01-30,7.47011
1994-02-06,7.47011
1994-02-13,7.47011
1994-02-20,7.47002
1994-02-27,7.47002
1994-03-06,7.47011
1994-03-13,7.46971
1994-03-20,7.47492
1994-03-27,7.46971
1994-04-03,7.47492
1994-04-10,7.47492
1994-04-17,7.47283
1994-04-24,7.46991
1994-05-01,7.46991
1994-05-08,7.46945
1994-05-15,7.46945
1994-05-22,7.46914
1994-05-29,7.46864
1994-06-05,7.46860
1994-06-12,7.46744
1994-06-19,7.46686
1994-06-26,7.46344
1994-07-03,7.46188
1994-07-10,7.46074
1994-07-17,7.46057
1994-07-24,7.45805
1994-07-31,7.45805
1994-08-07,7.45805
1994-08-14,7.45805
1994-08-21,7.45872
1994-08-28,7.45918
1994-09-04,7.46275
1994-09-11,7.46911
1994-09-18,7.47054
1994-09-25,7.47689
1994-10-02,7.47741
1994-10-09,7.47868
1994-10-16,7.47868
1994-10-23,7.47868
1994-10-30,7.47868
1994-11-06,7.48788
1994-11-13,7.48788
1994-11-20,7.48788
1994-11-27,7.48476
1994-12-04,7.48632
1994-12-11,7.48362
1994-12-18,7.48647
1994-12-25,7.48362
1995-01-01,7.48362
1995-01-08,7.47821
1995-01-15,7.47082
1995-01-22,7.47394
1995-01-29,7.46770
1995-02-05,7.46770
1995-02-12,7.46770
1995-02-19,7.47537
1995-02-26,7.47537
1995-03-05,7.47537
1995-03-12,7.47537
1995-03-19,7.47683
1995-03-26,7.47540
1995-04-02,7.47537
1995-04-09,7.47540
1995-04-16,7.47540
1995-04-23,7.47540
1995-04-30,7.47305
1995-05-07,7.47305
1995-05-14,7.47305
1995-05-21,7.47431
1995-05-28,7.47305
1995-06-04,7.47431
1995-06-11,7.47431
1995-06-18,7.47431
1995-06-25,7.46671
1995-07-02,7.46671
1995-07-09,7.46637
1995-07-16,7.46554
1995-07-23,7.46554
1995-07-30,7.46554
1995-08-06,7.46941
1995-08-13,7.47035
1995-08-20,7.47035
1995-08-27,7.47035
1995-09-03,7.47035
1995-09-10,7.47302
1995-09-17,7.47302
1995-09-24,7.47999
1995-10-01,7.48006
1995-10-08,7.48006
1995-10-15,7.48006
1995-10-22,7.48222
1995-10-29,7.48222
1995-11-05,7.48222
1995-11-12,7.47841
1995-11-19,7.47636
1995-11-26,7.47841
1995-12-03,7.47862
1995-12-10,7.47841
1995-12-17,7.47862
1995-12-24,7.47862
1995-12-31,7.47760
1996-01-07,7.47883
1996-01-14,7.47265
1996-01-21,7.47659
1996-01-28,7.47265
1996-02-04,7.47659
1996-02-11,7.47659
1996-02-18,7.48128
1996-02-25,7.48053
1996-03-03,7.48204
1996-03-10,7.48204
1996-03-17,7.48204
1996-03-24,7.47391
1996-03-31,7.47353
1996-04-07,7.47312
1996-04-14,7.47312
1996-04-21,7.47312
1996-04-28,7.47353
1996-05-05,7.47353
1996-05-12,7.47312
1996-05-19,7.47026
1996-05-26,7.46945
1996-06-02,7.47026
1996-06-09,7.46945
1996-06-16,7.46851
1996-06-23,7.46851
1996-06-30,7.46920
1996-07-07,7.46851
1996-07-14,7.46920
1996-07-21,7.46289
1996-07-28,7.46069
1996-08-04,7.46069
1996-08-11,7.46061
1996-08-18,7.46061
1996-08-25,7.46069
1996-09-01,7.46069
1996-09-08,7.47276
1996-09-15,7.47276
1996-09-22,7.48013
1996-09-29,7.48013
1996-10-06,7.48356
1996-10-13,7.48356
1996-10-20,7.48099
1996-10-27,7.47698
1996-11-03,7.48099
1996-11-10,7.48099
1996-11-17,7.48216
1996-11-24,7.48216
1996-12-01,7.48285
1996-12-08,7.48290
1996-12-15,7.48290
1996-12-22,7.48290
1996-12-29,7.48201
1997-01-05,7.48201
1997-01-12,7.47768
1997-01-19,7.47549
1997-01-26,7.47670
1997-02-02,7.48041
1997-02-09,7.48041
1997-02-16,7.48041
1997-02-23,7.47670
1997-03-02,7.48041
1997-03-09,7.48155
1997-03-16,7.48292
1997-03-23,7.48330
1997-03-30,7.48464
1997-04-06,7.48464
1997-04-13,7.48464
1997-04-20,7.48586
1997-04-27,7.48710
1997-05-04,7.48710
1997-05-11,7.48586
1997-05-18,7.48586
1997-05-25,7.48710
1997-06-01,7.48710
1997-06-08,7.48710
1997-06-15,7.48265
1997-06-22,7.48265
1997-06-29,7.48265
1997-07-06,7.47605
1997-07-13,7.47583
1997-07-20,7.47326
1997-07-27,7.46813
1997-08-03,7.46813
1997-08-10,7.46813
1997-08-17,7.47320
1997-08-24,7.47320
1997-08-31,7.47394
1997-09-07,7.47677
1997-09-14,7.47889
1997-09-21,7.47889
1997-09-28,7.48085
1997-10-05,7.48709
1997-10-12,7.48857
1997-10-19,7.48668
1997-10-26,7.48580
1997-11-02,7.48668
1997-11-09,7.48668
1997-11-16,7.48668
1997-11-23,7.48668
1997-11-30,7.48724
1997-12-07,7.48762
1997-12-14,7.48762
1997-12-21,7.48601
1997-12-28,7.48424
1998-01-04,7.47969
1998-01-11,7.47969
1998-01-18,7.47969
1998-01-25,7.47813
1998-02-01,7.47515
1998-02-08,7.47515
1998-02-15,7.47515
1998-02-22,7.47402
1998-03-01,7.47402
1998-03-08,7.47402
1998-03-15,7.48419
1998-03-22,7.48453
1998-03-29,7.48453
1998-04-05,7.48419
1998-04-12,7.48453
1998-04-19,7.48419
1998-04-26,7.48398
1998-05-03,7.48398
1998-05-10,7.48398
1998-05-17,7.48449
1998-05-24,7.48497
1998-05-31,7.48449
1998-06-07,7.48449
1998-06-14,7.48449
1998-06-21,7.48352
1998-06-28,7.48211
1998-07-05,7.48177
1998-07-12,7.47732
1998-07-19,7.47684
1998-07-26,7.47319
1998-08-02,7.47319
1998-08-09,7.47486
1998-08-16,7.47319
1998-08-23,7.47319
1998-08-30,7.47486
1998-09-06,7.47505
1998-09-13,7.47655
1998-09-20,7.47715
1998-09-27,7.48505
1998-10-04,7.48637
1998-10-11,7.48737
1998-10-18,7.48854
1998-10-25,7.48854
1998-11-01,7.49107
1998-11-08,7.49299
1998-11-15,7.49404
1998-11-22,7.49404
1998-11-29,7.49505
1998-12-06,7.49727
1998-12-13,7.49727
1998-12-20,7.49727
1998-12-27,7.49727
1999-01-03,7.49166
1999-01-10,7.49166
1999-01-17,7.49166
1999-01-24,7.49166
1999-01-31,7.49166
1999-02-07,7.49166
1999-02-14,7.48982
1999-02-21,7.49376
1999-02-28,7.48864
1999-03-07,7.48864
1999-03-14,7.48864
1999-03-21,7.48912
1999-03-28,7.49538
1999-04-04,7.49538
1999-04-11,7.48912
1999-04-18,7.48912
1999-04-25,7.48906
1999-05-02,7.48063
1999-05-09,7.47927
1999-05-16,7.47927
1999-05-23,7.47927
1999-05-30,7.47927
1999-06-06,7.47927
1999-06-13,7.47927
1999-06-20,7.47927
1999-06-27,7.47642
1999-07-04,7.47642
1999-07-11,7.47734
1999-07-18,7.47734
1999-07-25,7.47734
1999-08-01,7.47568
1999-08-08,7.47603
1999-08-15,7.47769
1999-08-22,7.48205
1999-08-29,7.48238
1999-09-05,7.48697
1999-09-12,7.48930
1999-09-19,7.48930
1999-09-26,7.49385
1999-10-03,7.48930
1999-10-10,7.49550
1999-10-17,7.49550
1999-10-24,7.49550
1999-10-31,7.49027
1999-11-07,7.49386
1999-11-14,7.49386
1999-11-21,7.49386
1999-11-28,7.49380
1999-12-05,7.49380
1999-12-12,7.49380
1999-12-19,7.49386
1999-12-26,7.49380
2000-01-02,7.49380
2000-01-09,7.49581
2000-01-16,7.49581
2000-01-23,7.49581
2000-01-30,7.49368
2000-02-06,7.49171
2000-02-13,7.49368
2000-02-20,7.49171
2000-02-27,7.49171
2000-03-05,7.49171
2000-03-12,7.49171
2000-03-19,7.49178
2000-03-26,7.49584
2000-04-02,7.49178
2000-04-09,7.49178
2000-04-16,7.48901
2000-04-23,7.48897
2000-04-30,7.48713
2000-05-07,7.48122
2000-05-14,7.48085
2000-05-21,7.48085
2000-05-28,7.47675
2000-06-04,7.48085
2000-06-11,7.48047
2000-06-18,7.48047
2000-06-25,7.48047
2000-07-02,7.47837
2000-07-09,7.47663
2000-07-16,7.47728
2000-07-23,7.47728
2000-07-30,7.47663
2000-08-06,7.47609
2000-08-13,7.47584
2000-08-20,7.47584
2000-08-27,7.47584
2000-09-03,7.47584
2000-09-10,7.47496
2000-09-17,7.47496
2000-09-24,7.47889
2000-10-01,7.48083
2000-10-08,7.48753
2000-10-15,7.49229
2000-10-22,7.49381
2000-10-29,7.49586
2000-11-05,7.49434
2000-11-12,7.49359
2000-11-19,7.49359
2000-11-26,7.49165
2000-12-03,7.49079
2000-12-10,7.48977
2000-12-17,7.48936
2000-12-24,7.48913
2000-12-31,7.48913
2001-01-07,7.48998
2001-01-14,7.48828
2001-01-21,7.48821
2001-01-28,7.48998
2001-02-04,7.49053
2001-02-11,7.49159
2001-02-18,7.49279
2001-02-25,7.49279
2001-03-04,7.49764
2001-03-11,7.49764
2001-03-18,7.49279
2001-03-25,7.49764
2001-04-01,7.49764
2001-04-08,7.49569
2001-04-15,7.49569
2001-04-22,7.48964
2001-04-29,7.48964
2001-05-06,7.48964
2001-05-13,7.48698
2001-05-20,7.48584
2001-05-27,7.48494
2001-06-03,7.48491
2001-06-10,7.48423
2001-06-17,7.48423
2001-06-24,7.48218
2001-07-01,7.48218
2001-07-08,7.47849
2001-07-15,7.47849
2001-07-22,7.47709
2001-07-29,7.47709
2001-08-05,7.47709
2001-08-12,7.47481
2001-08-19,7.47445
2001-08-26,7.47413
2001-09-02,7.47413
2001-09-09,7.47445
2001-09-16,7.47481
2001-09-23,7.48321
2001-09-30,7.48603
2001-10-07,7.48603
2001-10-14,7.48982
2001-10-21,7.48727
2001-10-28,7.48727
2001-11-04,7.49267
2001-11-11,7.48665
2001-11-18,7.49191
2001-11-25,7.49736
2001-12-02,7.49206
2001-12-09,7.49370
2001-12-16,7.48922
2001-12-23,7.48825
2001-12-30,7.49086
2002-01-06,7.48825
2002-01-13,7.48757
2002-01-20,7.48702
2002-01-27,7.48702
2002-02-03,7.48538
2002-02-10,7.48538
2002-02-17,7.48495
2002-02-24,7.48495
2002-03-03,7.48807
2002-03-10,7.48884
2002-03-17,7.48807
2002-03-24,7.48807
2002-03-31,7.48560
2002-04-07,7.49005
2002-04-14,7.49005
2002-04-21,7.48560
2002-04-28,7.47646
2002-05-05,7.47646
2002-05-12,7.48560
2002-05-19,7.48578
2002-05-26,7.48564
2002-06-02,7.47561
2002-06-09,7.47931
2002-06-16,7.48032
2002-06-23,7.48032
2002-06-30,7.47931
2002-07-07,7.47931
2002-07-14,7.47626
2002-07-21,7.47931
2002-07-28,7.47626
2002-08-04,7.47455
2002-08-11,7.47455
2002-08-18,7.47814
2002-08-25,7.47585
2002-09-01,7.48070
2002-09-08,7.48114
2002-09-15,7.48469
2002-09-22,7.48652
2002-09-29,7.48652
2002-10-06,7.48945
2002-10-13,7.49108
2002-10-20,7.49641
2002-10-27,7.49641
2002-11-03,7.49714
2002-11-10,7.49641
2002-11-17,7.49641
2002-11-24,7.49641
2002-12-01,7.49518
2002-12-08,7.49382
2002-12-15,7.49450
2002-12-22,7.49166
2002-12-29,7.48838
2003-01-05,7.48838
2003-01-12,7.48790
2003-01-19,7.48616
2003-01-26,7.48448
2003-02-02,7.48506
2003-02-09,7.48855
2003-02-16,7.49208
2003-02-23,7.49208
2003-03-02,7.49261
2003-03-09,7.49261
2003-03-16,7.49261
2003-03-23,7.49208
2003-03-30,7.49208
2003-04-06,7.49377
2003-04-13,7.49172
2003-04-20,7.49172
2003-04-27,7.49120
2003-05-04,7.49230
2003-05-11,7.49230
2003-05-18,7.49064
2003-05-25,7.49064
2003-06-01,7.48985
2003-06-08,7.48985
2003-06-15,7.49096
2003-06-22,7.49096
2003-06-29,7.49096
2003-07-06,7.49181
2003-07-13,7.48651
2003-07-20,7.48651
2003-07-27,7.48090
2003-08-03,7.47776
2003-08-10,7.47767
2003-08-17,7.47767
2003-08-24,7.47957
2003-08-31,7.47957
2003-09-07,7.48381
2003-09-14,7.48381
2003-09-21,7.49325
2003-09-28,7.49617
2003-10-05,7.49325
2003-10-12,7.49087
2003-10-19,7.49087
2003-10-26,7.50154
2003-11-02,7.50714
2003-11-09,7.50714
2003-11-16,7.49167
2003-11-23,7.49919
2003-11-30,7.49919
2003-12-07,7.49470
2003-12-14,7.49443
2003-12-21,7.49167
2003-12-28,7.48781
2004-01-04,7.48890
2004-01-11,7.48890
2004-01-18,7.48890
2004-01-25,7.48890
2004-02-01,7.48953
2004-02-08,7.48953
2004-02-15,7.48953
2004-02-22,7.49227
2004-02-29,7.49298
2004-03-07,7.48953
2004-03-14,7.48953
2004-03-21,7.49790
2004-03-28,7.49852
2004-04-04,7.50696
2004-04-11,7.49852
2004-04-18,7.49790
2004-04-25,7.49790
2004-05-02,7.49438
2004-05-09,7.49438
2004-05-16,7.49271
2004-05-23,7.48468
2004-05-30,7.48468
2004-06-06,7.48329
2004-06-13,7.48219
2004-06-20,7.48403
2004-06-27,7.48403
2004-07-04,7.48219
2004-07-11,7.48201
2004-07-18,7.47746
2004-07-25,7.47908
2004-08-01,7.47908
2004-08-08,7.47908
2004-08-15,7.47908
2004-08-22,7.47908
2004-08-29,7.47908
2004-09-05,7.48276
2004-09-12,7.48276
2004-09-19,7.48325
2004-09-26,7.48276
2004-10-03,7.48276
2004-10-10,7.48663
2004-10-17,7.48663
2004-10-24,7.48663
2004-10-31,7.49186
2004-11-07,7.49186
2004-11-14,7.49452
2004-11-21,7.49452
2004-11-28,7.49452
2004-12-05,7.49452
2004-12-12,7.49423
2004-12-19,7.49305
2004-12-26,7.49305
2005-01-02,7.49063
2005-01-09,7.49044
2005-01-16,7.49044
2005-01-23,7.48790
2005-01-30,7.49044
2005-02-06,7.49110
2005-02-13,7.49110
2005-02-20,7.49110
2005-02-27,7.49878
2005-03-06,7.49878
2005-03-13,7.50008
2005-03-20,7.49878
2005-03-27,7.49526
2005-04-03,7.49372
2005-04-10,7.49372
2005-04-17,7.48856
2005-04-24,7.48856
2005-05-01,7.48755
2005-05-08,7.48755
2005-05-15,7.48856
2005-05-22,7.48275
2005-05-29,7.47964
2005-06-05,7.48275
2005-06-12,7.47964
2005-06-19,7.47964
2005-06-26,7.47945
2005-07-03,7.47945
2005-07-10,7.47945
2005-07-17,7.47945
2005-07-24,7.47930
2005-07-31,7.47594
2005-08-07,7.47594
2005-08-14,7.47976
2005-08-21,7.47733
2005-08-28,7.47733
2005-09-04,7.47976
2005-09-11,7.48356
2005-09-18,7.48489
2005-09-25,7.49354
2005-10-02,7.49727
2005-10-09,7.49759
2005-10-16,7.49759
2005-10-23,7.49807
2005-10-30,7.49807
2005-11-06,7.49807
2005-11-13,7.49759
2005-11-20,7.49807
2005-11-27,7.49670
2005-12-04,7.49670
2005-12-11,7.49499
2005-12-18,7.49499
2005-12-25,7.49499
2006-01-01,7.49526
2006-01-08,7.49499
2006-01-15,7.49294
2006-01-22,7.49294
2006-01-29,7.49294
2006-02-05,7.49187
2006-02-12,7.48709
2006-02-19,7.48709
2006-02-26,7.48887
2006-03-05,7.48887
2006-03-12,7.48375
2006-03-19,7.48375
2006-03-26,7.48887
2006-04-02,7.49188
2006-04-09,7.49416
2006-04-16,7.49507
2006-04-23,7.49769
2006-04-30,7.49769
2006-05-07,7.49769
2006-05-14,7.49475
2006-05-21,7.49416
2006-05-28,7.49048
2006-06-04,7.48836
2006-06-11,7.48707
2006-06-18,7.48175
2006-06-25,7.48175
2006-07-02,7.48103
2006-07-09,7.47614
2006-07-16,7.47541
2006-07-23,7.47510
2006-07-30,7.47510
2006-08-06,7.47541
2006-08-13,7.47488
2006-08-20,7.47488
2006-08-27,7.47488
2006-09-03,7.47720
2006-09-10,7.47845
2006-09-17,7.48196
2006-09-24,7.48218
2006-10-01,7.48226
2006-10-08,7.48735
2006-10-15,7.48864
2006-10-22,7.48864
2006-10-29,7.48864
2006-11-05,7.49136
2006-11-12,7.49136
2006-11-19,7.49136
2006-11-26,7.49040
2006-12-03,7.49136
2006-12-10,7.49136
2006-12-17,7.49222
2006-12-24,7.49513
2006-12-31,7.49222
2007-01-07,7.49222
2007-01-14,7.49222
2007-01-21,7.49222
2007-01-28,7.49346
2007-02-04,7.49561
2007-02-11,7.49832
2007-02-18,7.49832
2007-02-25,7.49346
2007-03-04,7.49832
2007-03-11,7.49832
2007-03-18,7.49832
2007-03-25,7.49671
2007-04-01,7.49671
2007-04-08,7.49736
2007-04-15,7.49736
2007-04-22,7.49671
2007-04-29,7.49369
2007-05-06,7.49369
2007-05-13,7.49326
2007-05-20,7.49190
2007-05-27,7.49129
2007-06-03,7.48989
2007-06-10,7.48989
2007-06-17,7.48989
2007-06-24,7.48118
2007-07-01,7.48041
2007-07-08,7.48041
2007-07-15,7.47900
2007-07-22,7.47815
2007-07-29,7.47900
2007-08-05,7.47935
2007-08-12,7.47935
2007-08-19,7.48109
2007-08-26,7.48109
2007-09-02,7.48279
2007-09-09,7.48394
2007-09-16,7.49278
2007-09-23,7.49278
2007-09-30,7.49278
2007-10-07,7.49278
2007-10-14,7.49278
2007-10-21,7.49593
2007-10-28,7.49695
2007-11-04,7.49695
2007-11-11,7.49695
2007-11-18,7.49702
2007-11-25,7.49707
2007-12-02,7.49707
2007-12-09,7.49707
2007-12-16,7.50137
2007-12-23,7.49707
2007-12-30,7.50137
2008-01-06,7.50188
2008-01-13,7.50296
2008-01-20,7.50188
2008-01-27,7.50188
2008-02-03,7.50169
2008-02-10,7.50169
2008-02-17,7.50169
2008-02-24,7.49358
2008-03-02,7.48998
2008-03-09,7.48757
2008-03-16,7.48757
2008-03-23,7.48728
2008-03-30,7.48728
2008-04-06,7.48728
2008-04-13,7.48757
2008-04-20,7.48774
2008-04-27,7.48876
2008-05-04,7.48876
2008-05-11,7.48876
2008-05-18,7.48881
2008-05-25,7.49452
2008-06-01,7.49502
2008-06-08,7.49452
2008-06-15,7.48881
2008-06-22,7.48615
2008-06-29,7.48881
2008-07-06,7.48615
2008-07-13,7.48415
2008-07-20,7.48415
2008-07-27,7.48247
2008-08-03,7.48247
2008-08-10,7.48709
2008-08-17,7.48292
2008-08-24,7.48709
2008-08-31,7.48709
2008-09-07,7.48544
2008-09-14,7.48842
2008-09-21,7.49042
2008-09-28,7.49683
2008-10-05,7.50540
2008-10-12,7.50540
2008-10-19,7.50540
2008-10-26,7.50641
2008-11-02,7.50660
2008-11-09,7.50641
2008-11-16,7.50408
2008-11-23,7.50020
2008-11-30,7.50408
2008-12-07,7.50647
2008-12-14,7.50408
2008-12-21,7.50342
2008-12-28,7.50408
2009-01-04,7.50544
2009-01-11,7.50647
2009-01-18,7.50544
2009-01-25,7.50342
2009-02-01,7.50342
2009-02-08,7.50544
2009-02-15,7.50403
2009-02-22,7.50403
2009-03-01,7.49911
2009-03-08,7.50403
2009-03-15,7.50573
2009-03-22,7.50573
2009-03-29,7.50403
2009-04-05,7.50220
2009-04-12,7.50143
2009-04-19,7.50143
2009-04-26,7.50065
2009-05-03,7.50065
2009-05-10,7.49385
2009-05-17,7.50034
2009-05-24,7.50034
2009-05-31,7.49960
2009-06-07,7.50034
2009-06-14,7.50034
2009-06-21,7.49960
2009-06-28,7.49960
2009-07-05,7.49191
2009-07-12,7.49035
2009-07-19,7.49035
2009-07-26,7.48975
2009-08-02,7.48907
2009-08-09,7.48868
2009-08-16,7.48868
2009-08-23,7.49021
2009-08-30,7.49021
2009-09-06,7.49021
2009-09-13,7.49381
2009-09-20,7.49409
2009-09-27,7.49807
2009-10-04,7.49807
2009-10-11,7.49807
2009-10-18,7.49830
2009-10-25,7.50328
2009-11-01,7.50328
2009-11-08,7.50328
2009-11-15,7.50328
2009-11-22,7.50328
2009-11-29,7.50328
2009-12-06,7.50714
2009-12-13,7.50714
2009-12-20,7.50161
2009-12-27,7.50138
2010-01-03,7.50138
2010-01-10,7.50050
2010-01-17,7.50138
2010-01-24,7.50138
2010-01-31,7.50138
2010-02-07,7.49586
2010-02-14,7.50175
2010-02-21,7.49538
2010-02-28,7.50770
2010-03-07,7.50352
2010-03-14,7.49538
2010-03-21,7.50352
2010-03-28,7.50718
2010-04-04,7.50718
2010-04-11,7.50718
2010-04-18,7.50471
2010-04-25,7.50471
2010-05-02,7.50718
2010-05-09,7.50718
2010-05-16,7.50618
2010-05-23,7.50471
2010-05-30,7.50162
2010-06-06,7.50162
2010-06-13,7.49761
2010-06-20,7.49374
2010-06-27,7.49374
2010-07-04,7.49112
2010-07-11,7.49100
2010-07-18,7.49112
2010-07-25,7.49283
2010-08-01,7.49315
2010-08-08,7.49315
2010-08-15,7.49283
2010-08-22,7.49315
2010-08-29,7.49831
2010-09-05,7.49831
2010-09-12,7.50179
2010-09-19,7.50179
2010-09-26,7.50456
2010-10-03,7.50456
2010-10-10,7.50456
2010-10-17,7.50896
2010-10-24,7.51237
2010-10-31,7.51237
2010-11-07,7.51237
2010-11-14,7.51327
2010-11-21,7.51414
2010-11-28,7.51414
2010-12-05,7.51151
2010-12-12,7.50973
2010-12-19,7.50973
2010-12-26,7.50864
2011-01-02,7.50864
2011-01-09,7.50356
2011-01-16,7.50864
2011-01-23,7.50864
2011-01-30,7.50864
2011-02-06,7.50627
2011-02-13,7.50627
2011-02-20,7.50346
2011-02-27,7.50322
2011-03-06,7.50167
2011-03-13,7.50167
2011-03-20,7.50199
2011-03-27,7.50300
2011-04-03,7.49947
2011-04-10,7.50300
2011-04-17,7.50171
2011-04-24,7.50106
2011-05-01,7.50106
2011-05-08,7.50524
2011-05-15,7.49688
2011-05-22,7.49688
2011-05-29,7.49688
2011-06-05,7.49771
2011-06-12,7.50180
2011-06-19,7.49771
2011-06-26,7.49718
2011-07-03,7.49771
2011-07-10,7.49771
2011-07-17,7.49718
2011-07-24,7.49642
2011-07-31,7.49626
2011-08-07,7.49608
2011-08-14,7.49608
2011-08-21,7.49608
2011-08-28,7.49592
2011-09-04,7.49519
2011-09-11,7.49592
2011-09-18,7.49620
2011-09-25,7.50543
2011-10-02,7.51036
2011-10-09,7.50108
2011-10-16,7.51275
2011-10-23,7.51275
2011-10-30,7.51275
2011-11-06,7.51275
2011-11-13,7.51529
2011-11-20,7.51273
2011-11-27,7.51273
2011-12-04,7.51273
2011-12-11,7.51355
2011-12-18,7.51273
2011-12-25,7.51355
2012-01-01,7.51273
2012-01-08,7.51107
2012-01-15,7.51107
2012-01-22,7.50989
2012-01-29,7.50989
2012-02-05,7.51107
2012-02-12,7.50683
2012-02-19,7.50683
2012-02-26,7.50382
2012-03-04,7.50683
2012-03-11,7.50956
2012-03-18,7.50933
2012-03-25,7.50933
2012-04-01,7.50933
2012-04-08,7.50956
2012-04-15,7.51501
2012-04-22,7.51501
2012-04-29,7.51501
2012-05-06,7.51501
2012-05-13,7.51501
2012-05-20,7.51501
2012-05-27,7.51043
2012-06-03,7.50286
2012-06-10,7.50157
2012-06-17,7.50157
2012-06-24,7.50157
2012-07-01,7.49826
2012-07-08,7.49818
2012-07-15,7.49766
2012-07-22,7.49696
2012-07-29,7.49696
2012-08-05,7.49696
2012-08-12,7.49590
2012-08-19,7.49766
2012-08-26,7.50007
2012-09-02,7.50110
2012-09-09,7.50280
2012-09-16,7.50326
2012-09-23,7.50326
2012-09-30,7.50477
2012-10-07,7.50498
2012-10-14,7.50923
2012-10-21,7.50923
2012-10-28,7.51578
2012-11-04,7.51568
2012-11-11,7.51578
2012-11-18,7.51568
2012-11-25,7.51568
2012-12-02,7.51568
2012-12-09,7.51674
2012-12-16,7.51568
2012-12-23,7.51542
2012-12-30,7.51337
2013-01-06,7.51337
2013-01-13,7.51337
2013-01-20,7.51337
2013-01-27,7.51300
2013-02-03,7.51337
2013-02-10,7.51193
2013-02-17,7.51787
2013-02-24,7.51787
2013-03-03,7.52192
2013-03-10,7.51338
2013-03-17,7.52192
2013-03-24,7.51338
2013-03-31,7.51338
2013-04-07,7.51281
2013-04-14,7.51338
2013-04-21,7.51281
2013-04-28,7.51092
2013-05-05,7.51092
2013-05-12,7.51092
2013-05-19,7.51092
2013-05-26,7.51092
2013-06-02,7.50676
2013-06-09,7.50133
2013-06-16,7.50133
2013-06-23,7.50097
2013-06-30,7.50096
2013-07-07,7.50011
2013-07-14,7.50011
2013-07-21,7.50011
2013-07-28,7.50011
2013-08-04,7.50011
2013-08-11,7.50027
2013-08-18,7.50147
2013-08-25,7.50328
2013-09-01,7.50595
2013-09-08,7.50830
2013-09-15,7.51362
2013-09-22,7.51798
2013-09-29,7.51798
2013-10-06,7.51798
2013-10-13,7.51895
2013-10-20,7.51798
2013-10-27,7.51798
2013-11-03,7.51719
2013-11-10,7.51719
2013-11-17,7.52365
2013-11-24,7.52365
2013-12-01,7.52365
2013-12-08,7.52365
2013-12-15,7.52077
2013-12-22,7.52342
2013-12-29,7.52077
2014-01-05,7.51967
2014-01-12,7.52077
2014-01-19,7.51967
2014-01-26,7.51879
2014-02-02,7.51220
2014-02-09,7.51196
2014-02-16,7.51196
2014-02-23,7.51196
2014-03-02,7.51196
2014-03-09,7.51623
2014-03-16,7.51795
2014-03-23,7.52157
2014-03-30,7.52237
2014-04-06,7.52237
2014-04-13,7.52533
2014-04-20,7.52305
2014-04-27,7.52305
2014-05-04,7.52305
2014-05-11,7.51803
2014-05-18,7.51803
2014-05-25,7.51770
2014-06-01,7.51770
2014-06-08,7.51743
2014-06-15,7.51743
2014-06-22,7.51456
2014-06-29,7.51168
2014-07-06,7.51051
2014-07-13,7.50445
2014-07-20,7.50445
2014-07-27,7.50445
2014-08-03,7.50544
2014-08-10,7.50544
2014-08-17,7.50694
2014-08-24,7.50879
2014-08-31,7.51287
2014-09-07,7.51369
2014-09-14,7.51519
2014-09-21,7.51369
2014-09-28,7.51945
2014-10-05,7.51945
2014-10-12,7.52072
2014-10-19,7.51960
2014-10-26,7.51960
2014-11-02,7.51960
2014-11-09,7.52155
2014-11-16,7.53090
2014-11-23,7.53090
2014-11-30,7.52774
2014-12-07,7.53170
2014-12-14,7.53255
2014-12-21,7.52855
2014-12-28,7.53255
2015-01-04,7.52855
2015-01-11,7.52852
2015-01-18,7.52453
2015-01-25,7.52183
2015-02-01,7.52173
2015-02-08,7.52173
2015-02-15,7.52173
2015-02-22,7.52183
2015-03-01,7.52183
2015-03-08,7.52005
2015-03-15,7.52546
2015-03-22,7.52749
2015-03-29,7.52749
2015-04-05,7.52749
2015-04-12,7.52749
2015-04-19,7.53344
2015-04-26,7.53344
2015-05-03,7.53344
2015-05-10,7.53098
2015-05-17,7.52984
2015-05-24,7.53098
2015-05-31,7.52984
2015-06-07,7.52658
2015-06-14,7.52177
2015-06-21,7.51454
2015-06-28,7.51356
2015-07-05,7.51356
2015-07-12,7.51233
2015-07-19,7.51233
2015-07-26,7.51233
2015-08-02,7.51130
2015-08-09,7.51102
2015-08-16,7.51102
2015-08-23,7.51102
2015-08-30,7.51102
2015-09-06,7.51102
2015-09-13,7.51885
2015-09-20,7.51972
2015-09-27,7.51972
2015-10-04,7.52256
2015-10-11,7.53122
2015-10-18,7.53122
2015-10-25,7.53180
2015-11-01,7.53302
2015-11-08,7.53302
2015-11-15,7.53302
2015-11-22,7.52964
2015-11-29,7.52964
2015-12-06,7.53302
2015-12-13,7.52964
2015-12-20,7.52741
2015-12-27,7.52741
2016-01-03,7.52648
2016-01-10,7.52648
2016-01-17,7.52485
2016-01-24,7.52485
2016-01-31,7.52485
2016-02-07,7.52485
2016-02-14,7.52868
2016-02-21,7.52868
2016-02-28,7.52868
2016-03-06,7.53139
2016-03-13,7.53139
2016-03-20,7.53331
2016-03-27,7.53331
2016-04-03,7.53474
2016-04-10,7.53474
2016-04-17,7.53474
2016-04-24,7.53516
2016-05-01,7.53474
2016-05-08,7.53770
2016-05-15,7.53469
2016-05-22,7.53308
2016-05-29,7.53308
2016-06-05,7.52908
2016-06-12,7.52590
2016-06-19,7.52590
2016-06-26,7.52476
2016-07-03,7.51956
2016-07-10,7.51567
2016-07-17,7.51398
2016-07-24,7.51364
2016-07-31,7.51364
2016-08-07,7.51359
2016-08-14,7.51359
2016-08-21,7.51398
2016-08-28,7.52028
2016-09-04,7.52098
2016-09-11,7.52522
2016-09-18,7.53222
2016-09-25,7.53223
2016-10-02,7.53357
2016-10-09,7.53357
2016-10-16,7.53497
2016-10-23,7.53497
2016-10-30,7.53504
2016-11-06,7.53598
2016-11-13,7.53504
2016-11-20,7.53504
2016-11-27,7.53888
2016-12-04,7.53888
2016-12-11,7.53462
2016-12-18,7.53458
2016-12-25,7.52915
2017-01-01,7.52915
2017-01-08,7.53443
2017-01-15,7.53443
2017-01-22,7.53443
2017-01-29,7.53443
2017-02-05,7.53443
2017-02-12,7.53476
2017-02-19,7.53476
2017-02-26,7.52923
2017-03-05,7.52655
2017-03-12,7.52923
2017-03-19,7.53287
2017-03-26,7.53027
2017-04-02,7.53027
2017-04-09,7.53027
2017-04-16,7.53027
2017-04-23,7.53287
2017-04-30,7.53287
2017-05-07,7.53324
2017-05-14,7.53393
2017-05-21,7.53393
2017-05-28,7.53393
2017-06-04,7.53393
2017-06-11,7.53393
2017-06-18,7.52782
2017-06-25,7.52053
2017-07-02,7.52053
2017-07-09,7.51806
2017-07-16,7.51806
2017-07-23,7.51788
2017-07-30,7.51703
2017-08-06,7.51744
2017-08-13,7.51697
2017-08-20,7.51697
2017-08-27,7.51744
2017-09-03,7.51744
2017-09-10,7.52099
2017-09-17,7.53500
2017-09-24,7.53509
2017-10-01,7.53528
2017-10-08,7.53723
2017-10-15,7.53723
2017-10-22,7.54023
2017-10-29,7.54023
2017-11-05,7.54153
2017-11-12,7.54399
2017-11-19,7.54496
2017-11-26,7.54496
2017-12-03,7.54496
2017-12-10,7.53831
2017-12-17,7.53738
2017-12-24,7.53738
2017-12-31,7.53738
2018-01-07,7.53738
2018-01-14,7.53777
2018-01-21,7.53777
2018-01-28,7.53777
2018-02-04,7.53857
2018-02-11,7.53857
2018-02-18,7.53857
2018-02-25,7.53471
2018-03-04,7.53251
2018-03-11,7.53471
2018-03-18,7.53471
2018-03-25,7.53149
2018-04-01,7.53127
2018-04-08,7.53127
2018-04-15,7.53127
2018-04-22,7.53127
2018-04-29,7.53127
2018-05-06,7.53127
2018-05-13,7.53502
2018-05-20,7.53502
2018-05-27,7.53178
2018-06-03,7.53178
2018-06-10,7.52687
2018-06-17,7.52687
2018-06-24,7.52687
2018-07-01,7.52687
2018-07-08,7.52369
2018-07-15,7.52323
2018-07-22,7.52520
2018-07-29,7.52908
2018-08-05,7.52323
2018-08-12,7.52323
2018-08-19,7.52323
2018-08-26,7.52566
2018-09-02,7.52891
2018-09-09,7.52721
2018-09-16,7.52566
2018-09-23,7.52721
2018-09-30,7.52891
2018-10-07,7.54138
2018-10-14,7.54138
2018-10-21,7.54572
2018-10-28,7.54699
2018-11-04,7.54699
2018-11-11,7.54699
2018-11-18,7.54622
2018-11-25,7.54622
2018-12-02,7.54622
2018-12-09,7.54622
2018-12-16,7.54469
2018-12-23,7.54469
2018-12-30,7.54259
2019-01-06,7.54259
2019-01-13,7.54259
2019-01-20,7.55154
2019-01-27,7.55178
2019-02-03,7.55178
2019-02-10,7.55154
2019-02-17,7.55154
2019-02-24,7.54791
2019-03-03,7.54791
2019-03-10,7.54225
2019-03-17,7.53953
2019-03-24,7.53953
2019-03-31,7.54225
2019-04-07,7.54451
2019-04-14,7.54451
2019-04-21,7.54403
2019-04-28,7.54403
2019-05-05,7.54403
2019-05-12,7.54451
2019-05-19,7.54403
2019-05-26,7.54180
2019-06-02,7.54003
2019-06-09,7.53961
2019-06-16,7.53381
2019-06-23,7.53100
2019-06-30,7.53099
2019-07-07,7.52944
2019-07-14,7.52944
2019-07-21,7.52773
2019-07-28,7.52722
2019-08-04,7.52722
2019-08-11,7.52944
2019-08-18,7.52981
2019-08-25,7.52988
2019-09-01,7.52988
2019-09-08,7.53111
2019-09-15,7.53143
2019-09-22,7.53143
2019-09-29,7.53311
2019-10-06,7.54097
2019-10-13,7.54298
2019-10-20,7.54346
2019-10-27,7.54447
2019-11-03,7.54554
2019-11-10,7.54554
2019-11-17,7.54638
2019-11-24,7.54638
2019-12-01,7.54876
2019-12-08,7.54876
2019-12-15,7.54893
2019-12-22,7.54959
2019-12-29,7.54959
2020-01-05,7.55080
2020-01-12,7.55080
2020-01-19,7.55080
2020-01-26,7.54837
2020-02-02,7.54633
2020-02-09,7.54633
2020-02-16,7.54633
2020-02-23,7.54633
2020-03-01,7.54633
2020-03-08,7.54633
2020-03-15,7.54751
2020-03-22,7.54751
2020-03-29,7.54583
2020-04-05,7.54700
2020-04-12,7.54498
2020-04-19,7.54498
2020-04-26,7.54498
2020-05-03,7.54498
2020-05-10,7.54620
2020-05-17,7.54620
2020-05-24,7.54163
2020-05-31,7.54087
2020-06-07,7.54620
2020-06-14,7.53815
2020-06-21,7.53815
2020-06-28,7.53630
2020-07-05,7.53630
2020-07-12,7.53457
2020-07-19,7.53457
2020-07-26,7.53450
2020-08-02,7.53457
2020-08-09,7.53457
2020-08-16,7.53492
2020-08-23,7.53609
2020-08-30,7.53812
2020-09-06,7.53812
2020-09-13,7.53931
2020-09-20,7.54182
2020-09-27,7.54316
2020-10-04,7.54627
2020-10-11,7.54956
2020-10-18,7.54956
2020-10-25,7.55212
2020-11-01,7.55212
2020-11-08,7.55374
2020-11-15,7.55755
2020-11-22,7.55755
2020-11-29,7.54628
2020-12-06,7.55755
2020-12-13,7.55755
2020-12-20,7.55755
2020-12-27,7.55308
2021-01-03,7.55245
2021-01-10,7.55245
2021-01-17,7.55308
2021-01-24,7.55308
2021-01-31,7.55245
2021-02-07,7.55245
2021-02-14,7.55633
2021-02-21,7.55633
2021-02-28,7.55633
2021-03-07,7.55689
2021-03-14,7.55477
2021-03-21,7.55689
2021-03-28,7.56432
2021-04-04,7.55477
2021-04-11,7.56126
2021-04-18,7.56398
2021-04-25,7.56126
2021-05-02,7.56369
2021-05-09,7.56126
2021-05-16,7.55242
2021-05-23,7.55242
2021-05-30,7.55242
2021-06-06,7.54887
2021-06-13,7.54806
2021-06-20,7.54806
2021-06-27,7.54806
2021-07-04,7.54806
2021-07-11,7.54806
2021-07-18,7.54806
2021-07-25,7.54438
2021-08-01,7.54438
2021-08-08,7.54438
2021-08-15,7.54460
2021-08-22,7.54950
2021-08-29,7.55276
2021-09-05,7.55813
2021-09-12,7.55977
2021-09-19,7.55977
2021-09-26,7.55977
2021-10-03,7.55977
2021-10-10,7.56325
2021-10-17,7.56402
2021-10-24,7.56857
2021-10-31,7.56402
2021-11-07,7.56796
2021-11-14,7.56796
2021-11-21,7.56702
2021-11-28,7.56702
2021-12-05,7.56796
2021-12-12,7.56796
2021-12-19,7.56796
2021-12-26,7.56834
2022-01-02,7.56834
2022-01-09,7.57031
2022-01-16,7.57037
2022-01-23,7.57037
2022-01-30,7.57037
2022-02-06,7.57252
2022-02-13,7.57252
2022-02-20,7.57252
2022-02-27,7.56789
2022-03-06,7.56459
2022-03-13,7.56443
2022-03-20,7.56197
2022-03-27,7.56116
2022-04-03,7.56116
2022-04-10,7.56197
2022-04-17,7.55967
2022-04-24,7.56318
2022-05-01,7.56318
2022-05-08,7.56318
2022-05-15,7.56318
2022-05-22,7.56108
2022-05-29,7.55997
2022-06-05,7.55997
2022-06-12,7.55997
2022-06-19,7.55982
2022-06-26,7.55997
2022-07-03,7.55997
2022-07-10,7.55982
2022-07-17,7.55662
2022-07-24,7.55643
2022-07-31,7.55581
2022-08-07,7.55402
2022-08-14,7.55384
2022-08-21,7.55384
2022-08-28,7.55384
2022-09-04,7.55384
2022-09-11,7.55402
2022-09-18,7.55941
2022-09-25,7.55941
2022-10-02,7.56661
2022-10-09,7.56661
2022-10-16,7.56717
2022-10-23,7.57308
2022-10-30,7.57675
2022-11-06,7.57715
2022-11-13,7.57784
2022-11-20,7.57715
2022-11-27,7.57695
2022-12-04,7.57695
2022-12-11,7.57674
2022-12-18,7.57600
2022-12-25,7.57134
2023-01-01,7.56702
2023-01-08,7.56902
2023-01-15,7.56776
2023-01-22,7.56702
2023-01-29,7.56702
2023-02-05,7.56739
2023-02-12,7.56776
2023-02-19,7.56860
2023-02-26,7.56860
2023-03-05,7.56860
2023-03-12,7.56860
2023-03-19,7.56860
2023-03-26,7.56891
2023-04-02,7.56891
2023-04-09,7.57081
2023-04-16,7.57223
2023-04-23,7.57223
2023-04-30,7.57239
2023-05-07,7.57207
2023-05-14,7.57207
2023-05-21,7.57223
2023-05-28,7.57207
2023-06-04,7.57139
2023-06-11,7.57738
2023-06-18,7.57438
2023-06-25,7.57438
2023-07-02,7.56951
2023-07-09,7.56660
2023-07-16,7.56660
2023-07-23,7.56166
2023-07-30,7.55879
2023-08-06,7.55879
2023-08-13,7.55744
2023-08-20,7.55744
2023-08-27,7.55847
2023-09-03,7.55711
2023-09-10,7.55983
2023-09-17,7.56100
2023-09-24,7.56145
2023-10-01,7.57415
2023-10-08,7.57569
2023-10-15,7.57415
2023-10-22,7.57888
