date,CH4
1983-05-08,1629.4885
1983-05-15,1637.32925
1983-05-22,1637.32925
1983-05-29,1629.4885
1983-06-05,1630.24525
1983-06-12,1630.24525
1983-06-19,1631.002
1983-06-26,1643.145
1983-07-03,1637.0735
1983-07-10,1634.039
1983-07-17,1634.039
1983-07-24,1634.039
1983-07-31,1621.8955
1983-08-07,1627.9672500000001
1983-08-14,1627.9672500000001
1983-08-21,1634.039
1983-08-28,1631.0017500000001
1983-09-04,1640.61425
1983-09-11,1640.61425
1983-09-18,1641.87975
1983-09-25,1656.8024999999998
1983-10-02,1667.93125
1983-10-09,1667.93125
1983-10-16,1664.8965
1983-10-23,1667.93125
1983-10-30,1667.93125
1983-11-06,1662.8745
1983-11-13,1658.3215
1983-11-20,1654.273125
1983-11-27,1654.273125
1983-12-04,1652.5036249999998
1983-12-11,1652.7557499999998
1983-12-18,1656.803
1983-12-25,1652.2515
1984-01-01,1650.7285
1984-01-08,1656.803
1984-01-15,1656.803
1984-01-22,1660.3465
1984-01-29,1668.0976666666666
1984-02-05,1660.3465
1984-02-12,1660.3465
1984-02-19,1660.3465
1984-02-26,1658.0685
1984-03-04,1655.2842500000002
1984-03-11,1654.778
1984-03-18,1654.778
1984-03-25,1655.2842500000002
1984-04-01,1650.351375
1984-04-08,1660.0906249999998
1984-04-15,1655.5372499999999
1984-04-22,1655.5372499999999
1984-04-29,1652.375875
1984-05-06,1648.2047499999999
1984-05-13,1649.2145
1984-05-20,1652.375875
1984-05-27,1649.2145
1984-06-03,1648.2047499999999
1984-06-10,1649.2145
1984-06-17,1694.7475
1984-06-24,1742.3
1984-07-01,1691.96325
1984-07-08,1641.6265
1984-07-15,1642.6390000000001
1984-07-22,1643.6515
1984-07-29,1642.6390000000001
1984-08-05,1641.6265
1984-08-12,1641.6265
1984-08-19,1642.6390000000001
1984-08-26,1644.91725
1984-09-02,1652.5052500000002
1984-09-09,1658.8275
1984-09-16,1658.8275
1984-09-23,1666.205
1984-09-30,1664.7649999999999
1984-10-07,1664.7649999999999
1984-10-14,1670.3
1984-10-21,1670.3
1984-10-28,1674.395
1984-11-04,1678.1925
1984-11-11,1681.99
1984-11-18,1681.99
1984-11-25,1674.395
1984-12-02,1681.99
1984-12-09,1671.6
1984-12-16,1668.0525
1984-12-23,1664.505
1984-12-30,1664.2600000000002
1985-01-06,1665.6425
1985-01-13,1666.78
1985-01-20,1661.4250000000002
1985-01-27,1660.3000000000002
1985-02-03,1660.8625000000002
1985-02-10,1661.2075
1985-02-17,1663.3400000000001
1985-02-24,1663.3400000000001
1985-03-03,1664.565
1985-03-10,1670.2258333333332
1985-03-17,1670.2258333333332
1985-03-24,1674.0258333333331
1985-03-31,1674.0258333333331
1985-04-07,1671.22
1985-04-14,1671.22
1985-04-21,1671.22
1985-04-28,1672.165
1985-05-05,1672.165
1985-05-12,1675.7
1985-05-19,1678.99
1985-05-26,1678.99
1985-06-02,1670.1999999999998
1985-06-09,1657.2675
1985-06-16,1657.2675
1985-06-23,1657.2675
1985-06-30,1656.415
1985-07-07,1656.415
1985-07-14,1655.335
1985-07-21,1652.2375
1985-07-28,1648.06
1985-08-04,1646.835
1985-08-11,1653.4
1985-08-18,1653.47
1985-08-25,1650.7649999999999
1985-09-01,1656.105
1985-09-08,1658.74
1985-09-15,1666.3400000000001
1985-09-22,1673.94
1985-09-29,1675.2325
1985-10-06,1676.525
1985-10-13,1676.525
1985-10-20,1687.5549999999998
1985-10-27,1673.94
1985-11-03,1684.85
1985-11-10,1673.8966666666665
1985-11-17,1673.8966666666665
1985-11-24,1673.8966666666665
1985-12-01,1682.365
1985-12-08,1679.88
1985-12-15,1679.88
1985-12-22,1679.7687500000002
1985-12-29,1679.6575
1986-01-05,1677.84875
1986-01-12,1676.04
1986-01-19,1676.04
1986-01-26,1674.5149999999999
1986-02-02,1671.3525
1986-02-09,1669.715
1986-02-16,1668.325
1986-02-23,1668.2024999999999
1986-03-02,1668.325
1986-03-09,1664.685
1986-03-16,1664.685
1986-03-23,1668.325
1986-03-30,1680.385
1986-04-06,1686.79
1986-04-13,1685.1025
1986-04-20,1683.415
1986-04-27,1681.9
1986-05-04,1681.4425
1986-05-11,1683.415
1986-05-18,1679.47
1986-05-25,1678.5875
1986-06-01,1677.9525
1986-06-08,1677.9525
1986-06-15,1677.81625
1986-06-22,1679.2487500000002
1986-06-29,1677.9525
1986-07-06,1677.68
1986-07-13,1676.3200000000002
1986-07-20,1676.3200000000002
1986-07-27,1667.0300000000002
1986-08-03,1671.6750000000002
1986-08-10,1667.785
1986-08-17,1668.54
1986-08-24,1668.54
1986-08-31,1664.6266666666668
1986-09-07,1668.54
1986-09-14,1674.6599999999999
1986-09-21,1668.54
1986-09-28,1672.7033333333334
1986-10-05,1677.9533333333334
1986-10-12,1683.3625
1986-10-19,1691.28
1986-10-26,1683.0600000000002
1986-11-02,1688.0950000000003
1986-11-09,1693.13
1986-11-16,1694.4375
1986-11-23,1697.145
1986-11-30,1698.545
1986-12-07,1698.075
1986-12-14,1698.075
1986-12-21,1698.075
1986-12-28,1696.9650000000001
1987-01-04,1693.165
1987-01-11,1687.3775
1987-01-18,1684.75
1987-01-25,1684.75
1987-02-01,1684.75
1987-02-08,1688.69
1987-02-15,1688.185
1987-02-22,1688.185
1987-03-01,1688.185
1987-03-08,1688.69
1987-03-15,1698.5549999999998
1987-03-22,1688.185
1987-03-29,1688.185
1987-04-05,1690.295
1987-04-12,1690.295
1987-04-19,1690.295
1987-04-26,1689.67
1987-05-03,1689.67
1987-05-10,1689.67
1987-05-17,1689.67
1987-05-24,1689.67
1987-05-31,1689.8
1987-06-07,1689.8
1987-06-14,1689.8
1987-06-21,1678.135
1987-06-28,1678.255
1987-07-05,1678.135
1987-07-12,1676.36
1987-07-19,1672.0549999999998
1987-07-26,1674.1999999999998
1987-08-02,1671.7575
1987-08-09,1671.7575
1987-08-16,1669.6125
1987-08-23,1671.7575
1987-08-30,1674.8375
1987-09-06,1677.635
1987-09-13,1679.52
1987-09-20,1679.6775
1987-09-27,1682.48
1987-10-04,1683.845
1987-10-11,1689.275
1987-10-18,1706.5
1987-10-25,1706.5
1987-11-01,1706.5
1987-11-08,1711.845
1987-11-15,1722.66
1987-11-22,1722.66
1987-11-29,1722.66
1987-12-06,1706.35
1987-12-13,1706.35
1987-12-20,1703.375
1987-12-27,1702.9250000000002
1988-01-03,1701.2325
1988-01-10,1701.2325
1988-01-17,1702.9250000000002
1988-01-24,1699.675
1988-01-31,1699.54
1988-02-07,1699.675
1988-02-14,1708.035
1988-02-21,1704.4975
1988-02-28,1703.13
1988-03-06,1700.96
1988-03-13,1705.3
1988-03-20,1708.035
1988-03-27,1708.035
1988-04-03,1706.6675
1988-04-10,1706.6675
1988-04-17,1705.3200000000002
1988-04-24,1705.3200000000002
1988-05-01,1702.605
1988-05-08,1701.8025
1988-05-15,1694.0
1988-05-22,1694.0
1988-05-29,1686.6174999999998
1988-06-05,1688.74
1988-06-12,1688.74
1988-06-19,1689.99
1988-06-26,1689.0925
1988-07-03,1689.0925
1988-07-10,1688.195
1988-07-17,1688.195
1988-07-24,1685.3166666666666
1988-07-31,1685.3166666666666
1988-08-07,1685.0583333333334
1988-08-14,1682.1266666666666
1988-08-21,1682.3849999999998
1988-08-28,1679.4533333333331
1988-09-04,1694.59
1988-09-11,1694.59
1988-09-18,1699.19
1988-09-25,1700.48
1988-10-02,1700.48
1988-10-09,1699.19
1988-10-16,1700.48
1988-10-23,1702.875
1988-10-30,1708.4425
1988-11-06,1708.4425
1988-11-13,1712.0875
1988-11-20,1720.195
1988-11-27,1721.9341666666667
1988-12-04,1721.9341666666667
1988-12-11,1723.6733333333334
1988-12-18,1715.115
1988-12-25,1718.345
1989-01-01,1718.345
1989-01-08,1716.73
1989-01-15,1713.9125
1989-01-22,1712.71
1989-01-29,1715.5275000000001
1989-02-05,1718.665
1989-02-12,1715.8474999999999
1989-02-19,1711.44
1989-02-26,1711.74
1989-03-05,1715.02
1989-03-12,1716.73
1989-03-19,1713.31
1989-03-26,1713.31
1989-04-02,1716.73
1989-04-09,1725.325
1989-04-16,1725.325
1989-04-23,1726.5366666666669
1989-04-30,1725.325
1989-05-07,1725.45
1989-05-14,1725.45
1989-05-21,1725.325
1989-05-28,1720.03
1989-06-04,1720.03
1989-06-11,1719.42
1989-06-18,1716.545
1989-06-25,1705.5600000000002
1989-07-02,1701.8200000000002
1989-07-09,1701.1716666666666
1989-07-16,1698.4366666666665
1989-07-23,1697.8674999999998
1989-07-30,1697.8674999999998
1989-08-06,1697.8674999999998
1989-08-13,1707.6825
1989-08-20,1716.325
1989-08-27,1716.67
1989-09-03,1719.245
1989-09-10,1719.5124999999998
1989-09-17,1719.78
1989-09-24,1723.2575
1989-10-01,1719.78
1989-10-08,1723.2575
1989-10-15,1723.2575
1989-10-22,1723.2575
1989-10-29,1723.9904166666665
1989-11-05,1723.9904166666665
1989-11-12,1725.8254166666666
1989-11-19,1727.3474999999999
1989-11-26,1728.13875
1989-12-03,1728.13875
1989-12-10,1726.2454166666666
1989-12-17,1728.13875
1989-12-24,1727.7675
1989-12-31,1725.41125
1990-01-07,1723.055
1990-01-14,1723.055
1990-01-21,1726.9800000000002
1990-01-28,1735.4525
1990-02-04,1726.9800000000002
1990-02-11,1731.2162500000002
1990-02-18,1726.9800000000002
1990-02-25,1731.2162500000002
1990-03-04,1735.4525
1990-03-11,1735.4525
1990-03-18,1737.025
1990-03-25,1737.025
1990-04-01,1729.88
1990-04-08,1734.73
1990-04-15,1732.435
1990-04-22,1727.585
1990-04-29,1722.735
1990-05-06,1720.725
1990-05-13,1720.1725
1990-05-20,1717.61
1990-05-27,1717.61
1990-06-03,1715.665
1990-06-10,1717.6525000000001
1990-06-17,1713.72
1990-06-24,1713.5675
1990-07-01,1713.415
1990-07-08,1710.7325
1990-07-15,1706.1374999999998
1990-07-22,1704.225
1990-07-29,1700.6125
1990-08-05,1700.6125
1990-08-12,1710.55
1990-08-19,1710.55
1990-08-26,1716.1174999999998
1990-09-02,1716.1174999999998
1990-09-09,1716.1174999999998
1990-09-16,1716.875
1990-09-23,1733.585
1990-09-30,1721.515
1990-10-07,1729.8575
1990-10-14,1729.8575
1990-10-21,1738.2
1990-10-28,1739.045
1990-11-04,1738.2
1990-11-11,1729.1525
1990-11-18,1738.2
1990-11-25,1746.83
1990-12-02,1748.3600000000001
1990-12-09,1748.3600000000001
1990-12-16,1737.99125
1990-12-23,1729.1525
1990-12-30,1728.335
1991-01-06,1726.445
1991-01-13,1726.445
1991-01-20,1724.505
1991-01-27,1726.445
1991-02-03,1727.43
1991-02-10,1727.8825000000002
1991-02-17,1733.505
1991-02-24,1743.915
1991-03-03,1743.915
1991-03-10,1753.4025000000001
1991-03-17,1751.94
1991-03-24,1758.555
1991-03-31,1760.9725
1991-04-07,1751.94
1991-04-14,1749.2875
1991-04-21,1749.2875
1991-04-28,1748.6825
1991-05-05,1752.645
1991-05-12,1752.585
1991-05-19,1752.04
1991-05-26,1752.04
1991-06-02,1744.185
1991-06-09,1750.515
1991-06-16,1736.065
1991-06-23,1732.59
1991-06-30,1732.59
1991-07-07,1729.005
1991-07-14,1731.2800000000002
1991-07-21,1733.6725000000001
1991-07-28,1729.89
1991-08-04,1727.0125
1991-08-11,1725.3275
1991-08-18,1725.13
1991-08-25,1725.13
1991-09-01,1725.13
1991-09-08,1731.005
1991-09-15,1739.295
1991-09-22,1743.745
1991-09-29,1746.7175
1991-10-06,1747.655
1991-10-13,1749.47
1991-10-20,1749.47
1991-10-27,1755.915
1991-11-03,1749.47
1991-11-10,1749.47
1991-11-17,1758.02
1991-11-24,1758.02
1991-12-01,1747.455
1991-12-08,1747.455
1991-12-15,1747.455
1991-12-22,1747.455
1991-12-29,1757.735
1992-01-05,1757.735
1992-01-12,1757.735
1992-01-19,1757.735
1992-01-26,1757.735
1992-02-02,1755.34
1992-02-09,1755.34
1992-02-16,1755.9850000000001
1992-02-23,1757.0875
1992-03-01,1761.23
1992-03-08,1762.5725
1992-03-15,1756.1591666666668
1992-03-22,1752.0300000000002
1992-03-29,1760.425
1992-04-05,1752.0300000000002
1992-04-12,1752.0300000000002
1992-04-19,1753.7125
1992-04-26,1753.7125
1992-05-03,1753.7125
1992-05-10,1753.5825
1992-05-17,1749.0549999999998
1992-05-24,1746.4850000000001
1992-05-31,1746.4850000000001
1992-06-07,1745.5625
1992-06-14,1744.785
1992-06-21,1746.34
1992-06-28,1744.785
1992-07-05,1739.345
1992-07-12,1739.345
1992-07-19,1734.625
1992-07-26,1729.52
1992-08-02,1727.735
1992-08-09,1724.7024999999999
1992-08-16,1723.73
1992-08-23,1723.73
1992-08-30,1723.73
1992-09-06,1725.55
1992-09-13,1726.7624999999998
1992-09-20,1730.8274999999999
1992-09-27,1730.8274999999999
1992-10-04,1735.9575
1992-10-11,1739.2225
1992-10-18,1736.0500000000002
1992-10-25,1742.395
1992-11-01,1746.6999999999998
1992-11-08,1756.52
1992-11-15,1753.9725
1992-11-22,1763.57
1992-11-29,1753.9725
1992-12-06,1753.9725
1992-12-13,1751.2250000000001
1992-12-20,1751.2250000000001
1992-12-27,1751.2250000000001
1993-01-03,1750.9225000000001
1993-01-10,1746.5475000000001
1993-01-17,1742.2525
1993-01-24,1742.275
1993-01-31,1742.23
1993-02-07,1740.84
1993-02-14,1740.84
1993-02-21,1742.23
1993-02-28,1743.81
1993-03-07,1743.81
1993-03-14,1740.44
1993-03-21,1745.975
1993-03-28,1751.0300000000002
1993-04-04,1751.0300000000002
1993-04-11,1750.0675
1993-04-18,1748.99
1993-04-25,1750.0675
1993-05-02,1752.04
1993-05-09,1753.53
1993-05-16,1753.53
1993-05-23,1749.585
1993-05-30,1748.395
1993-06-06,1747.165
1993-06-13,1747.165
1993-06-20,1745.86
1993-06-27,1742.2399999999998
1993-07-04,1742.2399999999998
1993-07-11,1731.14
1993-07-18,1727.315
1993-07-25,1726.995
1993-08-01,1726.995
1993-08-08,1727.315
1993-08-15,1727.99
1993-08-22,1731.14
1993-08-29,1732.9225000000001
1993-09-05,1733.5225
1993-09-12,1737.855
1993-09-19,1751.755
1993-09-26,1756.485
1993-10-03,1760.265
1993-10-10,1762.0749999999998
1993-10-17,1758.2624999999998
1993-10-24,1768.77
1993-10-31,1775.465
1993-11-07,1775.465
1993-11-14,1767.5500000000002
1993-11-21,1767.5500000000002
1993-11-28,1762.5300000000002
1993-12-05,1767.5500000000002
1993-12-12,1762.5300000000002
1993-12-19,1759.205
1993-12-26,1759.045
1994-01-02,1759.045
1994-01-09,1759.045
1994-01-16,1759.045
1994-01-23,1756.735
1994-01-30,1754.8000000000002
1994-02-06,1754.8000000000002
1994-02-13,1754.8000000000002
1994-02-20,1754.65
1994-02-27,1754.65
1994-03-06,1754.8000000000002
1994-03-13,1754.09
1994-03-20,1763.255
1994-03-27,1754.09
1994-04-03,1763.255
1994-04-10,1763.255
1994-04-17,1759.585
1994-04-24,1754.45
1994-05-01,1754.45
1994-05-08,1753.635
1994-05-15,1753.635
1994-05-22,1753.1
1994-05-29,1752.22
1994-06-05,1752.16
1994-06-12,1750.12
1994-06-19,1749.11
1994-06-26,1743.1325
1994-07-03,1740.41
1994-07-10,1738.43
1994-07-17,1738.13
1994-07-24,1733.76
1994-07-31,1733.76
1994-08-07,1733.76
1994-08-14,1733.76
1994-08-21,1734.92
1994-08-28,1735.73
1994-09-04,1741.9250000000002
1994-09-11,1753.0500000000002
1994-09-18,1755.55
1994-09-25,1766.73
1994-10-02,1767.1925
1994-10-09,1768.7825
1994-10-16,1769.2525
1994-10-23,1769.2525
1994-10-30,1769.2525
1994-11-06,1777.4275000000002
1994-11-13,1779.8225000000002
1994-11-20,1786.2600000000002
1994-11-27,1780.69
1994-12-04,1783.4750000000001
1994-12-11,1778.6775
1994-12-18,1783.74
1994-12-25,1778.6775
1995-01-01,1778.6775
1995-01-08,1769.095
1995-01-15,1761.525
1995-01-22,1766.9125000000001
1995-01-29,1756.0525
1995-02-05,1756.0525
1995-02-12,1758.6100000000001
1995-02-19,1765.35
1995-02-26,1765.35
1995-03-05,1764.06
1995-03-12,1764.06
1995-03-19,1766.64
1995-03-26,1764.11
1995-04-02,1764.06
1995-04-09,1764.11
1995-04-16,1764.11
1995-04-23,1764.11
1995-04-30,1759.975
1995-05-07,1759.975
1995-05-14,1759.975
1995-05-21,1762.185
1995-05-28,1759.975
1995-06-04,1762.185
1995-06-11,1762.185
1995-06-18,1762.185
1995-06-25,1748.84
1995-07-02,1748.84
1995-07-09,1748.255
1995-07-16,1746.79
1995-07-23,1746.79
1995-07-30,1746.79
1995-08-06,1753.565
1995-08-13,1754.3925
1995-08-20,1750.33
1995-08-27,1750.33
1995-09-03,1753.115
1995-09-10,1755.4625
1995-09-17,1755.4625
1995-09-24,1761.6750000000002
1995-10-01,1772.34
1995-10-08,1772.34
1995-10-15,1774.2925
1995-10-22,1776.215
1995-10-29,1776.215
1995-11-05,1776.185
1995-11-12,1769.4250000000002
1995-11-19,1765.8000000000002
1995-11-26,1769.4250000000002
1995-12-03,1769.4250000000002
1995-12-10,1767.6125000000002
1995-12-17,1769.4250000000002
1995-12-24,1769.8000000000002
1995-12-31,1767.9875000000002
1996-01-07,1770.1750000000002
1996-01-14,1759.265
1996-01-21,1766.2200000000003
1996-01-28,1759.265
1996-02-04,1759.265
1996-02-11,1759.265
1996-02-18,1773.1750000000002
1996-02-25,1766.2200000000003
1996-03-03,1774.515
1996-03-10,1767.6425
1996-03-17,1767.6425
1996-03-24,1761.48
1996-03-31,1760.8049999999998
1996-04-07,1760.085
1996-04-14,1760.445
1996-04-21,1760.445
1996-04-28,1761.1425
1996-05-05,1761.1425
1996-05-12,1760.445
1996-05-19,1757.5725
1996-05-26,1754.35
1996-06-02,1755.06
1996-06-09,1753.64
1996-06-16,1752.8175
1996-06-23,1752.7849999999999
1996-06-30,1753.3925
1996-07-07,1752.6025
1996-07-14,1753.3925
1996-07-21,1747.6925
1996-07-28,1753.21
1996-08-04,1745.78
1996-08-11,1738.28
1996-08-18,1738.28
1996-08-25,1747.3925
1996-09-01,1748.8999999999999
1996-09-08,1759.4499999999998
1996-09-15,1758.8725
1996-09-22,1765.96
1996-09-29,1769.6875
1996-10-06,1775.5149999999999
1996-10-13,1776.2775
1996-10-20,1770.4499999999998
1996-10-27,1766.905
1996-11-03,1773.995
1996-11-10,1773.995
1996-11-17,1776.0700000000002
1996-11-24,1776.0700000000002
1996-12-01,1776.685
1996-12-08,1777.3
1996-12-15,1777.3
1996-12-22,1777.3
1996-12-29,1774.125
1997-01-05,1774.125
1997-01-12,1762.15
1997-01-19,1764.275
1997-01-26,1766.4
1997-02-02,1772.965
1997-02-09,1772.965
1997-02-16,1772.965
1997-02-23,1766.4
1997-03-02,1772.965
1997-03-09,1774.995
1997-03-16,1777.42
1997-03-23,1778.09
1997-03-30,1780.485
1997-04-06,1780.485
1997-04-13,1780.485
1997-04-20,1782.665
1997-04-27,1784.875
1997-05-04,1783.77
1997-05-11,1780.2475
1997-05-18,1780.2475
1997-05-25,1782.665
1997-06-01,1782.665
1997-06-08,1776.948
1997-06-15,1765.2599999999998
1997-06-22,1765.2599999999998
1997-06-29,1765.2599999999998
1997-07-06,1764.862
1997-07-13,1762.59725
1997-07-20,1755.83
1997-07-27,1746.35625
1997-08-03,1746.35625
1997-08-10,1751.3275
1997-08-17,1760.235
1997-08-24,1760.235
1997-08-31,1761.53375
1997-09-07,1762.8325
1997-09-14,1770.2166666666665
1997-09-21,1770.2166666666665
1997-09-28,1770.2166666666665
1997-10-05,1777.2975
1997-10-12,1782.545
1997-10-19,1783.335
1997-10-26,1782.545
1997-11-02,1784.125
1997-11-09,1784.125
1997-11-16,1784.125
1997-11-23,1784.125
1997-11-30,1785.125
1997-12-07,1785.80125
1997-12-14,1785.80125
1997-12-21,1782.9175
1997-12-28,1779.7875
1998-01-04,1771.6925
1998-01-11,1771.6925
1998-01-18,1771.6925
1998-01-25,1768.935
1998-02-01,1763.67
1998-02-08,1763.67
1998-02-15,1763.67
1998-02-22,1761.6825
1998-03-01,1761.6825
1998-03-08,1761.6825
1998-03-15,1779.6775
1998-03-22,1780.29
1998-03-29,1780.29
1998-04-05,1779.6775
1998-04-12,1780.29
1998-04-19,1779.6775
1998-04-26,1779.3025
1998-05-03,1779.3025
1998-05-10,1779.3025
1998-05-17,1780.2075
1998-05-24,1780.635
1998-05-31,1779.6625
1998-06-07,1779.3525
1998-06-14,1779.3525
1998-06-21,1776.93625
1998-06-28,1775.6825
1998-07-05,1771.43875
1998-07-12,1767.5025
1998-07-19,1766.655
1998-07-26,1760.215
1998-08-02,1760.215
1998-08-09,1763.16
1998-08-16,1761.6875
1998-08-23,1761.6875
1998-08-30,1763.3225
1998-09-06,1764.8125
1998-09-13,1766.6725000000001
1998-09-20,1774.2125
1998-09-27,1782.3912500000001
1998-10-04,1783.5625
1998-10-11,1785.3525
1998-10-18,1787.44
1998-10-25,1787.44
1998-11-01,1791.9725
1998-11-08,1795.41
1998-11-15,1796.3512500000002
1998-11-22,1796.3512500000002
1998-11-29,1798.2037500000001
1998-12-06,1801.11125
1998-12-13,1801.11125
1998-12-20,1801.11125
1998-12-27,1798.065
1999-01-03,1793.0225
1999-01-10,1793.0225
1999-01-17,1793.0225
1999-01-24,1793.0225
1999-01-31,1793.0225
1999-02-07,1794.9125
1999-02-14,1796.8025
1999-02-21,1800.1025
1999-02-28,1796.8025
1999-03-07,1788.475
1999-03-14,1788.475
1999-03-21,1800.4775
1999-03-28,1800.0974999999999
1999-04-04,1800.0974999999999
1999-04-11,1794.09625
1999-04-18,1794.09625
1999-04-25,1794.0437499999998
1999-05-02,1780.8674999999998
1999-05-09,1772.15625
1999-05-16,1772.15625
1999-05-23,1770.9475
1999-05-30,1770.9475
1999-06-06,1770.9475
1999-06-13,1770.9475
1999-06-20,1770.9475
1999-06-27,1765.91
1999-07-04,1765.91
1999-07-11,1767.52625
1999-07-18,1767.52625
1999-07-25,1767.52625
1999-08-01,1764.5975
1999-08-08,1765.225
1999-08-15,1768.15375
1999-08-22,1775.8987499999998
1999-08-29,1776.4675
1999-09-05,1784.6325
1999-09-12,1788.8075
1999-09-19,1788.8075
1999-09-26,1796.95
1999-10-03,1788.8075
1999-10-10,1799.9275
1999-10-17,1799.9275
1999-10-24,1799.9275
1999-10-31,1790.54
1999-11-07,1796.9825
1999-11-14,1796.9825
1999-11-21,1796.9825
1999-11-28,1796.86
1999-12-05,1796.86
1999-12-12,1796.86
1999-12-19,1796.9825
1999-12-26,1798.6687499999998
2000-01-02,1798.6687499999998
2000-01-09,1806.525
2000-01-16,1806.525
2000-01-23,1806.525
2000-01-30,1798.565
2000-02-06,1794.8874999999998
2000-02-13,1794.8874999999998
2000-02-20,1789.28375
2000-02-27,1789.28375
2000-03-05,1790.705
2000-03-12,1790.705
2000-03-19,1793.1799999999998
2000-03-26,1796.88625
2000-04-02,1793.2375
2000-04-09,1793.2375
2000-04-16,1788.2875
2000-04-23,1788.205
2000-04-30,1784.915
2000-05-07,1774.41
2000-05-14,1773.7425
2000-05-21,1773.7425
2000-05-28,1766.4875
2000-06-04,1773.7425
2000-06-11,1773.0825
2000-06-18,1773.0825
2000-06-25,1773.0825
2000-07-02,1769.3575
2000-07-09,1766.27
2000-07-16,1767.435
2000-07-23,1767.435
2000-07-30,1766.27
2000-08-06,1765.3225
2000-08-13,1765.5774999999999
2000-08-20,1765.5774999999999
2000-08-27,1766.1599999999999
2000-09-03,1767.57625
2000-09-10,1764.885
2000-09-17,1770.2675
2000-09-24,1777.15
2000-10-01,1777.15
2000-10-08,1794.155
2000-10-15,1796.8908333333334
2000-10-22,1799.6266666666668
2000-10-29,1800.5708333333334
2000-11-05,1797.835
2000-11-12,1796.4925
2000-11-19,1796.4925
2000-11-26,1793.01125
2000-12-03,1791.47
2000-12-10,1789.6425
2000-12-17,1788.91125
2000-12-24,1788.49
2000-12-31,1788.49
2001-01-07,1790.0075
2001-01-14,1786.9725
2001-01-21,1786.8575
2001-01-28,1790.0075
2001-02-04,1791.005
2001-02-11,1792.8966666666668
2001-02-18,1795.05
2001-02-25,1795.05
2001-03-04,1803.7775
2001-03-11,1803.7775
2001-03-18,1795.05
2001-03-25,1799.41375
2001-04-01,1802.0225
2001-04-08,1791.4454166666665
2001-04-15,1791.4454166666665
2001-04-22,1786.0129166666666
2001-04-29,1786.0129166666666
2001-05-06,1787.03125
2001-05-13,1784.66
2001-05-20,1782.6233333333332
2001-05-27,1781.015
2001-06-03,1780.97
2001-06-10,1779.7475
2001-06-17,1779.7475
2001-06-24,1776.1075
2001-07-01,1776.1075
2001-07-08,1769.565
2001-07-15,1769.565
2001-07-22,1767.0925
2001-07-29,1767.0925
2001-08-05,1767.0925
2001-08-12,1763.07
2001-08-19,1762.435
2001-08-26,1761.8675
2001-09-02,1761.8675
2001-09-09,1762.435
2001-09-16,1763.07
2001-09-23,1777.94
2001-09-30,1782.955
2001-10-07,1786.33875
2001-10-14,1797.1329166666667
2001-10-21,1794.8604166666667
2001-10-28,1794.8604166666667
2001-11-04,1804.5433333333333
2001-11-11,1785.1775
2001-11-18,1801.8125
2001-11-25,1801.8125
2001-12-02,1785.715
2001-12-09,1791.585
2001-12-16,1785.715
2001-12-23,1786.315
2001-12-30,1789.25
2002-01-06,1786.315
2002-01-13,1785.715
2002-01-20,1784.7275
2002-01-27,1784.7275
2002-02-03,1781.8075
2002-02-10,1781.8075
2002-02-17,1781.035
2002-02-24,1781.035
2002-03-03,1786.6
2002-03-10,1787.9775
2002-03-17,1788.37375
2002-03-24,1788.37375
2002-03-31,1786.1675
2002-04-07,1790.8875
2002-04-14,1793.43125
2002-04-21,1790.1475
2002-04-28,1782.1875
2002-05-05,1782.1875
2002-05-12,1782.51
2002-05-19,1790.235
2002-05-26,1782.51
2002-06-02,1782.26
2002-06-09,1776.63875
2002-06-16,1777.53125
2002-06-23,1772.8025
2002-06-30,1771.0175
2002-07-07,1771.0175
2002-07-14,1765.6225
2002-07-21,1771.0175
2002-07-28,1765.6225
2002-08-04,1762.6025
2002-08-11,1762.6025
2002-08-18,1768.945
2002-08-25,1764.9099999999999
2002-09-01,1773.4812499999998
2002-09-08,1774.26375
2002-09-15,1780.56375
2002-09-22,1783.8425000000002
2002-09-29,1783.8425000000002
2002-10-06,1789.065
2002-10-13,1791.99
2002-10-20,1801.5575
2002-10-27,1801.5575
2002-11-03,1802.875
2002-11-10,1801.5575
2002-11-17,1801.5575
2002-11-24,1801.5575
2002-12-01,1799.355
2002-12-08,1796.9075
2002-12-15,1798.13125
2002-12-22,1793.0387500000002
2002-12-29,1787.15125
2003-01-05,1787.15125
2003-01-12,1786.295
2003-01-19,1783.18375
2003-01-26,1780.19
2003-02-02,1781.235
2003-02-09,1787.4575
2003-02-16,1793.785
2003-02-23,1793.785
2003-03-02,1794.73
2003-03-09,1794.73
2003-03-16,1794.73
2003-03-23,1793.785
2003-03-30,1793.4625
2003-04-06,1794.975
2003-04-13,1792.67375
2003-04-20,1792.67375
2003-04-27,1791.70625
2003-05-04,1792.68625
2003-05-11,1792.68625
2003-05-18,1791.205
2003-05-25,1791.205
2003-06-01,1789.815
2003-06-08,1789.815
2003-06-15,1790.8025
2003-06-22,1790.8025
2003-06-29,1790.8025
2003-07-06,1791.79
2003-07-13,1775.8966666666668
2003-07-20,1775.8966666666668
2003-07-27,1771.775
2003-08-03,1768.2725
2003-08-10,1768.1212500000001
2003-08-17,1768.1212500000001
2003-08-24,1771.4725
2003-08-31,1768.1212500000001
2003-09-07,1775.2350000000001
2003-09-14,1776.10375
2003-09-21,1787.435
2003-09-28,1795.8725
2003-10-05,1791.6075
2003-10-12,1789.345
2003-10-19,1790.4762500000002
2003-10-26,1801.21625
2003-11-02,1815.9099999999999
2003-11-09,1807.0225
2003-11-16,1793.05
2003-11-23,1806.57
2003-11-30,1806.57
2003-12-07,1798.485
2003-12-14,1798.0
2003-12-21,1793.05
2003-12-28,1786.135
2004-01-04,1788.0925
2004-01-11,1788.0925
2004-01-18,1788.0925
2004-01-25,1787.11375
2004-02-01,1788.655
2004-02-08,1788.655
2004-02-15,1788.655
2004-02-22,1789.2175
2004-02-29,1789.2175
2004-03-07,1785.5375
2004-03-14,1787.3775
2004-03-21,1794.8975
2004-03-28,1804.81
2004-04-04,1813.01375
2004-04-11,1805.3625
2004-04-18,1804.2575
2004-04-25,1804.2575
2004-05-02,1797.905
2004-05-09,1797.905
2004-05-16,1794.915
2004-05-23,1780.5575
2004-05-30,1780.5575
2004-06-06,1778.0725
2004-06-13,1776.1325
2004-06-20,1779.4025
2004-06-27,1779.4025
2004-07-04,1776.1325
2004-07-11,1775.8125
2004-07-18,1767.745
2004-07-25,1770.6075
2004-08-01,1770.6075
2004-08-08,1770.6075
2004-08-15,1770.6075
2004-08-22,1770.6075
2004-08-29,1770.6075
2004-09-05,1777.1425
2004-09-12,1777.1425
2004-09-19,1778.0125
2004-09-26,1777.1425
2004-10-03,1777.1425
2004-10-10,1784.035
2004-10-17,1784.035
2004-10-24,1784.035
2004-10-31,1793.3875
2004-11-07,1793.3875
2004-11-14,1795.77875
2004-11-21,1797.9025000000001
2004-11-28,1797.9025000000001
2004-12-05,1797.9025000000001
2004-12-12,1796.575
2004-12-19,1793.34375
2004-12-26,1793.34375
2005-01-02,1791.1725
2005-01-09,1790.8425
2005-01-16,1790.8425
2005-01-23,1786.3025
2005-01-30,1790.8425
2005-02-06,1792.02
2005-02-13,1789.16125
2005-02-20,1789.16125
2005-02-27,1798.9299999999998
2005-03-06,1793.6887499999998
2005-03-13,1807.0149999999999
2005-03-20,1802.6687499999998
2005-03-27,1792.58875
2005-04-03,1796.73
2005-04-10,1796.73
2005-04-17,1787.475
2005-04-24,1787.475
2005-05-01,1785.68
2005-05-08,1785.68
2005-05-15,1787.475
2005-05-22,1777.1125000000002
2005-05-29,1771.6075
2005-06-05,1774.3600000000001
2005-06-12,1771.3075
2005-06-19,1771.44
2005-06-26,1771.2725
2005-07-03,1771.2725
2005-07-10,1771.2725
2005-07-17,1771.2725
2005-07-24,1771.1399999999999
2005-07-31,1768.1675
2005-08-07,1769.24
2005-08-14,1771.8075
2005-08-21,1767.52
2005-08-28,1767.52
2005-09-04,1771.8075
2005-09-11,1778.57
2005-09-18,1780.93
2005-09-25,1796.4075
2005-10-02,1803.1175
2005-10-09,1803.6875
2005-10-16,1803.6875
2005-10-23,1804.5475
2005-10-30,1804.5475
2005-11-06,1804.5475
2005-11-13,1803.6875
2005-11-20,1804.5475
2005-11-27,1802.0775
2005-12-04,1802.0775
2005-12-11,1799.0125
2005-12-18,1799.0125
2005-12-25,1799.0125
2006-01-01,1799.4975
2006-01-08,1799.0125
2006-01-15,1795.3225
2006-01-22,1795.3225
2006-01-29,1795.3225
2006-02-05,1793.41
2006-02-12,1784.8575
2006-02-19,1784.8575
2006-02-26,1788.0375
2006-03-05,1788.0375
2006-03-12,1783.465
2006-03-19,1783.465
2006-03-26,1790.7325
2006-04-02,1796.28625
2006-04-09,1798.3287500000001
2006-04-16,1801.51
2006-04-23,1803.88
2006-04-30,1803.875
2006-05-07,1803.875
2006-05-14,1798.575
2006-05-21,1797.5125
2006-05-28,1790.91
2006-06-04,1787.1275
2006-06-11,1784.8175
2006-06-18,1775.3425
2006-06-25,1775.3425
2006-07-02,1774.06
2006-07-09,1765.4125
2006-07-16,1764.1275
2006-07-23,1763.5775
2006-07-30,1763.5775
2006-08-06,1764.1275
2006-08-13,1763.1925
2006-08-20,1763.1925
2006-08-27,1763.1925
2006-09-03,1767.2775
2006-09-10,1769.4975
2006-09-17,1772.8025
2006-09-24,1776.18
2006-10-01,1780.7875
2006-10-08,1789.69375
2006-10-15,1790.845
2006-10-22,1790.845
2006-10-29,1790.845
2006-11-05,1792.485
2006-11-12,1792.485
2006-11-19,1792.485
2006-11-26,1790.76
2006-12-03,1792.485
2006-12-10,1795.87
2006-12-17,1796.64
2006-12-24,1799.6000000000001
2006-12-31,1796.64
2007-01-07,1797.07625
2007-01-14,1797.07625
2007-01-21,1795.13625
2007-01-28,1796.2475
2007-02-04,1798.1875
2007-02-11,1796.2475
2007-02-18,1801.3287500000001
2007-02-25,1792.2475
2007-03-04,1796.2475
2007-03-11,1802.1025
2007-03-18,1802.1025
2007-03-25,1799.38875
2007-04-01,1802.1025
2007-04-08,1802.6912499999999
2007-04-15,1802.6912499999999
2007-04-22,1802.1025
2007-04-29,1796.675
2007-05-06,1796.675
2007-05-13,1795.8975
2007-05-20,1793.46
2007-05-27,1792.3625
2007-06-03,1789.8525
2007-06-10,1789.8525
2007-06-17,1789.8525
2007-06-24,1774.335
2007-07-01,1772.96
2007-07-08,1772.96
2007-07-15,1770.475
2007-07-22,1768.9725
2007-07-29,1770.475
2007-08-05,1771.0825
2007-08-12,1771.0825
2007-08-19,1774.1725
2007-08-26,1774.1725
2007-09-02,1777.2
2007-09-09,1779.24
2007-09-16,1795.0425
2007-09-23,1795.0425
2007-09-30,1795.0425
2007-10-07,1795.0425
2007-10-14,1795.0425
2007-10-21,1800.7075
2007-10-28,1802.5375
2007-11-04,1802.5375
2007-11-11,1802.5375
2007-11-18,1802.665
2007-11-25,1802.7475
2007-12-02,1802.7475
2007-12-09,1802.7475
2007-12-16,1810.52
2007-12-23,1802.7475
2007-12-30,1810.52
2008-01-06,1811.4425
2008-01-13,1813.395
2008-01-20,1811.4425
2008-01-27,1811.4425
2008-02-03,1811.1
2008-02-10,1811.1
2008-02-17,1811.1
2008-02-24,1796.4725
2008-03-02,1790.0225
2008-03-09,1785.705
2008-03-16,1785.705
2008-03-23,1785.445
2008-03-30,1785.445
2008-04-06,1785.445
2008-04-13,1785.85375
2008-04-20,1786.9225000000001
2008-04-27,1797.2737499999998
2008-05-04,1793.00625
2008-05-11,1787.8425
2008-05-18,1787.93
2008-05-25,1798.17
2008-06-01,1799.06
2008-06-08,1798.17
2008-06-15,1787.93
2008-06-22,1783.175
2008-06-29,1787.93
2008-07-06,1783.175
2008-07-13,1779.6125000000002
2008-07-20,1779.6125000000002
2008-07-27,1776.6275
2008-08-03,1776.6275
2008-08-10,1784.8475
2008-08-17,1777.43
2008-08-24,1784.8475
2008-08-31,1784.8475
2008-09-07,1781.9125
2008-09-14,1787.2275
2008-09-21,1790.81
2008-09-28,1802.3275
2008-10-05,1817.83
2008-10-12,1817.83
2008-10-19,1817.83
2008-10-26,1819.6625
2008-11-02,1820.0125
2008-11-09,1819.6625
2008-11-16,1815.4325
2008-11-23,1808.4075
2008-11-30,1815.4325
2008-12-07,1819.7775
2008-12-14,1815.4325
2008-12-21,1814.2375
2008-12-28,1815.4325
2009-01-04,1817.91
2009-01-11,1819.7775
2009-01-18,1817.91
2009-01-25,1814.2375
2009-02-01,1814.2375
2009-02-08,1812.17375
2009-02-15,1810.89375
2009-02-22,1806.4375
2009-03-01,1802.5225
2009-03-08,1802.5225
2009-03-15,1815.35
2009-03-22,1815.35
2009-03-29,1813.6875
2009-04-05,1803.4525
2009-04-12,1810.625
2009-04-19,1810.625
2009-04-26,1809.2125
2009-05-03,1809.2125
2009-05-10,1796.965
2009-05-17,1808.655
2009-05-24,1808.655
2009-05-31,1807.3225
2009-06-07,1808.655
2009-06-14,1807.98875
2009-06-21,1801.77
2009-06-28,1800.4025000000001
2009-07-05,1791.54
2009-07-12,1790.13375
2009-07-19,1790.13375
2009-07-26,1788.9962500000001
2009-08-02,1788.395
2009-08-09,1787.6975
2009-08-16,1787.6975
2009-08-23,1790.4275
2009-08-30,1790.4275
2009-09-06,1790.4275
2009-09-13,1796.89
2009-09-20,1797.38
2009-09-27,1804.5525
2009-10-04,1804.5525
2009-10-11,1804.5525
2009-10-18,1804.965
2009-10-25,1813.99
2009-11-01,1813.99
2009-11-08,1813.99
2009-11-15,1813.99
2009-11-22,1813.99
2009-11-29,1813.99
2009-12-06,1820.99
2009-12-13,1820.99
2009-12-20,1810.9575
2009-12-27,1810.545
2010-01-03,1810.545
2010-01-10,1809.7462500000001
2010-01-17,1810.8775
2010-01-24,1810.8775
2010-01-31,1810.8775
2010-02-07,1805.88875
2010-02-14,1811.21
2010-02-21,1814.4125
2010-02-28,1822.025
2010-03-07,1814.415
2010-03-14,1807.0625
2010-03-21,1818.22
2010-03-28,1821.545
2010-04-04,1821.995
2010-04-11,1821.53
2010-04-18,1818.82125
2010-04-25,1818.82125
2010-05-02,1821.065
2010-05-09,1821.065
2010-05-16,1819.25
2010-05-23,1816.5775
2010-05-30,1810.965
2010-06-06,1810.965
2010-06-13,1803.7275
2010-06-20,1796.7575
2010-06-27,1796.7575
2010-07-04,1792.06
2010-07-11,1791.835
2010-07-18,1792.06
2010-07-25,1795.12
2010-08-01,1795.6975
2010-08-08,1795.6975
2010-08-15,1795.12
2010-08-22,1795.6975
2010-08-29,1804.9825
2010-09-05,1804.9825
2010-09-12,1811.2775
2010-09-19,1811.2775
2010-09-26,1816.2975
2010-10-03,1816.2975
2010-10-10,1816.2975
2010-10-17,1824.3225
2010-10-24,1830.545
2010-10-31,1830.545
2010-11-07,1830.545
2010-11-14,1832.1875
2010-11-21,1833.79
2010-11-28,1833.79
2010-12-05,1828.98
2010-12-12,1825.72
2010-12-19,1825.72
2010-12-26,1823.73
2011-01-02,1823.73
2011-01-09,1814.4925
2011-01-16,1823.73
2011-01-23,1823.73
2011-01-30,1823.73
2011-02-06,1819.4225
2011-02-13,1819.4225
2011-02-20,1814.3125
2011-02-27,1813.8775
2011-03-06,1811.0575
2011-03-13,1811.0575
2011-03-20,1811.64875
2011-03-27,1813.4850000000001
2011-04-03,1807.0812500000002
2011-04-10,1813.4850000000001
2011-04-17,1811.14625
2011-04-24,1817.55
2011-05-01,1817.55
2011-05-08,1821.3225
2011-05-15,1825.095
2011-05-22,1825.095
2011-05-29,1803.9025
2011-06-05,1811.2925
2011-06-12,1814.51
2011-06-19,1807.5974999999999
2011-06-26,1803.42625
2011-07-03,1803.9025
2011-07-10,1803.9025
2011-07-17,1802.95
2011-07-24,1801.5725
2011-07-31,1801.2933333333333
2011-08-07,1800.9725
2011-08-14,1800.9725
2011-08-21,1800.9725
2011-08-28,1800.6875
2011-09-04,1799.375
2011-09-11,1800.6875
2011-09-18,1809.29
2011-09-25,1822.3775
2011-10-02,1829.05125
2011-10-09,1820.6212500000001
2011-10-16,1833.5725
2011-10-23,1833.5725
2011-10-30,1833.5725
2011-11-06,1831.24
2011-11-13,1835.905
2011-11-20,1831.1975
2011-11-27,1831.1975
2011-12-04,1831.1975
2011-12-11,1832.7
2011-12-18,1831.1975
2011-12-25,1832.7
2012-01-01,1831.1975
2012-01-08,1828.1625
2012-01-15,1828.1625
2012-01-22,1826.0125
2012-01-29,1826.0125
2012-02-05,1828.1625
2012-02-12,1820.4325
2012-02-19,1820.4325
2012-02-26,1814.9625
2012-03-04,1820.4325
2012-03-11,1825.4025
2012-03-18,1824.985
2012-03-25,1824.985
2012-04-01,1825.19375
2012-04-08,1831.86875
2012-04-15,1836.865
2012-04-22,1836.865
2012-04-29,1836.865
2012-05-06,1838.335
2012-05-13,1838.335
2012-05-20,1836.865
2012-05-27,1831.2
2012-06-03,1820.11375
2012-06-10,1812.04875
2012-06-17,1812.04875
2012-06-24,1810.875
2012-07-01,1804.9
2012-07-08,1804.75
2012-07-15,1803.8225
2012-07-22,1802.55
2012-07-29,1802.55
2012-08-05,1802.55
2012-08-12,1800.6525
2012-08-19,1803.8225
2012-08-26,1808.165
2012-09-02,1810.0266666666664
2012-09-09,1811.5683333333332
2012-09-16,1813.3533333333332
2012-09-23,1815.2062500000002
2012-09-30,1816.87875
2012-10-07,1820.9450000000002
2012-10-14,1830.80375
2012-10-21,1830.80375
2012-10-28,1836.795
2012-11-04,1836.6075
2012-11-11,1836.795
2012-11-18,1839.64875
2012-11-25,1839.64875
2012-12-02,1841.84875
2012-12-09,1842.82375
2012-12-16,1837.5825
2012-12-23,1837.34625
2012-12-30,1834.2537499999999
2013-01-06,1832.3725
2013-01-13,1832.3725
2013-01-20,1832.3725
2013-01-27,1831.7
2013-02-03,1832.3725
2013-02-10,1829.735
2013-02-17,1835.1887499999998
2013-02-24,1835.1887499999998
2013-03-03,1838.92
2013-03-10,1831.0625
2013-03-17,1840.2475
2013-03-24,1831.86875
2013-03-31,1831.86875
2013-04-07,1831.3475
2013-04-14,1832.39
2013-04-21,1831.3475
2013-04-28,1827.9
2013-05-05,1827.9
2013-05-12,1827.9
2013-05-19,1827.9
2013-05-26,1827.9
2013-06-02,1820.305
2013-06-09,1810.4575
2013-06-16,1810.4575
2013-06-23,1809.7925
2013-06-30,1809.7825
2013-07-07,1808.2475
2013-07-14,1808.2475
2013-07-21,1808.2475
2013-07-28,1808.2475
2013-08-04,1808.2475
2013-08-11,1808.5225
2013-08-18,1810.71
2013-08-25,1813.9825
2013-09-01,1818.84
2013-09-08,1823.1175
2013-09-15,1832.83
2013-09-22,1840.8475
2013-09-29,1840.8475
2013-10-06,1840.8475
2013-10-13,1842.6325
2013-10-20,1840.8475
2013-10-27,1840.8475
2013-11-03,1840.1225
2013-11-10,1846.065
2013-11-17,1852.0187500000002
2013-11-24,1852.0187500000002
2013-12-01,1853.45
2013-12-08,1853.45
2013-12-15,1848.64625
2013-12-22,1850.8925
2013-12-29,1845.9875
2014-01-05,1843.965
2014-01-12,1845.9875
2014-01-19,1843.965
2014-01-26,1842.33
2014-02-02,1836.28
2014-02-09,1830.0162500000001
2014-02-16,1833.71
2014-02-23,1833.71
2014-03-02,1833.71
2014-03-09,1839.2062500000002
2014-03-16,1844.13125
2014-03-23,1847.4675
2014-03-30,1848.9425
2014-04-06,1848.9425
2014-04-13,1854.4225
2014-04-20,1850.2075
2014-04-27,1850.2075
2014-05-04,1850.2075
2014-05-11,1840.935
2014-05-18,1840.935
2014-05-25,1840.325
2014-06-01,1840.325
2014-06-08,1839.825
2014-06-15,1839.825
2014-06-22,1834.5675
2014-06-29,1829.28
2014-07-06,1827.15
2014-07-13,1816.1025
2014-07-20,1816.1025
2014-07-27,1816.1025
2014-08-03,1817.91
2014-08-10,1817.91
2014-08-17,1820.625
2014-08-24,1824.01
2014-08-31,1831.46
2014-09-07,1832.9725
2014-09-14,1835.7075
2014-09-21,1832.9725
2014-09-28,1843.5525
2014-10-05,1843.5525
2014-10-12,1844.72125
2014-10-19,1843.6950000000002
2014-10-26,1843.6950000000002
2014-11-02,1843.6950000000002
2014-11-09,1845.6375
2014-11-16,1856.1075
2014-11-23,1858.915
2014-11-30,1858.915
2014-12-07,1866.28375
2014-12-14,1867.86375
2014-12-21,1860.4212499999999
2014-12-28,1867.86375
2015-01-04,1860.4212499999999
2015-01-11,1860.3674999999998
2015-01-18,1852.945
2015-01-25,1847.9525
2015-02-01,1847.765
2015-02-08,1847.765
2015-02-15,1847.765
2015-02-22,1847.85875
2015-03-01,1846.3075
2015-03-08,1843.6174999999998
2015-03-15,1849.6687499999998
2015-03-22,1856.55625
2015-03-29,1856.55625
2015-04-05,1857.83875
2015-04-12,1858.4375
2015-04-19,1869.5325
2015-04-26,1869.5325
2015-05-03,1869.5325
2015-05-10,1864.925
2015-05-17,1862.805
2015-05-24,1864.925
2015-05-31,1862.805
2015-06-07,1856.7525
2015-06-14,1847.835
2015-06-21,1834.5175
2015-06-28,1832.73
2015-07-05,1832.73
2015-07-12,1830.465
2015-07-19,1830.465
2015-07-26,1830.465
2015-08-02,1828.5925
2015-08-09,1828.08
2015-08-16,1828.08
2015-08-23,1828.08
2015-08-30,1828.08
2015-09-06,1828.08
2015-09-13,1842.455
2015-09-20,1844.0475
2015-09-27,1846.67
2015-10-04,1857.3375
2015-10-11,1865.92
2015-10-18,1865.92
2015-10-25,1867.6
2015-11-01,1869.915
2015-11-08,1869.915
2015-11-15,1868.7425
2015-11-22,1862.4275
2015-11-29,1862.4275
2015-12-06,1868.7425
2015-12-13,1862.4275
2015-12-20,1858.2875
2015-12-27,1858.2875
2016-01-03,1856.5525
2016-01-10,1856.5525
2016-01-17,1853.53
2016-01-24,1851.9425
2016-01-31,1851.9425
2016-02-07,1851.9425
2016-02-14,1857.09125
2016-02-21,1857.09125
2016-02-28,1857.09125
2016-03-06,1863.1712499999999
2016-03-13,1865.69
2016-03-20,1869.275
2016-03-27,1869.275
2016-04-03,1871.955
2016-04-10,1871.955
2016-04-17,1871.955
2016-04-24,1872.7375
2016-05-01,1871.955
2016-05-08,1877.505
2016-05-15,1871.86
2016-05-22,1868.845
2016-05-29,1868.845
2016-06-05,1861.3875
2016-06-12,1855.4775
2016-06-19,1855.4775
2016-06-26,1853.36
2016-07-03,1843.7575
2016-07-10,1836.605
2016-07-17,1833.495
2016-07-24,1832.875
2016-07-31,1832.875
2016-08-07,1832.7725
2016-08-14,1832.7725
2016-08-21,1832.4625
2016-08-28,1838.26
2016-09-04,1845.7325
2016-09-11,1850.3025
2016-09-18,1860.74
2016-09-25,1867.2575000000002
2016-10-02,1868.515
2016-10-09,1869.765
2016-10-16,1872.3925
2016-10-23,1872.3925
2016-10-30,1872.515
2016-11-06,1874.28
2016-11-13,1872.515
2016-11-20,1876.11875
2016-11-27,1881.9675000000002
2016-12-04,1881.9675000000002
2016-12-11,1875.7275
2016-12-18,1871.69125
2016-12-25,1866.585
2017-01-01,1866.4524999999999
2017-01-08,1866.4524999999999
2017-01-15,1866.4524999999999
2017-01-22,1866.4524999999999
2017-01-29,1864.04
2017-02-05,1864.04
2017-02-12,1871.68625
2017-02-19,1864.34125
2017-02-26,1861.6675
2017-03-05,1856.695
2017-03-12,1861.6675
2017-03-19,1868.455
2017-03-26,1863.6
2017-04-02,1863.6
2017-04-09,1863.6
2017-04-16,1863.6
2017-04-23,1868.455
2017-04-30,1868.455
2017-05-07,1869.1525
2017-05-14,1870.45
2017-05-21,1870.45
2017-05-28,1870.45
2017-06-04,1870.45
2017-06-11,1870.45
2017-06-18,1859.05
2017-06-25,1845.5375
2017-07-02,1845.5375
2017-07-09,1840.9975
2017-07-16,1840.9975
2017-07-23,1840.6625
2017-07-30,1839.105
2017-08-06,1839.855
2017-08-13,1838.98
2017-08-20,1838.98
2017-08-27,1839.855
2017-09-03,1839.855
2017-09-10,1846.4025
2017-09-17,1872.445
2017-09-24,1872.615
2017-10-01,1872.9725
2017-10-08,1876.63
2017-10-15,1876.63
2017-10-22,1882.265
2017-10-29,1882.265
2017-11-05,1884.71
2017-11-12,1889.355
2017-11-19,1891.19
2017-11-26,1891.19
2017-12-03,1891.19
2017-12-10,1878.6475
2017-12-17,1876.9025
2017-12-24,1876.9025
2017-12-31,1876.9025
2018-01-07,1876.9025
2018-01-14,1877.6325
2018-01-21,1877.6325
2018-01-28,1877.6325
2018-02-04,1879.135
2018-02-11,1879.135
2018-02-18,1879.135
2018-02-25,1871.9025
2018-03-04,1867.78
2018-03-11,1871.9025
2018-03-18,1871.9025
2018-03-25,1865.875
2018-04-01,1865.52
2018-04-08,1865.52
2018-04-15,1865.6975
2018-04-22,1869.7024999999999
2018-04-29,1869.7024999999999
2018-05-06,1873.885
2018-05-13,1873.885
2018-05-20,1873.885
2018-05-27,1873.1825
2018-06-03,1872.48
2018-06-10,1860.38
2018-06-17,1860.38
2018-06-24,1857.2825
2018-07-01,1857.2825
2018-07-08,1851.385
2018-07-15,1850.5325
2018-07-22,1854.185
2018-07-29,1861.39
2018-08-05,1850.5325
2018-08-12,1850.5325
2018-08-19,1850.5325
2018-08-26,1855.045
2018-09-02,1861.075
2018-09-09,1857.92
2018-09-16,1856.4825
2018-09-23,1859.4975
2018-09-30,1872.7525
2018-10-07,1889.7337499999999
2018-10-14,1889.7337499999999
2018-10-21,1893.8325
2018-10-28,1895.2962499999999
2018-11-04,1895.0375
2018-11-11,1895.0375
2018-11-18,1893.58
2018-11-25,1893.58
2018-12-02,1893.58
2018-12-09,1893.58
2018-12-16,1890.67
2018-12-23,1890.67
2018-12-30,1886.715
2019-01-06,1886.715
2019-01-13,1886.715
2019-01-20,1903.665
2019-01-27,1904.13
2019-02-03,1904.13
2019-02-10,1903.8975
2019-02-17,1903.8975
2019-02-24,1900.22
2019-03-03,1898.44875
2019-03-10,1891.4175
2019-03-17,1883.5025
2019-03-24,1883.5025
2019-03-31,1886.06
2019-04-07,1890.34
2019-04-14,1890.34
2019-04-21,1889.43
2019-04-28,1889.43
2019-05-05,1889.43
2019-05-12,1890.34
2019-05-19,1889.43
2019-05-26,1885.225
2019-06-02,1881.8875
2019-06-09,1881.09
2019-06-16,1870.2175
2019-06-23,1864.965
2019-06-30,1864.9525
2019-07-07,1862.065
2019-07-14,1862.065
2019-07-21,1858.87625
2019-07-28,1857.94
2019-08-04,1857.94
2019-08-11,1862.065
2019-08-18,1862.7475
2019-08-25,1862.875
2019-09-01,1862.875
2019-09-08,1865.1775
2019-09-15,1865.7775
2019-09-22,1867.34375
2019-09-29,1876.28625
2019-10-06,1885.5575
2019-10-13,1887.89875
2019-10-20,1889.29875
2019-10-27,1891.2725
2019-11-03,1893.085
2019-11-10,1892.2925
2019-11-17,1893.8775
2019-11-24,1893.8775
2019-12-01,1898.38
2019-12-08,1898.38
2019-12-15,1898.7075
2019-12-22,1899.96
2019-12-29,1899.96
2020-01-05,1902.27
2020-01-12,1902.27
2020-01-19,1902.27
2020-01-26,1899.96
2020-02-02,1895.71875
2020-02-09,1895.71875
2020-02-16,1895.71875
2020-02-23,1894.9025
2020-03-01,1894.9025
2020-03-08,1893.7875
2020-03-15,1894.9025
2020-03-22,1894.4212499999999
2020-03-29,1892.025
2020-04-05,1893.1399999999999
2020-04-12,1890.9625
2020-04-19,1890.9625
2020-04-26,1891.225
2020-05-03,1891.225
2020-05-10,1893.535
2020-05-17,1893.855
2020-05-24,1889.22
2020-05-31,1888.505
2020-06-07,1893.855
2020-06-14,1885.9425
2020-06-21,1879.06875
2020-06-28,1876.61375
2020-07-05,1874.8775
2020-07-12,1871.64
2020-07-19,1871.64
2020-07-26,1871.505
2020-08-02,1871.64
2020-08-09,1871.64
2020-08-16,1872.29
2020-08-23,1874.48
2020-08-30,1878.2975
2020-09-06,1878.2975
2020-09-13,1880.54
2020-09-20,1885.26
2020-09-27,1887.785
2020-10-04,1893.6725
2020-10-11,1899.905
2020-10-18,1899.905
2020-10-25,1904.7825
2020-11-01,1904.7825
2020-11-08,1907.865
2020-11-15,1915.1525
2020-11-22,1915.1525
2020-11-29,1893.6875
2020-12-06,1915.1525
2020-12-13,1915.1525
2020-12-20,1915.1525
2020-12-27,1906.615
2021-01-03,1905.41
2021-01-10,1905.41
2021-01-17,1906.615
2021-01-24,1906.615
2021-01-31,1905.41
2021-02-07,1905.41
2021-02-14,1909.1125000000002
2021-02-21,1908.36625
2021-02-28,1911.325
2021-03-07,1909.835
2021-03-14,1905.09
2021-03-21,1909.835
2021-03-28,1909.835
2021-04-04,1907.4625
2021-04-11,1916.055
2021-04-18,1922.275
2021-04-25,1913.8125
2021-05-02,1924.6075
2021-05-09,1913.8125
2021-05-16,1900.30125
2021-05-23,1900.30125
2021-05-30,1900.30125
2021-06-06,1898.59
2021-06-13,1897.0625
2021-06-20,1897.0625
2021-06-27,1897.0625
2021-07-04,1897.0625
2021-07-11,1897.0625
2021-07-18,1897.0625
2021-07-25,1890.0875
2021-08-01,1890.0875
2021-08-08,1890.0875
2021-08-15,1890.29625
2021-08-22,1895.1475
2021-08-29,1902.89375
2021-09-05,1908.02625
2021-09-12,1917.83
2021-09-19,1917.83
2021-09-26,1917.83
2021-10-03,1919.3975
2021-10-10,1926.095
2021-10-17,1927.58
2021-10-24,1936.3625
2021-10-31,1927.58
2021-11-07,1935.1825
2021-11-14,1935.1825
2021-11-21,1933.3625
2021-11-28,1933.3625
2021-12-05,1935.1825
2021-12-12,1935.1825
2021-12-19,1935.1825
2021-12-26,1935.9175
2022-01-02,1935.9175
2022-01-09,1939.735
2022-01-16,1939.8525
2022-01-23,1939.8525
2022-01-30,1939.8525
2022-02-06,1944.025
2022-02-13,1944.025
2022-02-20,1944.025
2022-02-27,1935.0625
2022-03-06,1928.685
2022-03-13,1928.37
2022-03-20,1923.625
2022-03-27,1922.0700000000002
2022-04-03,1922.0700000000002
2022-04-10,1923.625
2022-04-17,1919.21
2022-04-24,1925.9516666666664
2022-05-01,1925.9516666666664
2022-05-08,1925.9516666666664
2022-05-15,1925.9516666666664
2022-05-22,1921.935
2022-05-29,1919.78625
2022-06-05,1919.78625
2022-06-12,1919.78625
2022-06-19,1919.493333333333
2022-06-26,1919.78625
2022-07-03,1919.78625
2022-07-10,1919.493333333333
2022-07-17,1913.3733333333328
2022-07-24,1913.0025
2022-07-31,1911.8175
2022-08-07,1908.395
2022-08-14,1908.0633333333333
2022-08-21,1908.0633333333333
2022-08-28,1908.0633333333333
2022-09-04,1908.0633333333333
2022-09-11,1908.4016666666664
2022-09-18,1918.72
2022-09-25,1918.72
2022-10-02,1932.5716666666667
2022-10-09,1925.6458333333335
2022-10-16,1932.5716666666667
2022-10-23,1938.8474999999999
